Date,BHARTIARTL.NS,HDFCBANK.NS,HINDUNILVR.NS,ICICIBANK.NS,INFY.NS,ITC.NS,LT.NS,RELIANCE.NS,SBIN.NS,TCS.NS
2006-01-02,139.1066436767578,30.07147216796875,127.26652526855469,84.44644165039062,117.12207794189453,24.700660705566406,156.28921508789062,54.944095611572266,65.05985260009766,136.4995880126953
2006-01-03,141.72471618652344,30.06514549255371,128.0166473388672,85.79023742675781,118.2051010131836,25.22957992553711,156.8413543701172,56.29956817626953,65.57391357421875,140.1879425048828
2006-01-04,141.11109924316406,30.85544204711914,127.2339096069336,86.80867004394531,120.1077880859375,25.90836524963379,158.50218200683594,56.9023323059082,65.99451446533203,140.9886474609375
2006-01-05,140.08843994140625,31.169456481933594,127.07087707519531,85.51438903808594,120.09207153320312,25.635087966918945,158.33096313476562,56.40359878540039,67.67689514160156,140.11996459960938
2006-01-06,142.05201721191406,32.41075897216797,126.22280883789062,84.89200592041016,120.0252456665039,25.64389991760254,157.58616638183594,56.3423957824707,67.59423065185547,137.9555206298828
2006-01-09,143.7497100830078,32.23794937133789,126.05973815917969,83.62603759765625,119.34318542480469,25.626272201538086,156.49468994140625,55.69679641723633,66.64517211914062,136.6095733642578
2006-01-10,139.57708740234375,31.542484283447266,123.31999969482422,82.78438568115234,116.9570083618164,25.18550682067871,154.3287811279297,54.7146110534668,65.50559997558594,135.27822875976562
2006-01-12,137.08172607421875,31.470823287963867,122.43936920166016,81.73053741455078,111.55757141113281,25.49403190612793,152.88633728027344,54.27094650268555,67.0765609741211,135.37538146972656
2006-01-13,136.73403930664062,30.76482391357422,121.75444793701172,82.60755920410156,111.82489776611328,25.65271759033203,154.63270568847656,54.16691589355469,66.41870880126953,133.6007080078125
2006-01-16,136.79539489746094,31.249542236328125,121.72185516357422,81.09405517578125,109.29519653320312,25.42351722717285,157.9970703125,53.42033386230469,65.95856475830078,130.12278747558594
2006-01-17,135.44541931152344,31.56987953186035,121.363037109375,79.83512115478516,108.58563232421875,25.11498260498047,158.994384765625,56.819725036621094,65.2719497680664,131.30686950683594
2006-01-18,135.3636016845703,31.388641357421875,120.41717529296875,79.0925064086914,107.70904541015625,24.921045303344727,156.87562561035156,67.94662475585938,64.20426940917969,131.23883056640625
2006-01-19,141.6633758544922,30.703706741333008,122.40679931640625,80.56359100341797,110.89321899414062,25.22957992553711,162.9280548095703,69.00447845458984,65.26834869384766,133.73463439941406
2006-01-20,140.86569213867188,30.564620971679688,121.59136962890625,81.97103118896484,110.60625457763672,25.925994873046875,159.99603271484375,68.97508239746094,65.20005798339844,133.21929931640625
2006-01-23,140.8247833251953,30.32647132873535,122.63507843017578,80.72627258300781,107.8957290649414,26.781076431274414,159.74346923828125,68.79386138916016,64.89088439941406,131.44947814941406
2006-01-24,142.21563720703125,30.174739837646484,122.83077239990234,81.06575775146484,110.9344711303711,27.274742126464844,166.20254516601562,67.9221420288086,64.84774017333984,133.1058349609375
2006-01-25,145.570068359375,30.301183700561523,127.98406219482422,84.45353698730469,111.16643524169922,27.812484741210938,174.84033203125,67.42752075195312,63.643455505371094,133.80270385742188
2006-01-27,145.50869750976562,31.068302154541016,127.26652526855469,87.63617706298828,114.11675262451172,27.4069766998291,182.81466674804688,68.43148040771484,65.69613647460938,134.44773864746094
2006-01-30,146.65411376953125,31.340171813964844,125.3421859741211,86.94304656982422,112.54232788085938,27.3717098236084,180.27215576171875,69.64603424072266,63.53921127319336,134.4267120361328
2006-01-31,146.14279174804688,32.13679504394531,127.36434936523438,86.1792221069336,113.22834777832031,27.292381286621094,185.94789123535156,69.9251708984375,63.726158142089844,135.35855102539062
2006-02-01,143.66787719726562,31.139951705932617,124.98343658447266,83.48455047607422,113.06124877929688,27.336450576782227,195.4674530029297,69.03385925292969,62.49671936035156,135.05551147460938
2006-02-02,148.76089477539062,31.169456481933594,126.25544738769531,82.0346908569336,111.17628479003906,27.451045989990234,190.960205078125,69.41095733642578,62.191165924072266,132.63580322265625
2006-02-03,150.15174865722656,30.847017288208008,124.13539123535156,80.76162719726562,109.55270385742188,26.878049850463867,188.56321716308594,68.23067474365234,61.63035583496094,132.1496124267578
2006-02-06,151.13352966308594,31.39284896850586,126.97299194335938,86.03775787353516,111.74234008789062,27.627361297607422,193.16033935546875,70.55695343017578,62.223506927490234,136.06028747558594
2006-02-07,151.70623779296875,32.48661804199219,129.0277557373047,88.93753814697266,112.92558288574219,28.36785316467285,194.87246704101562,70.5765380859375,62.93168640136719,135.65838623046875
2006-02-08,152.25848388671875,32.13679504394531,128.63636779785156,87.57249450683594,114.10688781738281,28.0681209564209,188.70448303222656,70.17984771728516,63.190521240234375,134.7183837890625
2006-02-10,148.82225036621094,32.11992645263672,135.71395874023438,85.40828704833984,112.60130310058594,28.75572395324707,197.9115753173828,70.4834976196289,63.26241683959961,135.29368591308594
2006-02-13,148.59725952148438,31.462392807006836,136.65982055664062,86.21459197998047,112.51090240478516,28.73809242248535,213.90731811523438,70.209228515625,63.56796646118164,133.7864990234375
2006-02-14,150.33580017089844,31.52351951599121,146.41192626953125,84.37571716308594,110.9324951171875,28.835071563720703,205.53915405273438,69.95457458496094,62.47874069213867,131.15773010253906
2006-02-15,149.59947204589844,31.348600387573242,153.88088989257812,84.63033294677734,109.134033203125,30.122108459472656,202.72695922851562,68.74002075195312,62.36369323730469,131.22259521484375
2006-02-16,148.57679748535156,32.03352355957031,155.54434204101562,84.5595932006836,109.32864379882812,29.31991195678711,199.96612548828125,68.27477264404297,62.42122268676758,132.0167694091797
2006-02-17,149.3744659423828,31.28958511352539,150.4888458251953,83.01777648925781,109.49961853027344,28.52652359008789,195.8184356689453,67.89274597167969,61.669891357421875,131.67962646484375
2006-02-20,148.59725952148438,30.44027328491211,155.5769500732422,83.70381164550781,111.18802642822266,28.71164894104004,192.608154296875,68.7645034790039,62.162376403808594,133.69410705566406
2006-02-21,150.8062744140625,30.549863815307617,154.59848022460938,83.93013000488281,110.76350402832031,28.958478927612305,199.9532928466797,68.34332275390625,62.43918991088867,135.00204467773438
2006-02-22,149.5176544189453,30.627832412719727,157.5338897705078,84.06452178955078,110.09125518798828,28.84387969970703,197.17103576660156,68.95060729980469,62.34931182861328,134.66656494140625
2006-02-23,150.43807983398438,30.429738998413086,161.15420532226562,83.2299575805664,109.85733795166016,29.26702308654785,196.69163513183594,68.59799194335938,61.25647735595703,135.3715057373047
2006-02-24,148.9245147705078,29.987167358398438,157.99046325683594,83.99378967285156,108.4028549194336,28.826250076293945,200.65953063964844,68.84286499023438,62.978424072265625,135.3310546875
2006-02-27,147.57455444335938,30.691062927246094,155.6748046875,84.3898696899414,112.05877685546875,29.284648895263672,203.07794189453125,68.573486328125,64.07845306396484,136.9760284423828
2006-02-28,147.69728088378906,31.070405960083008,158.96897888183594,87.02791595458984,111.2096939086914,30.404197692871094,205.19674682617188,69.4305419921875,63.08985900878906,137.82199096679688
2006-03-01,154.38571166992188,31.47926139831543,160.1105499267578,87.2118148803711,114.20519256591797,30.65102767944336,209.69967651367188,69.37179565429688,63.35588455200195,141.0146942138672
2006-03-02,162.32179260253906,31.95975685119629,159.29515075683594,87.75640106201172,112.20625305175781,31.15350341796875,211.7285614013672,69.85174560546875,64.32289123535156,141.14442443847656
2006-03-03,166.94435119628906,32.02088165283203,159.32778930664062,86.53993225097656,111.02881622314453,30.72154998779297,206.26681518554688,70.10639953613281,64.35525512695312,138.22393798828125
2006-03-06,165.5739288330078,32.03773498535156,158.80589294433594,86.75914764404297,112.23368835449219,31.45323371887207,206.6734619140625,71.71764373779297,64.45592498779297,141.34693908691406
2006-03-07,164.85801696777344,31.938682556152344,164.57887268066406,84.99810028076172,110.83816528320312,31.356260299682617,213.99720764160156,71.74702453613281,65.00592041015625,139.7587127685547
2006-03-08,160.17416381835938,32.0356330871582,158.34927368164062,83.67552185058594,110.11679077148438,30.65102767944336,208.7965545654297,70.51288604736328,63.89151382446289,139.58526611328125
2006-03-09,156.43109130859375,31.620460510253906,159.52342224121094,85.11832427978516,111.76199340820312,30.527610778808594,209.32728576660156,71.183837890625,65.13175201416016,139.77171325683594
2006-03-10,157.8219451904297,31.56987953186035,164.38319396972656,86.90062713623047,114.53343963623047,31.38269805908203,215.4268341064453,71.6441650390625,66.17066192626953,142.91578674316406
2006-03-13,159.27413940429688,32.42340087890625,164.9702606201172,85.60633087158203,115.38648223876953,30.87140655517578,217.14761352539062,72.02616119384766,66.72785186767578,148.17807006835938
2006-03-14,158.0469207763672,32.117820739746094,168.2318572998047,85.84678649902344,115.27839660644531,31.012462615966797,217.6268768310547,72.72650146484375,68.58282470703125,146.11659240722656
2006-03-16,159.96957397460938,32.353858947753906,168.59060668945312,86.39845275878906,114.8597412109375,30.606956481933594,214.51080322265625,75.27315521240234,69.20832061767578,148.72906494140625
2006-03-17,158.14920043945312,32.21266555786133,165.7204132080078,85.74071502685547,113.13589477539062,30.950754165649414,211.2577667236328,75.91471862792969,69.147216796875,150.80361938476562
2006-03-20,157.1674041748047,32.267452239990234,164.80718994140625,85.75485229492188,116.6326904296875,31.241666793823242,209.4771270751953,76.20854187011719,69.77272033691406,154.61215209960938
2006-03-21,159.54006958007812,31.81435203552246,164.44845581054688,84.61618041992188,116.35159301757812,31.47966957092285,210.8511199951172,76.44363403320312,69.61094665527344,155.195556640625
2006-03-22,158.2310028076172,31.921829223632812,166.53582763671875,83.84528350830078,114.78895568847656,31.18877410888672,204.4476776123047,75.66494750976562,68.20175170898438,153.42578125
2006-03-23,155.71519470214844,31.272722244262695,166.50323486328125,83.80990600585938,113.62730407714844,31.5413761138916,205.56484985351562,76.1399917602539,70.08905792236328,151.8732147216797
2006-03-24,156.08334350585938,30.973466873168945,166.76414489746094,84.67981719970703,113.85928344726562,32.713829040527344,209.43861389160156,76.61504364013672,70.59951782226562,153.27188110351562
2006-03-27,160.60365295410156,31.11677360534668,175.17898559570312,84.72227478027344,113.18903350830078,34.01850509643555,210.62425231933594,77.80512237548828,71.0201416015625,153.2313232421875
2006-03-28,160.23548889160156,31.304332733154297,174.68972778320312,83.82405853271484,116.36140441894531,34.027320861816406,207.199951171875,77.4623031616211,70.64624786376953,152.95907592773438
2006-03-29,161.483154296875,31.453969955444336,173.8417510986328,84.65859985351562,119.37071990966797,34.06258773803711,206.7119598388672,77.74634552001953,70.7469253540039,153.81478881835938
2006-03-30,169.29652404785156,32.85543441772461,178.21224975585938,83.27237701416016,119.6242446899414,35.36724853515625,211.9126434326172,77.93733978271484,69.4276123046875,159.48226928710938
2006-03-31,168.84657287597656,32.63414764404297,177.42945861816406,83.32190704345703,117.20269775390625,34.40637969970703,208.25721740722656,77.90306091308594,69.63250732421875,155.21990966796875
2006-04-03,172.4873504638672,32.61729431152344,182.1913604736328,85.43659210205078,123.52194213867188,35.12923812866211,213.81312561035156,81.1794204711914,70.70018768310547,158.07716369628906
2006-04-04,170.748779296875,35.10410690307617,183.6917266845703,86.81573486328125,123.93671417236328,35.97551345825195,216.9720458984375,81.95811462402344,71.66362762451172,157.8988494873047
2006-04-05,171.301025390625,35.4476203918457,188.45352172851562,87.96855926513672,122.4448471069336,36.319313049316406,226.16200256347656,82.32542419433594,72.4041519165039,156.56185913085938
2006-04-07,167.53750610351562,34.46554183959961,183.62649536132812,84.82836151123047,124.4988784790039,35.19975662231445,225.9864959716797,81.63490295410156,70.43415832519531,153.0935821533203
2006-04-10,165.38986206054688,34.78588104248047,182.64797973632812,84.51009368896484,125.37542724609375,35.10279083251953,227.29208374023438,81.90914916992188,69.33055877685547,153.48577880859375
2006-04-12,162.2195281982422,34.09884262084961,178.44056701660156,82.40247344970703,120.90778350830078,33.886268615722656,218.9324188232422,81.17452239990234,67.42887878417969,144.30462646484375
2006-04-13,161.62635803222656,33.885986328125,177.16859436035156,79.68661499023438,118.67488861083984,33.29563522338867,213.4065399169922,82.91310119628906,66.02686309814453,145.63040161132812
2006-04-17,161.6876983642578,34.334877014160156,179.5169219970703,82.14078521728516,126.97351837158203,34.01850509643555,217.35301208496094,83.39794158935547,66.98311614990234,154.49545288085938
2006-04-18,166.37161254882812,35.171546936035156,182.45230102539062,82.96121978759766,131.14247131347656,34.873592376708984,225.46426391601562,87.30117797851562,67.81349182128906,162.8371124267578
2006-04-19,168.9488067626953,35.763736724853516,180.7236785888672,83.1804428100586,128.8938446044922,34.97056579589844,226.6671142578125,90.28860473632812,67.44324493408203,163.1012420654297
2006-04-20,168.72386169433594,35.826969146728516,180.39747619628906,83.26531982421875,128.8074188232422,35.36724853515625,227.14645385742188,97.21844482421875,67.40369415283203,161.248779296875
2006-04-21,167.9466094970703,35.77006149291992,185.779052734375,83.68260955810547,129.79409790039062,35.33198928833008,231.64083862304688,95.49454498291016,66.26052856445312,161.9911346435547
2006-04-24,168.4170379638672,34.663631439208984,186.46401977539062,80.49288940429688,125.98479461669922,35.878536224365234,236.5290985107422,95.71493530273438,65.78961181640625,160.38658142089844
2006-04-25,163.46719360351562,34.75847244262695,181.5064239501953,79.18445587158203,123.51019287109375,34.785438537597656,230.16415405273438,93.55029296875,64.77225494384766,156.14859008789062
2006-04-26,168.45790100097656,35.281131744384766,188.94285583496094,80.27362823486328,126.77693176269531,35.53474426269531,227.75001525878906,95.8569564819336,65.40496063232422,157.39642333984375
2006-04-27,164.080810546875,34.739501953125,187.99693298339844,80.08267211914062,123.15045928955078,35.755123138427734,232.08599853515625,97.74735260009766,64.08564758300781,157.6800537109375
2006-04-28,165.96258544921875,34.4507942199707,191.18838500976562,81.58911895751953,123.42369079589844,35.42014694213867,230.69491577148438,98.81989288330078,63.47451400756836,160.28939819335938
2006-05-02,167.230712890625,35.88176345825195,192.3727569580078,87.97564697265625,124.39073181152344,36.583778381347656,233.271728515625,100.99922180175781,67.41447448730469,163.13365173339844
2006-05-03,173.73504638671875,36.383331298828125,193.2940673828125,91.81604766845703,124.67182922363281,36.83060073852539,229.992919921875,101.43021392822266,69.14359283447266,164.62472534179688
2006-05-04,173.69412231445312,37.24950408935547,192.7676239013672,93.3437271118164,126.24032592773438,36.918758392333984,225.8366241455078,105.80359649658203,68.9458999633789,165.60841369628906
2006-05-05,172.11917114257812,37.03455352783203,187.4705047607422,90.27424621582031,126.27179718017578,36.75126647949219,234.05072021484375,107.66950225830078,68.57921600341797,162.6068878173828
2006-05-08,172.61004638671875,36.92705154418945,186.22030639648438,89.7579345703125,126.90669250488281,36.63666915893555,232.81365966796875,113.13013458251953,68.79850769042969,163.64413452148438
2006-05-09,169.8692626953125,35.93866729736328,183.75270080566406,90.40860748291016,127.25653076171875,36.381019592285156,237.80465698242188,113.04194641113281,70.17533111572266,164.08175659179688
2006-05-10,170.64649963378906,36.71421432495117,184.14752197265625,93.46395874023438,128.0073699951172,36.15182113647461,240.8992462158203,114.57972717285156,72.05184936523438,163.8256072998047
2006-05-11,169.64425659179688,36.924171447753906,183.12759399414062,93.71855926513672,127.99952697753906,35.9226188659668,236.63177490234375,108.74693298339844,70.20408630371094,163.58261108398438
2006-05-12,169.84878540039062,37.12777328491211,179.9690704345703,89.97010040283203,127.45899200439453,35.52592468261719,242.92393493652344,104.49600219726562,68.92431640625,161.75608825683594
2006-05-15,164.81715393066406,35.78103256225586,172.533447265625,87.60079956054688,123.8738021850586,33.67470169067383,231.67942810058594,100.0687255859375,66.4259033203125,158.89889526367188
2006-05-16,164.91940307617188,35.957069396972656,178.0937042236328,87.50178527832031,123.8325424194336,34.34466552734375,225.29736328125,102.22848510742188,66.42948150634766,160.01705932617188
2006-05-17,170.2374267578125,35.81284713745117,181.2522735595703,88.55558013916016,126.11846923828125,36.01958465576172,229.8688201904297,106.39127349853516,71.15675354003906,163.4092254638672
2006-05-18,163.79449462890625,34.76726150512695,169.9342498779297,83.98673248291016,119.26844787597656,33.701148986816406,217.64407348632812,98.41831970214844,65.16410827636719,156.043212890625
2006-05-19,159.62188720703125,34.34309005737305,159.93231201171875,78.56913757324219,116.9294662475586,31.717679977416992,212.34072875976562,95.8030776977539,62.48591232299805,153.3448028564453
2006-05-22,147.67681884765625,33.380210876464844,156.6422119140625,78.24380493164062,111.0033187866211,30.245525360107422,199.088623046875,91.03302764892578,61.817283630371094,144.28041076660156
2006-05-23,151.21534729003906,33.13631820678711,156.70802307128906,81.66692352294922,114.4214096069336,31.38269805908203,199.86337280273438,94.72566223144531,62.73397445678711,148.30775451660156
2006-05-24,151.5221405029297,32.60186004638672,149.30526733398438,80.47166442871094,112.4676513671875,30.69510841369629,194.32888793945312,91.9292221069336,62.39604187011719,145.10366821289062
2006-05-25,161.0945281982422,32.15860366821289,155.8196563720703,79.06422424316406,112.71070098876953,31.982147216796875,196.1437530517578,93.0507583618164,62.58658981323242,152.0968780517578
2006-05-26,158.8446502685547,32.82878875732422,160.2613525390625,79.74319458007812,116.92257690429688,32.299495697021484,201.35301208496094,93.88330078125,62.87057113647461,151.2378387451172
2006-05-29,156.2674560546875,32.419464111328125,158.87945556640625,80.52824401855469,118.25546264648438,31.373884201049805,209.2972869873047,93.6335220336914,63.402618408203125,149.9576416015625
2006-05-30,153.24029541015625,31.817140579223633,158.97816467285156,80.61310577392578,120.59854888916016,31.118247985839844,209.81954956054688,93.53558349609375,61.84962844848633,150.75173950195312
2006-05-31,149.96762084960938,31.609298706054688,153.61532592773438,76.03009033203125,115.95030212402344,29.161226272583008,198.468017578125,93.45722961425781,59.865264892578125,144.474853515625
2006-06-01,141.7861328125,31.331470489501953,148.0550079345703,75.57742309570312,112.76249694824219,28.235612869262695,186.8767547607422,91.67730712890625,58.86590576171875,138.51560974121094
2006-06-02,149.70175170898438,32.4512825012207,159.2413787841797,78.07406616210938,114.99992370605469,28.984922409057617,187.6771697998047,94.92195129394531,60.3038444519043,145.3743133544922
2006-06-05,144.11785888671875,31.363277435302734,155.0629425048828,76.1149673461914,112.53937530517578,28.21799087524414,194.17901611328125,91.67730712890625,58.520774841308594,143.23504638671875
2006-06-06,141.39749145507812,30.650672912597656,147.79180908203125,76.76564025878906,110.1943359375,26.895681381225586,182.26251220703125,89.80976867675781,60.4008903503418,141.71969604492188
2006-06-07,144.34288024902344,30.57219886779785,145.06101989746094,75.4289321899414,110.10865783691406,26.763458251953125,170.48292541503906,88.47229766845703,57.99593734741211,138.07803344726562
2006-06-08,134.3818359375,29.380271911621094,134.53260803222656,70.56299591064453,107.73971557617188,26.03177261352539,161.10891723632812,81.80467224121094,55.24586486816406,133.5353240966797
2006-06-09,137.57261657714844,30.230735778808594,135.65122985839844,70.7751693725586,111.35986328125,28.297330856323242,173.3422393798828,91.41971588134766,55.47594451904297,135.420166015625
2006-06-12,132.60231018066406,29.36330795288086,129.43295288085938,67.07620239257812,110.106689453125,27.221847534179688,168.77078247070312,89.26981353759766,53.66412353515625,132.794677734375
2006-06-13,131.45692443847656,27.641170501708984,123.90560913085938,65.01809692382812,105.16160583496094,25.784948348999023,158.3052520751953,85.06912231445312,53.962501525878906,127.25196838378906
2006-06-14,133.6454620361328,27.102474212646484,122.62248229980469,63.82282257080078,99.02906799316406,25.978893280029297,157.17529296875,85.04931640625,53.293861389160156,120.22632598876953
2006-06-15,139.67935180664062,29.594480514526367,132.82183837890625,68.2573471069336,108.6661605834961,27.433422088623047,175.33262634277344,88.70511627197266,55.515472412109375,125.64756774902344
2006-06-16,149.6608428955078,31.15542984008789,141.9025115966797,71.67338562011719,111.61884307861328,28.773353576660156,179.54876708984375,91.30579376220703,55.13442611694336,136.93910217285156
2006-06-19,148.14724731445312,31.23178482055664,146.57444763183594,70.86711883544922,114.41021728515625,29.011377334594727,175.7606201171875,92.50456237792969,55.167381286621094,135.58673095703125
2006-06-20,144.07693481445312,30.071672439575195,142.52761840820312,69.37478637695312,113.32632446289062,28.500076293945312,167.8719024658203,91.64263153076172,53.95535659790039,130.62928771972656
2006-06-21,150.84716796875,30.075918197631836,143.74496459960938,69.93354034423828,116.48424530029297,29.751861572265625,173.44920349121094,95.5213394165039,54.18604278564453,133.38760375976562
2006-06-22,149.1904296875,31.004854202270508,143.8765869140625,72.45844268798828,117.62390899658203,30.122108459472656,187.60443115234375,96.60620880126953,56.64305114746094,136.2694091796875
2006-06-23,151.5221405029297,31.78745460510254,145.9822235107422,71.86434173583984,119.20585632324219,30.11328887939453,185.92649841308594,100.2520751953125,55.85212326049805,137.74041748046875
2006-06-26,147.61544799804688,32.3049430847168,140.35617065429688,69.41722869873047,115.56575775146484,29.31991195678711,178.13621520996094,97.2105484008789,53.362159729003906,132.75367736816406
2006-06-27,147.67681884765625,31.433265686035156,144.76490783691406,70.52763366699219,118.2454833984375,31.021276473999023,178.42726135253906,97.66133117675781,53.46469497680664,133.65252685546875
2006-06-28,148.1881561279297,30.822458267211914,142.2314910888672,69.15555572509766,118.52642822265625,31.21521759033203,177.19882202148438,99.167236328125,52.33320999145508,138.04437255859375
2006-06-29,147.0631866455078,31.78532600402832,137.88856506347656,67.76225280761719,119.28953552246094,30.994821548461914,181.79592895507812,99.9003677368164,51.90113830566406,136.59768676757812
2006-06-30,151.35853576660156,33.76197052001953,150.72000122070312,69.01409912109375,122.68853759765625,32.15845489501953,191.931884765625,105.00262451171875,53.296241760253906,141.30804443359375
2006-07-03,151.317626953125,33.021793365478516,155.6551513671875,69.18384552001953,125.69303131103516,32.616859436035156,194.43157958984375,106.1172103881836,54.3837776184082,146.30126953125
2006-07-04,149.0677032470703,33.3929443359375,153.3191680908203,69.36066436767578,125.50578308105469,31.5413761138916,187.63436889648438,106.4738540649414,55.346797943115234,147.5122528076172
2006-07-05,151.35853576660156,34.247650146484375,159.4058837890625,70.71150970458984,127.27699279785156,32.55514907836914,194.85108947753906,108.40086364746094,55.291873931884766,149.7471160888672
2006-07-06,150.15174865722656,33.93376159667969,159.70199584960938,69.86971282958984,126.07157897949219,32.00859451293945,189.5348663330078,107.3209457397461,54.801204681396484,146.63453674316406
2006-07-07,151.767578125,33.05572509765625,156.4119415283203,71.7979507446289,123.7265625,30.87140655517578,185.98641967773438,102.20381927490234,52.85684585571289,141.95343017578125
2006-07-10,159.39688110351562,33.02603530883789,157.95826721191406,70.94175720214844,127.03588104248047,31.364364624023438,186.49148559570312,103.36296844482422,53.424407958984375,146.15182495117188
2006-07-11,156.3696746826172,32.30282211303711,154.8984375,70.21507263183594,125.44795227050781,31.52557373046875,185.8836669921875,103.94750213623047,53.35483932495117,143.84368896484375
2006-07-12,156.61514282226562,32.28797149658203,156.57640075683594,70.26542663574219,134.90972900390625,32.50179672241211,193.44711303710938,108.7872314453125,53.90775680541992,153.62368774414062
2006-07-13,151.89031982421875,31.658079147338867,160.42584228515625,71.33745574951172,134.04307556152344,32.44806671142578,192.86070251464844,106.54817199707031,53.552574157714844,151.7593536376953
2006-07-14,148.0858917236328,30.934865951538086,158.78079223632812,69.9200668334961,131.397216796875,31.624095916748047,187.9040069580078,105.91905975341797,54.002960205078125,152.32339477539062
2006-07-17,145.40643310546875,30.008056640625,151.67416381835938,68.67536926269531,127.93048858642578,30.827003479003906,182.30105590820312,102.18401336669922,51.87184143066406,151.07998657226562
2006-07-18,147.431396484375,30.126821517944336,151.83863830566406,68.00621795654297,129.86709594726562,30.388153076171875,177.2373809814453,99.50902557373047,51.35188293457031,149.08883666992188
2006-07-19,144.7724151611328,29.573274612426758,147.19960021972656,67.30834197998047,127.87467956542969,30.003036499023438,175.38394165039062,97.39381408691406,50.56827163696289,142.83599853515625
2006-07-20,149.088134765625,30.81397247314453,152.20059204101562,70.8050308227539,131.32550048828125,31.355411529541016,182.70770263671875,98.61737060546875,53.1680793762207,146.78573608398438
2006-07-21,146.3882598876953,30.10984992980957,147.1008758544922,69.75460052490234,127.67943572998047,29.967212677001953,173.21807861328125,95.85819244384766,52.421104431152344,143.648681640625
2006-07-24,149.4154052734375,30.943355560302734,150.1278076171875,74.0859375,128.4126434326172,29.438806533813477,176.89492797851562,96.24951934814453,54.240966796875,147.7527618408203
2006-07-25,151.13352966308594,32.4915885925293,154.20751953125,78.05032348632812,128.3647918701172,29.394018173217773,181.0254669189453,97.86443328857422,54.804874420166016,150.12905883789062
2006-07-26,156.51287841796875,33.13207244873047,158.45176696777344,77.77693176269531,131.20989990234375,30.09260368347168,184.72799682617188,99.06320190429688,55.236961364746094,153.5017852783203
2006-07-27,161.85133361816406,33.43112564086914,162.07089233398438,78.22299194335938,132.16226196289062,29.904521942138672,188.28501892089844,99.08301544189453,55.92536163330078,154.38763427734375
2006-07-28,157.7605743408203,33.74288558959961,159.70199584960938,78.07189178466797,129.91883850097656,29.474634170532227,187.03512573242188,96.99752807617188,58.32378005981445,151.1480255126953
2006-07-31,156.69696044921875,33.721683502197266,153.1217803955078,79.69796752929688,131.93911743164062,29.985132217407227,189.1538848876953,96.9727554321289,59.338069915771484,152.40151977539062
2006-08-01,160.03094482421875,33.13419723510742,150.5554656982422,79.09357452392578,132.13433837890625,30.31650161743164,192.5182342529297,97.25016784667969,59.44792938232422,151.72592163085938
2006-08-02,160.78773498535156,33.0748176574707,150.1278076171875,78.85614013671875,132.82373046875,31.059865951538086,194.3331298828125,98.17155456542969,60.51714324951172,153.06088256835938
2006-08-03,163.28311157226562,33.84257125854492,147.85763549804688,80.23757934570312,133.32582092285156,30.800132751464844,194.19189453125,97.88423156738281,60.82839584350586,153.7934112548828
2006-08-04,163.91717529296875,33.95072937011719,145.09390258789062,78.7122573852539,133.93946838378906,30.128421783447266,191.3968048095703,95.88296508789062,59.15864181518555,154.420166015625
2006-08-07,160.48094177246094,34.082218170166016,144.4030303955078,81.71251678466797,133.37762451171875,30.164257049560547,189.59051513671875,94.60986328125,59.36004638671875,152.39334106445312
2006-08-08,165.53305053710938,34.508506774902344,148.80609130859375,85.69850158691406,134.22637939453125,30.85386848449707,195.45033264160156,96.80929565429688,60.9089469909668,155.43771362304688
2006-08-09,165.26712036132812,34.30916213989258,149.47325134277344,84.94303131103516,135.6449432373047,32.02712631225586,198.58355712890625,97.88423156738281,63.3513069152832,157.27723693847656
2006-08-10,167.3329315185547,34.16493225097656,149.072998046875,86.23090362548828,136.16693115234375,31.57931900024414,198.63925170898438,96.98760986328125,63.190189361572266,157.22035217285156
2006-08-11,165.69667053222656,34.3855094909668,148.90621948242188,84.10844421386719,138.84469604492188,31.391239166259766,198.6563262939453,100.16292572021484,62.94488525390625,157.52139282226562
2006-08-14,168.9488067626953,34.24976348876953,151.54141235351562,82.99321746826172,139.90464782714844,31.982336044311523,199.4384765625,101.97100067138672,63.82002258300781,157.0412139892578
2006-08-16,169.2351837158203,35.89131546020508,153.7762908935547,85.00060272216797,139.64962768554688,32.40327835083008,205.8340606689453,103.68001556396484,65.06865692138672,158.2703094482422
2006-08-17,169.60336303710938,35.99735641479492,156.7117919921875,85.11572265625,140.07200622558594,32.43910217285156,207.02244567871094,105.62184143066406,64.56700897216797,156.30862426757812
2006-08-18,167.57843017578125,35.6771125793457,158.74656677246094,84.6624526977539,140.42266845703125,32.197288513183594,203.92404174804688,104.61128234863281,64.3802490234375,157.86338806152344
2006-08-21,167.6807098388672,35.52653503417969,157.67913818359375,85.5689926147461,143.29965209960938,32.376407623291016,204.7494354248047,105.77045440673828,64.69151306152344,157.79820251464844
2006-08-22,167.4761962890625,36.42366027832031,155.17733764648438,85.64093780517578,141.9488067626953,32.5823974609375,207.08291625976562,105.49305725097656,64.3326416015625,158.79129028320312
2006-08-23,166.08531188964844,36.17974853515625,153.34266662597656,84.98619842529297,140.89285278320312,32.02712631225586,203.9759063720703,105.20574951171875,63.2121696472168,156.78883361816406
2006-08-24,169.88967895507812,36.19672393798828,154.64366149902344,84.77755737304688,140.8131561279297,32.25102615356445,204.2913360595703,109.65907287597656,64.05437469482422,157.97723388671875
2006-08-25,170.81015014648438,36.05461883544922,157.84585571289062,84.748779296875,140.79722595214844,32.268943786621094,203.03817749023438,110.03553771972656,66.28433227539062,158.6284942626953
2006-08-28,170.46241760253906,35.86162185668945,160.31436157226562,84.57608795166016,141.2793731689453,32.25997543334961,208.75531005859375,111.16995239257812,67.29496002197266,159.71910095214844
2006-08-29,169.8692626953125,35.86162185668945,156.7117919921875,85.66253662109375,143.91331481933594,33.07499313354492,210.35855102539062,110.84795379638672,67.5256576538086,161.1844024658203
2006-08-30,169.27610778808594,35.63045120239258,157.77920532226562,85.46105194091797,143.54666137695312,33.558624267578125,210.06033325195312,111.83373260498047,68.16281127929688,160.1586456298828
2006-08-31,168.15113830566406,36.14158248901367,156.41152954101562,85.97191619873047,143.96112060546875,34.30198287963867,207.74847412109375,110.69935607910156,68.19943237304688,162.47865295410156
2006-09-01,169.03065490722656,37.168067932128906,159.34698486328125,87.72027587890625,144.28787231445312,33.95269775390625,209.9350128173828,111.2095947265625,68.19943237304688,162.6740264892578
2006-09-04,171.2396697998047,37.33986282348633,162.4491729736328,89.61251068115234,147.25253295898438,34.06016540527344,214.7921905517578,112.11115264892578,68.50701904296875,165.58795166015625
2006-09-05,170.97378540039062,37.10232925415039,161.81541442871094,88.23109436035156,146.23635864257812,33.621315002441406,213.09828186035156,111.55139923095703,69.2173843383789,163.7403106689453
2006-09-06,174.77816772460938,36.648468017578125,159.41366577148438,87.84258270263672,146.23243713378906,33.87208938598633,220.91131591796875,112.69567108154297,69.45539093017578,161.75418090820312
2006-09-07,173.4077911376953,36.0015983581543,159.41366577148438,87.36051940917969,144.00096130371094,33.30785369873047,221.92672729492188,111.52659606933594,68.77432250976562,160.63088989257812
2006-09-08,176.08726501464844,36.020694732666016,160.71463012695312,87.2597885131836,142.60635375976562,33.66609573364258,220.58714294433594,112.03187561035156,69.15145874023438,161.33084106445312
2006-09-11,172.36463928222656,34.900875091552734,153.6095733642578,85.87117767333984,138.15536499023438,32.61822509765625,213.21925354003906,107.7618179321289,67.25102233886719,155.2178497314453
2006-09-12,173.03958129882812,35.65378189086914,152.9424591064453,87.0223617553711,141.18374633789062,32.53761672973633,212.53216552734375,109.65907287597656,68.27997589111328,159.19827270507812
2006-09-13,181.2620391845703,37.064144134521484,157.21214294433594,90.9076156616211,144.20419311523438,32.752567291259766,218.17153930664062,110.58045196533203,71.01161193847656,162.78793334960938
2006-09-14,179.625732421875,36.712093353271484,159.41366577148438,93.58411407470703,145.94549560546875,32.79735565185547,219.2129364013672,111.59099578857422,71.4839859008789,164.97755432128906
2006-09-15,182.4483642578125,37.23805618286133,162.6493377685547,93.04450988769531,144.29983520507812,32.6809196472168,228.25755310058594,113.00279998779297,71.71832275390625,163.23558044433594
2006-09-18,181.5893096923828,37.456512451171875,167.01913452148438,92.62001037597656,144.83377075195312,33.54070281982422,232.8598175048828,112.29444122314453,72.53855895996094,162.16925048828125
2006-09-19,179.7893524169922,37.37167739868164,164.81753540039062,93.06608581542969,144.758056640625,32.976470947265625,228.62477111816406,110.74888610839844,71.59016418457031,164.43212890625
2006-09-20,189.15725708007812,37.14474868774414,166.88568115234375,93.7064437866211,145.8777618408203,33.5496711730957,232.95050048828125,111.76934051513672,71.3741226196289,167.68809509277344
2006-09-21,190.44583129882812,37.473480224609375,172.85659790039062,95.46199035644531,146.48744201660156,34.14973068237305,232.2245330810547,112.8343734741211,72.11378479003906,171.4242401123047
2006-09-22,191.9389190673828,37.15110778808594,172.18948364257812,94.23884582519531,145.84190368652344,33.675048828125,229.79161071777344,114.52853393554688,71.45834350585938,169.2346649169922
2006-09-25,193.7593536376953,37.25503921508789,169.02056884765625,94.77848052978516,144.77005004882812,33.039161682128906,225.6863555908203,115.23191833496094,71.08851623535156,166.96363830566406
2006-09-26,196.1729278564453,37.69403839111328,172.4897003173828,97.59886932373047,146.6269073486328,32.91377258300781,226.37771606445312,116.81712341308594,73.14274597167969,170.0079345703125
2006-09-27,194.82296752929688,38.14368438720703,171.922607421875,99.037841796875,146.45556640625,33.25411605834961,111.90542602539062,116.31678009033203,73.3001937866211,169.7393035888672
2006-09-28,193.24803161621094,39.40982437133789,169.9545440673828,101.99494171142578,148.08534240722656,33.01229476928711,218.32276916503906,115.71739196777344,75.38004302978516,166.1251983642578
2006-09-29,191.9594268798828,39.25075149536133,171.5557098388672,100.67109680175781,147.40789794921875,33.621315002441406,219.94757080078125,116.08894348144531,75.33245086669922,166.38571166992188
2006-10-03,191.22308349609375,39.013221740722656,166.41868591308594,100.40489196777344,144.90151977539062,33.6481819152832,216.47320556640625,115.10313415527344,75.67665100097656,165.1240234375
2006-10-04,188.8095245361328,37.75766372680664,164.98434448242188,100.01636505126953,143.447021484375,33.146644592285156,212.97293090820312,113.83995819091797,74.35476684570312,160.7447967529297
2006-10-05,188.15496826171875,39.49041748046875,166.7522735595703,101.5704574584961,148.6471710205078,33.5317497253418,218.50421142578125,114.4195327758789,76.14168548583984,162.75538635253906
2006-10-06,188.318603515625,39.60707092285156,163.71676635742188,101.0811996459961,149.31265258789062,33.05707931518555,219.00552368164062,115.20716857910156,75.66200256347656,161.85179138183594
2006-10-09,189.91403198242188,39.443756103515625,162.34913635253906,100.5271987915039,151.11375427246094,33.092899322509766,223.18853759765625,114.2759017944336,75.7681884765625,163.1460723876953
2006-10-10,191.7753448486328,39.78733825683594,159.28025817871094,100.08111572265625,151.9146728515625,33.15559005737305,221.59837341308594,114.02323913574219,75.13838195800781,164.66819763183594
2006-10-11,193.4116668701172,40.968650817871094,156.74513244628906,98.85798645019531,157.7961883544922,33.22724151611328,218.00299072265625,113.27029418945312,73.52356719970703,170.08114624023438
2006-10-12,194.6593017578125,40.68446350097656,154.97720336914062,99.34721374511719,160.98797607421875,33.32576370239258,219.79202270507812,115.79169464111328,75.34709167480469,176.2348175048828
2006-10-13,195.29344177246094,41.89759826660156,157.5457000732422,99.99476623535156,166.48690795898438,33.809391021728516,219.34254455566406,117.96634674072266,74.80516815185547,179.6616973876953
2006-10-16,198.85235595703125,44.48716354370117,158.2128143310547,103.64977264404297,167.38351440429688,34.866214752197266,226.44688415527344,120.2153091430664,75.19695281982422,183.9106903076172
2006-10-17,199.4046173095703,42.7480583190918,154.8771514892578,104.51318359375,165.02452087402344,34.70500564575195,223.23179626464844,120.39364624023438,75.7462158203125,181.82693481445312
2006-10-18,201.77725219726562,41.562496185302734,155.44418334960938,107.1393051147461,165.231689453125,34.857261657714844,225.63449096679688,119.72985076904297,76.48953247070312,180.0931396484375
2006-10-19,200.7750244140625,40.86896896362305,154.61024475097656,106.73640441894531,165.24771118164062,34.14973068237305,220.7167510986328,118.60044860839844,75.96591186523438,177.83837890625
2006-10-20,203.37266540527344,40.72687530517578,154.61024475097656,106.70040893554688,164.89620971679688,33.3795051574707,221.19210815429688,119.23945617675781,76.21125030517578,177.38253784179688
2006-10-23,203.78173828125,41.123477935791016,152.9757537841797,103.6857681274414,163.09474182128906,33.12873077392578,220.26736450195312,118.27845001220703,75.07611846923828,176.32147216796875
2006-10-26,205.86805725097656,42.40871810913086,150.10707092285156,109.2690200805664,165.6351776123047,32.976470947265625,219.44625854492188,116.40595245361328,78.10069274902344,176.1826934814453
2006-10-27,215.7063446044922,42.387508392333984,150.8408966064453,109.15392303466797,167.1689910888672,33.621315002441406,219.3253173828125,121.13668823242188,80.13294219970703,175.43179321289062
2006-10-30,221.74024963378906,43.66215133666992,152.67556762695312,113.37728881835938,169.97708129882812,33.576534271240234,224.91709899902344,122.46926879882812,80.40026092529297,176.1990509033203
2006-10-31,216.89266967773438,42.612327575683594,155.87782287597656,111.83039093017578,167.40463256835938,34.033294677734375,226.81851196289062,121.46365356445312,80.2391357421875,177.46420288085938
2006-11-01,221.35157775878906,42.37266540527344,158.47970581054688,111.97429656982422,168.03973388671875,34.17659378051758,228.45204162597656,125.26802062988281,81.56834411621094,176.8275146484375
2006-11-02,224.2560577392578,42.86470413208008,158.44638061523438,112.18294525146484,166.54588317871094,33.76462173461914,231.4077911376953,127.1454849243164,82.41785430908203,176.31333923339844
2006-11-03,223.9697265625,42.482948303222656,157.5457000732422,111.197265625,165.75901794433594,33.558624267578125,231.73619079589844,127.57646942138672,82.31898498535156,174.1748504638672
2006-11-06,222.41522216796875,42.370540618896484,164.7508087158203,110.46337890625,165.36753845214844,34.257205963134766,232.23753356933594,129.2408905029297,81.2424545288086,172.94229125976562
2006-11-07,222.45608520507812,42.19875717163086,165.45132446289062,110.90946960449219,167.95188903808594,33.836265563964844,228.5383758544922,127.93309020996094,80.83232879638672,173.88099670410156
2006-11-08,222.3947296142578,42.527488708496094,164.81753540039062,112.96719360351562,169.82923889160156,33.21828842163086,226.8617401123047,124.06432342529297,82.64855194091797,173.5789794921875
2006-11-09,220.0220947265625,43.1722297668457,167.08580017089844,115.16883087158203,170.7320098876953,33.50489044189453,226.5764923095703,124.89156341552734,82.79501342773438,173.6279754638672
2006-11-10,222.53794860839844,44.30476760864258,168.9871826171875,119.57211303710938,170.9437255859375,33.31680679321289,230.85458374023438,127.33869171142578,83.04035186767578,174.46047973632812
2006-11-13,230.71946716308594,44.784080505371094,168.5535125732422,121.01827239990234,172.5693817138672,33.22724151611328,231.1744384765625,127.3486099243164,83.23807525634766,175.6113739013672
2006-11-14,233.07167053222656,45.20189666748047,166.0183868408203,123.30626678466797,176.59573364257812,32.976470947265625,232.67825317382812,126.75413513183594,82.5533447265625,180.5903778076172
2006-11-15,236.7124786376953,45.65998840332031,162.7827911376953,126.70226287841797,177.56239318847656,33.27201843261719,233.22274780273438,125.09464263916016,86.30292510986328,179.0475616455078
2006-11-16,236.22154235839844,48.54011917114258,162.24903869628906,127.68794250488281,175.7489471435547,33.21828842163086,233.6720733642578,125.40178680419922,89.48861694335938,177.5050811767578
2006-11-17,237.61241149902344,47.78510284423828,159.8806915283203,126.13388061523438,174.6664581298828,32.555538177490234,234.00918579101562,124.75779724121094,89.81453704833984,178.77835083007812
2006-11-20,247.49163818359375,46.086299896240234,162.24903869628906,123.63724517822266,180.0509033203125,31.928607940673828,229.4458465576172,124.73307037353516,88.62079620361328,182.48394775390625
2006-11-21,255.20272827148438,46.336544036865234,165.6514892578125,125.5295181274414,180.26657104492188,32.93168640136719,232.8856658935547,126.22411346435547,90.29053497314453,187.4956817626953
2006-11-22,261.072998046875,45.704532623291016,163.44989013671875,126.63753509521484,177.79409790039062,32.483882904052734,237.49220275878906,126.63031005859375,91.41102600097656,187.4221954345703
2006-11-23,254.46636962890625,47.212467193603516,160.54783630371094,126.05470275878906,178.71273803710938,32.09878158569336,242.27162170410156,126.01603698730469,91.83211517333984,186.77734375
2006-11-24,252.25741577148438,46.913429260253906,161.98220825195312,125.6014633178711,178.58897399902344,32.1704216003418,239.62698364257812,125.06494903564453,92.10308837890625,187.7322998046875
2006-11-27,257.923095703125,47.12338638305664,159.74728393554688,127.0692138671875,177.17494201660156,32.40327835083008,241.22586059570312,124.1237564086914,93.41764068603516,189.49546813964844
2006-11-28,256.90045166015625,46.11598587036133,157.8125762939453,123.93942260742188,172.9488525390625,32.1704216003418,238.8491668701172,123.91073608398438,94.69557189941406,187.70794677734375
2006-11-29,254.18008422851562,46.12234115600586,157.47897338867188,123.55809020996094,172.28982543945312,32.99439239501953,238.633056640625,123.7720718383789,95.25582885742188,190.1075439453125
2006-11-30,258.00494384765625,47.583621978759766,156.91189575195312,125.54389190673828,174.13119506835938,33.15559005737305,235.86741638183594,123.2915267944336,96.45320129394531,195.69873046875
2006-12-01,259.0685119628906,47.66421127319336,160.4477081298828,126.36412048339844,175.35752868652344,33.63026809692383,238.44290161132812,124.93614959716797,99.79268646240234,194.156005859375
2006-12-04,258.2299499511719,46.673763275146484,159.61378479003906,125.2920913696289,176.33209228515625,33.916866302490234,246.03982543945312,124.82223510742188,98.91753387451172,194.65391540527344
2006-12-05,261.5230407714844,46.05236053466797,159.1468048095703,124.26319122314453,178.87661743164062,34.09598922729492,252.7983856201172,126.76902770996094,98.00212097167969,194.57241821289062
2006-12-06,264.8160705566406,46.11810302734375,159.28025817871094,124.96826171875,179.659423828125,33.72878646850586,252.84158325195312,126.94732666015625,98.0057601928711,195.66603088378906
2006-12-07,260.95025634765625,46.91978073120117,160.3810577392578,126.50801086425781,177.65426635742188,33.46010208129883,254.03433227539062,128.8941192626953,98.70516204833984,194.964111328125
2006-12-08,259.51849365234375,46.05872344970703,156.04464721679688,126.6806869506836,175.39744567871094,33.15559005737305,250.76739501953125,125.7386474609375,99.25806427001953,192.1236114501953
2006-12-11,248.24835205078125,43.804237365722656,152.90908813476562,118.1187515258789,175.3375701904297,32.23311233520508,248.3042449951172,122.85066223144531,91.27920532226562,191.56039428710938
2006-12-12,235.6079864501953,43.61125183105469,148.97291564941406,115.68687438964844,172.89694213867188,31.059865951538086,240.71597290039062,119.42272186279297,86.55192565917969,182.9165496826172
2006-12-13,244.62806701660156,44.07572555541992,146.1375274658203,119.56490325927734,171.73057556152344,31.06881332397461,245.28781127929688,122.69215393066406,89.74127960205078,182.97377014160156
2006-12-14,249.70066833496094,44.35779571533203,151.77491760253906,125.24169158935547,175.44137573242188,31.66887664794922,251.000732421875,124.77766418457031,89.6167984008789,187.66709899902344
2006-12-15,251.97108459472656,44.809532165527344,153.94314575195312,125.30643463134766,178.4291534423828,31.283761978149414,252.4872589111328,124.20796203613281,92.60108184814453,189.3974151611328
2006-12-18,253.32095336914062,45.24642562866211,153.8430633544922,127.65918731689453,177.71018981933594,31.17629051208496,254.4318389892578,127.71514129638672,92.9562759399414,192.833740234375
2006-12-19,247.69618225097656,44.06086349487305,150.14036560058594,124.93231964111328,172.36569213867188,30.164257049560547,244.80392456054688,124.19310760498047,90.06717681884766,186.40187072753906
2006-12-20,247.36892700195312,43.29524230957031,145.5371551513672,122.9465103149414,173.41226196289062,30.52248764038086,243.68902587890625,123.73241424560547,89.0968246459961,184.26336669921875
2006-12-21,250.2528839111328,42.811683654785156,146.57118225097656,122.92494201660156,172.8529815673828,30.58519172668457,242.55685424804688,124.97574615478516,88.73430633544922,185.60203552246094
2006-12-22,251.54150390625,42.6632194519043,146.33770751953125,123.32066345214844,173.65988159179688,30.379199981689453,247.8287811279297,126.0754623413086,88.98331451416016,188.37713623046875
2006-12-26,255.40728759765625,43.72577667236328,147.33840942382812,125.62301635742188,177.30673217773438,31.265857696533203,251.0179901123047,126.51637268066406,91.3268051147461,194.49073791503906
2006-12-27,258.25030517578125,44.94951629638672,146.47117614746094,128.68087768554688,179.95904541015625,31.695751190185547,250.8538055419922,128.13621520996094,91.61608123779297,195.24166870117188
2006-12-28,258.00494384765625,45.81270217895508,147.03817749023438,129.96875,179.60354614257812,31.86591911315918,248.2522735595703,126.28848266601562,90.48460388183594,197.83721923828125
2006-12-29,257.6980285644531,45.29945373535156,144.36959838867188,128.28518676757812,179.09226989746094,31.543489456176758,249.9290313720703,125.83770751953125,91.22062683105469,199.48597717285156
2007-01-02,259.4980773925781,45.38640594482422,144.36959838867188,129.14134216308594,181.55677795410156,31.704696655273438,252.3922576904297,126.90277099609375,91.8028335571289,203.8120880126953
2007-01-03,262.0343933105469,45.18704605102539,141.43423461914062,128.72401428222656,184.64840698242188,31.427064895629883,255.19241333007812,127.2643814086914,92.63037109375,208.978759765625
2007-01-04,260.8684387207031,44.54018020629883,140.50022888183594,128.1412353515625,182.56739807128906,30.26276969909668,258.1308898925781,126.8631362915039,91.03019714355469,205.5342559814453
2007-01-05,260.2957458496094,44.83073043823242,142.3348388671875,130.9616241455078,181.74851989746094,29.608964920043945,254.23306274414062,127.62104034423828,91.11075592041016,206.17916870117188
2007-01-08,254.4868621826172,43.47551727294922,140.16665649414062,130.41482543945312,176.2003173828125,29.14325714111328,252.66017150878906,126.50151062011719,88.88445281982422,203.0447998046875
2007-01-09,254.93679809570312,43.006797790527344,139.99984741210938,131.2854461669922,174.96202087402344,29.02682113647461,247.34490966796875,126.64517211914062,86.04296112060547,205.1016387939453
2007-01-10,251.03013610839844,42.35993957519531,139.09922790527344,127.18431854248047,172.91290283203125,29.223852157592773,243.73219299316406,126.1349105834961,83.22343444824219,201.67347717285156
2007-01-11,260.336669921875,42.25389862060547,145.33702087402344,128.407470703125,174.39483642578125,30.30754852294922,248.7881622314453,128.44830322265625,84.03266906738281,208.5706329345703
2007-01-12,271.54541015625,45.030113220214844,146.57118225097656,139.91209411621094,177.62228393554688,30.64788246154785,253.43795776367188,132.7084197998047,89.74495697021484,216.12892150878906
2007-01-15,270.5840759277344,46.40442657470703,147.87213134765625,137.83277893066406,179.18406677246094,30.8090877532959,259.392822265625,135.22982788085938,89.5105972290039,216.52073669433594
2007-01-16,274.020263671875,46.493499755859375,146.7713623046875,138.1493682861328,177.52647399902344,30.746395111083984,263.0313415527344,133.44651794433594,88.59882354736328,216.1534423828125
2007-01-17,273.3044128417969,45.01101303100586,147.17164611816406,142.00584411621094,176.18832397460938,30.361289978027344,268.8133239746094,133.7338409423828,89.5325698852539,212.97830200195312
2007-01-18,275.41119384765625,45.006778717041016,149.43995666503906,139.76100158691406,177.68223571777344,30.84490966796875,274.9063415527344,135.47259521484375,90.00493621826172,214.7412567138672
2007-01-19,280.23828125,45.318546295166016,147.93881225585938,141.79718017578125,175.94065856933594,31.453935623168945,271.2506103515625,136.9933624267578,89.36779022216797,211.9171600341797
2007-01-22,276.6996765136719,44.80527877807617,149.84017944335938,140.6171875,180.06687927246094,32.05399703979492,268.2255859375,136.11160278320312,89.67903900146484,214.91148376464844
2007-01-23,282.2221984863281,43.81272506713867,148.23904418945312,138.7609100341797,178.56097412109375,31.74948501586914,265.83154296875,134.79391479492188,85.98069763183594,213.15257263183594
2007-01-24,281.05645751953125,44.896488189697266,143.0353546142578,140.23585510253906,178.47312927246094,31.928607940673828,273.6964111328125,135.68064880371094,85.87086486816406,213.8806915283203
2007-01-25,294.9855041503906,45.22098159790039,144.26953125,142.66770935058594,179.0283660888672,31.85695457458496,279.1844787597656,135.78961181640625,86.1564712524414,215.23867797851562
2007-01-29,291.774169921875,45.06403350830078,143.4022674560547,137.55938720703125,179.29994201660156,30.755352020263672,278.6400146484375,136.94879150390625,84.66980743408203,212.3425750732422
2007-01-31,290.1379089355469,45.75119400024414,138.9324188232422,135.42247009277344,179.5316162109375,31.274816513061523,274.66436767578125,135.3784637451172,83.52003479003906,209.09461975097656
2007-02-01,299.2604064941406,46.82646942138672,138.29869079589844,137.07008361816406,181.2611846923828,31.319581985473633,276.920166015625,136.48312377929688,88.10083770751953,211.4098663330078
2007-02-02,315.23480224609375,46.91765594482422,139.4661407470703,135.96929931640625,180.98953247070312,31.731565475463867,290.4459533691406,136.23048400878906,86.49333190917969,212.7926788330078
2007-02-05,319.55047607421875,46.80101776123047,138.66555786132812,136.2427215576172,181.28921508789062,31.812177658081055,292.6065368652344,137.4490966796875,87.66510009765625,213.65977478027344
2007-02-06,315.25518798828125,46.20505905151367,139.49951171875,137.83998107910156,181.5807647705078,31.355411529541016,294.0240478515625,137.6323699951172,87.62481689453125,212.44894409179688
2007-02-07,316.1961669921875,46.74163055419922,138.3319549560547,141.473388671875,188.29930114746094,31.471845626831055,301.17144775390625,138.19708251953125,87.51863098144531,213.74154663085938
2007-02-08,313.6188659667969,47.074607849121094,137.1644744873047,143.8549346923828,189.62942504882812,31.606184005737305,303.6606140136719,138.4100799560547,88.2656021118164,213.44708251953125
2007-02-09,307.6259765625,47.244293212890625,135.229736328125,143.34405517578125,188.63479614257812,31.59723472595215,296.6426696777344,137.88998413085938,87.85550689697266,210.6491241455078
2007-02-12,297.0308532714844,46.49138259887695,135.66339111328125,139.02713012695312,187.83596801757812,31.409149169921875,287.0406799316406,134.63540649414062,86.68742370605469,205.4785614013672
2007-02-13,302.86016845703125,45.33126449584961,134.09567260742188,137.55218505859375,184.07720947265625,31.024032592773438,279.01165771484375,135.33387756347656,85.93311309814453,205.0040283203125
2007-02-14,311.88037109375,43.14889907836914,133.728759765625,131.58042907714844,182.51541137695312,31.158384323120117,278.9944152832031,136.42864990234375,80.72614288330078,206.28843688964844
2007-02-15,324.5412292480469,44.19024658203125,137.39793395996094,136.64559936523438,190.36839294433594,31.212112426757812,293.0213623046875,139.3909149169922,82.21280670166016,211.44259643554688
2007-02-19,327.24127197265625,43.827571868896484,136.8976593017578,141.0489044189453,189.8212432861328,31.23898696899414,292.7447814941406,140.7581024169922,82.90852355957031,214.31430053710938
2007-02-20,323.8458557128906,43.757598876953125,133.1616668701172,139.5019989013672,188.53097534179688,31.49871253967285,288.5272216796875,140.14881896972656,81.12528228759766,212.63717651367188
2007-02-21,330.37060546875,43.09587860107422,130.65985107421875,139.4804229736328,184.6124725341797,31.247941970825195,286.6344909667969,139.37110900878906,80.98977661132812,210.06813049316406
2007-02-22,327.56854248046875,41.87850570678711,127.72445678710938,136.1563262939453,182.74310302734375,31.247941970825195,285.83074951171875,139.89614868164062,78.95021057128906,211.77818298339844
2007-02-23,309.2418212890625,40.64415740966797,125.5228500366211,130.51556396484375,178.76466369628906,29.92243003845215,278.4930419921875,140.01507568359375,77.49650573730469,209.00465393066406
2007-02-26,299.40350341796875,40.37057113647461,126.45687866210938,130.08384704589844,177.20286560058594,30.50458335876465,275.4422302246094,139.3512420654297,79.70819091796875,210.43641662597656
2007-02-27,295.8445129394531,41.39495086669922,123.72159576416016,126.02591705322266,174.7144317626953,29.59105682373047,270.3516845703125,139.2423095703125,78.29843139648438,206.8448028564453
2007-02-28,294.08551025390625,39.66008377075195,117.65057373046875,119.36344146728516,165.970703125,30.755352020263672,257.5260009765625,133.9963836669922,76.29914093017578,195.2685089111328
2007-03-01,298.19671630859375,41.58157730102539,117.45040893554688,123.08323669433594,172.48951721191406,30.89865493774414,266.8601379394531,135.50723266601562,77.30975341796875,205.2903594970703
2007-03-02,289.07427978515625,39.77037048339844,119.45186614990234,121.29170227050781,167.24490356445312,29.859739303588867,252.7725067138672,130.40000915527344,73.59312438964844,197.747314453125
2007-03-05,280.9132385253906,39.36528015136719,116.11618041992188,118.21947479248047,160.3465576171875,29.044734954833984,239.1083984375,124.76773834228516,70.49164581298828,189.0753173828125
2007-03-06,294.82183837890625,39.361045837402344,114.41493225097656,122.01118469238281,168.91854858398438,29.02682113647461,247.34490966796875,128.58206176757812,72.35913848876953,195.89842224121094
2007-03-07,295.680908203125,38.8350715637207,111.61292266845703,119.24118041992188,166.5938262939453,28.33720588684082,251.45008850097656,127.6705551147461,70.62713623046875,195.00669860839844
2007-03-08,310.2031555175781,41.320716857910156,122.62078857421875,124.18402099609375,170.62014770507812,28.65066146850586,263.3164978027344,132.3170623779297,73.18301391601562,199.35902404785156
2007-03-09,306.97137451171875,41.43736267089844,122.58744812011719,123.55089569091797,169.43780517578125,27.611757278442383,256.5320129394531,130.59817504882812,71.96366119384766,198.3363800048828
2007-03-12,314.743896484375,40.298465728759766,123.42135620117188,125.0042724609375,168.9864501953125,26.617618560791016,259.0556335449219,130.35052490234375,71.3448257446289,202.0751953125
2007-03-13,313.0666809082031,40.72687530517578,120.85285186767578,126.2849349975586,168.16758728027344,26.680313110351562,264.71661376953125,131.4452362060547,71.79888916015625,207.0493927001953
2007-03-14,298.5853576660156,39.57312774658203,117.9841079711914,119.34906768798828,161.3731231689453,25.596616744995117,256.9814453125,127.34361267089844,69.42609405517578,198.56553649902344
2007-03-15,297.82861328125,38.955955505371094,118.11756896972656,118.55762481689453,166.11846923828125,26.384765625,257.1974792480469,127.1504135131836,67.52932739257812,201.960693359375
2007-03-16,293.4105529785156,38.323944091796875,118.05085754394531,116.55744171142578,163.56607055664062,25.981740951538086,250.17103576660156,128.80990600585938,66.90681457519531,202.50885009765625
2007-03-19,300.1194763183594,39.221065521240234,120.21907806396484,118.3633804321289,166.74560546875,25.435409545898438,253.7058563232422,130.13748168945312,67.85157775878906,206.3130340576172
2007-03-20,301.7148132324219,40.5190315246582,122.82093048095703,118.57200622558594,164.24114990234375,25.22942352294922,255.01097106933594,131.0688018798828,69.74466705322266,205.02044677734375
2007-03-21,311.5531311035156,40.95805740356445,127.4241943359375,125.27044677734375,167.28086853027344,25.901123046875,260.25701904296875,133.96478271484375,71.98563385009766,207.31121826171875
2007-03-22,319.2437744140625,43.51580810546875,131.2269287109375,129.45071411132812,169.2860107421875,26.751964569091797,272.0370178222656,137.4888458251953,75.38735961914062,213.20960998535156
2007-03-23,320.7982482910156,42.8901481628418,132.4611358642578,128.29953002929688,167.17298889160156,25.820531845092773,281.0859069824219,137.56883239746094,75.15301513671875,210.78001403808594
2007-03-26,315.2757263183594,41.28042221069336,132.16094970703125,126.01155853271484,164.42086791992188,25.480188369750977,279.72900390625,136.41912841796875,74.23393249511719,206.38673400878906
2007-03-28,309.9577331542969,40.65476608276367,131.8607177734375,123.44298553466797,159.14031982421875,25.67722511291504,272.71527099609375,134.96450805664062,71.3045654296875,196.51194763183594
2007-03-29,312.330322265625,39.60707092285156,136.7642364501953,123.0760269165039,159.032470703125,26.322071075439453,281.2952880859375,135.68434143066406,72.18338012695312,204.25953674316406
2007-03-30,312.4939880371094,40.47237014770508,136.8976593017578,122.7954330444336,161.26535034179688,27.074386596679688,281.95672607421875,136.9939727783203,72.82782745361328,201.88699340820312
2007-04-02,298.19671630859375,38.232749938964844,130.5597686767578,115.68687438964844,153.6200408935547,26.295198440551758,265.440673828125,131.36045837402344,68.14450073242188,194.58126831054688
2007-04-03,300.13983154296875,38.777801513671875,133.5619354248047,116.2552490234375,156.95130920410156,26.77883529663086,266.09320068359375,134.0397491455078,67.86986541748047,196.781982421875
2007-04-04,305.78509521484375,39.238033294677734,131.96078491210938,118.1331558227539,159.3200225830078,26.572839736938477,269.6347961425781,136.28919982910156,68.53996276855469,196.08670043945312
2007-04-05,305.1919860839844,39.98244857788086,133.4285430908203,120.68011474609375,159.1602783203125,26.545970916748047,269.5043029785156,135.84930419921875,69.45906066894531,195.39930725097656
2007-04-09,311.3280944824219,41.19346618652344,136.53070068359375,123.50052642822266,163.5740966796875,27.817733764648438,278.0059814453125,138.3936004638672,72.42139434814453,199.16273498535156
2007-04-10,313.18939208984375,42.07572937011719,139.26597595214844,123.42860412597656,159.6835174560547,28.632747650146484,275.16925048828125,138.4036407470703,72.58981323242188,195.9146728515625
2007-04-11,316.66656494140625,41.541282653808594,137.19786071777344,123.68037414550781,159.475830078125,28.749183654785156,275.81317138671875,138.62355041503906,71.87213134765625,194.8021697998047
2007-04-12,314.5802307128906,40.65052795410156,138.66555786132812,122.20542907714844,163.43824768066406,27.987911224365234,272.645751953125,138.71351623535156,70.89077758789062,196.50379943847656
2007-04-13,319.7142028808594,41.619754791259766,137.89834594726562,125.68780517578125,166.71763610839844,27.48636817932129,280.9124450683594,141.1578826904297,73.08416748046875,206.4931182861328
2007-04-16,328.2434997558594,41.354652404785156,142.50169372558594,127.81747436523438,170.05691528320312,28.390933990478516,289.10076904296875,145.7366943359375,74.22659301757812,209.4792022705078
2007-04-17,327.159423828125,41.48613739013672,141.23406982421875,128.6448516845703,166.38609313964844,27.952083587646484,290.49322509765625,147.54124450683594,73.98126220703125,204.57040405273438
2007-04-18,333.2955322265625,41.585819244384766,138.86572265625,129.35720825195312,165.87078857421875,28.104331970214844,289.0399475097656,148.49598693847656,75.72789764404297,204.12054443359375
2007-04-19,334.7886657714844,41.67277908325195,138.13185119628906,130.24932861328125,162.9629364013672,28.498409271240234,289.153076171875,149.19577026367188,77.13401794433594,203.36776733398438
2007-04-20,345.93603515625,42.18814468383789,139.01187133789062,131.91139221191406,164.17721557617188,28.73126792907715,295.49676513671875,154.10450744628906,78.64996337890625,205.78121948242188
2007-04-23,344.34063720703125,41.857295989990234,136.94717407226562,132.03369140625,165.3076171875,27.996868133544922,295.9840393066406,155.38914489746094,77.65029907226562,204.1696319580078
2007-04-24,357.24700927734375,43.00044631958008,140.9073486328125,136.7175750732422,164.40087890625,28.02373695373535,296.8715515136719,158.25341796875,82.99641418457031,200.41439819335938
2007-04-25,352.7880554199219,43.73212814331055,143.00588989257812,138.55947875976562,161.2533416748047,28.98203468322754,294.06964111328125,159.79800415039062,83.47976684570312,199.841796875
2007-04-26,353.1153564453125,43.87847900390625,145.78138732910156,138.35079956054688,161.28128051757812,28.937259674072266,298.7250061035156,159.64303588867188,83.87521362304688,202.95875549316406
2007-04-27,338.0408020019531,43.0364875793457,142.73512268066406,134.5662841796875,160.18679809570312,28.776046752929688,293.0601806640625,153.87954711914062,80.67854309082031,201.99337768554688
2007-04-30,331.9046936035156,43.44157409667969,134.9163055419922,124.59413146972656,163.83773803710938,28.6685791015625,295.583740234375,156.06399536132812,80.69685363769531,207.14744567871094
2007-05-03,341.681640625,42.612327575683594,132.58084106445312,125.17694854736328,166.2982635498047,28.98203468322754,303.3805847167969,162.57228088378906,82.27506256103516,211.1072235107422
2007-05-04,333.8887023925781,42.745933532714844,132.10696411132812,123.15519714355469,165.51931762695312,28.84769630432129,295.4705505371094,158.27340698242188,82.6302490234375,208.3011016845703
2007-05-07,336.4045715332031,42.4193229675293,132.61473083496094,121.41403198242188,163.1186981201172,28.8387393951416,295.4358215332031,160.6077423095703,81.99676513671875,208.2765350341797
2007-05-08,333.4591369628906,42.04817581176758,131.70083618164062,120.8456039428711,159.9551239013672,28.659622192382812,295.7751770019531,159.27317810058594,79.2138671875,207.23748779296875
2007-05-09,337.7340393066406,42.1923942565918,129.36534118652344,122.21985626220703,158.22557067871094,28.78499984741211,298.1507568359375,159.78298950195312,82.23478698730469,202.81138610839844
2007-05-10,335.0137634277344,42.917724609375,128.6207275390625,121.2989273071289,157.7143096923828,29.322376251220703,294.2001037597656,158.09844970703125,82.26408386230469,201.20794677734375
2007-05-11,332.9682312011719,42.10332107543945,125.70974731445312,122.09033203125,159.8233184814453,29.044734954833984,293.77374267578125,158.8682403564453,84.43911743164062,204.9468536376953
2007-05-14,337.2840270996094,42.24329376220703,130.07614135742188,125.2489013671875,159.9272003173828,29.02682113647461,293.7650451660156,161.982421875,88.30223846435547,204.57040405273438
2007-05-15,341.12933349609375,42.88591003417969,130.71922302246094,127.61602020263672,157.65438842773438,29.017864227294922,291.2676086425781,159.80801391601562,89.89141082763672,202.5742645263672
2007-05-16,346.99957275390625,43.920894622802734,133.79937744140625,132.18475341796875,155.91683959960938,29.268632888793945,298.31610107421875,163.42698669433594,94.04380798339844,200.30816650390625
2007-05-17,347.59283447265625,44.5016975402832,132.10696411132812,134.98358154296875,158.45724487304688,29.573144912719727,300.1347961425781,168.48068237304688,97.19286346435547,204.52951049804688
2007-05-18,348.53363037109375,45.70813751220703,131.0576934814453,136.86868286132812,158.32940673828125,29.9313907623291,301.38787841796875,169.80035400390625,97.21484375,204.9958953857422
2007-05-21,348.3290710449219,47.266902923583984,131.0576934814453,135.69586181640625,156.61187744140625,30.603097915649414,302.1448974609375,176.04872131347656,98.76741790771484,202.41064453125
2007-05-22,351.5199890136719,47.621360778808594,131.80238342285156,133.61654663085938,155.5213623046875,30.576229095458984,301.74462890625,177.87823486328125,97.10865020751953,201.3634490966797
2007-05-23,347.79730224609375,47.602142333984375,134.4086151123047,132.0768585205078,153.84376525878906,29.779132843017578,300.0130310058594,175.56886291503906,95.84168243408203,201.81341552734375
2007-05-24,342.3975524902344,46.59855270385742,136.20252990722656,131.13433837890625,154.74246215820312,29.75226593017578,296.54962158203125,172.6746063232422,94.18294525146484,200.3980712890625
2007-05-25,341.2929992675781,45.66115951538086,137.52259826660156,131.33578491210938,158.6170196533203,29.877653121948242,302.62353515625,172.7595977783203,95.1056900024414,201.24888610839844
2007-05-28,338.8999328613281,48.13597106933594,135.72866821289062,132.78915405273438,157.5026092529297,29.806007385253906,310.42034912109375,172.34471130371094,95.83071899414062,200.5207977294922
2007-05-29,342.0906677246094,48.872642517089844,137.8948974609375,132.47259521484375,156.0766143798828,29.55523109436035,323.0379943847656,175.64382934570312,96.85600280761719,201.4453125
2007-05-30,340.43389892578125,47.14945602416992,134.4424591064453,131.4724578857422,152.27792358398438,29.071605682373047,347.1769104003906,175.2389678955078,97.181884765625,198.90911865234375
2007-05-31,347.4086608886719,49.00929641723633,137.69180297851562,132.263916015625,153.6639404296875,29.34027862548828,349.7961120605469,175.8337860107422,99.13357543945312,197.7146759033203
2007-06-01,344.1565246582031,49.25913619995117,136.439453125,133.88999938964844,154.8662872314453,28.84769630432129,348.0644836425781,175.07894897460938,100.98274993896484,199.40818786621094
2007-06-04,338.22491455078125,49.8975830078125,132.8177947998047,134.30723571777344,153.08880615234375,29.53732681274414,343.1740417480469,174.14920043945312,102.99668884277344,197.6737060546875
2007-06-05,342.5611267089844,49.52177810668945,132.54696655273438,135.12747192382812,155.23779296875,28.99099349975586,338.4576110839844,174.49411010742188,105.2010498046875,197.6654052734375
2007-06-06,337.2023010253906,48.13810729980469,132.41160583496094,131.11996459960938,155.37001037597656,28.27450180053711,334.3503723144531,169.08554077148438,101.759033203125,196.4056854248047
2007-06-07,335.9749755859375,47.21352005004883,129.66998291015625,130.81771850585938,156.876953125,27.74609375,330.1387023925781,166.87112426757812,99.6462173461914,197.49368286132812
2007-06-08,333.6023864746094,46.59001159667969,127.90989685058594,130.00473022460938,156.37196350097656,26.975860595703125,327.998046875,165.66143798828125,99.34962463378906,199.63720703125
2007-06-11,331.8842468261719,46.86333465576172,126.8606185913086,129.78887939453125,158.69247436523438,27.566974639892578,329.21624755859375,166.57119750976562,98.11563873291016,199.841796875
2007-06-12,329.7366027832031,46.47043991088867,128.65452575683594,132.29270935058594,159.47000122070312,27.558019638061523,331.84429931640625,169.84536743164062,97.5700454711914,199.1872100830078
2007-06-13,326.6275634765625,46.24623107910156,126.45443725585938,131.51568603515625,159.40992736816406,27.235593795776367,325.1786193847656,167.49600219726562,95.5051040649414,196.880126953125
2007-06-14,334.5637512207031,46.822757720947266,126.45443725585938,131.79208374023438,161.85064697265625,27.15498924255371,334.8638000488281,169.56045532226562,97.24067687988281,197.0928955078125
2007-06-15,332.5387878417969,47.41851043701172,126.69140625,132.20672607421875,161.0650634765625,27.29828643798828,338.9710693359375,168.1458282470703,97.99930572509766,194.44154357910156
2007-06-18,330.9023742675781,46.48324966430664,127.0975570678711,133.6689453125,159.4659881591797,27.405765533447266,335.3511047363281,167.11607360839844,97.59223937988281,190.8626708984375
2007-06-19,332.1092224121094,46.974365234375,127.90989685058594,137.50982666015625,156.8328399658203,27.414716720581055,347.35955810546875,172.609619140625,101.53706359863281,190.43585205078125
2007-06-20,337.4681396484375,46.9786376953125,127.6729736328125,137.94630432128906,156.64047241210938,27.772960662841797,352.711181640625,173.24948120117188,105.3782958984375,188.30160522460938
2007-06-21,333.9295654296875,47.05337905883789,128.31607055664062,138.2081756591797,156.9811248779297,27.65652847290039,366.42529296875,173.38938903808594,107.06205749511719,188.07176208496094
2007-06-22,337.6931457519531,47.10462188720703,130.2115478515625,138.87742614746094,156.3679656982422,27.58488655090332,366.7821350097656,170.46517944335938,107.7022705078125,187.1442413330078
2007-06-25,340.43389892578125,46.96796417236328,128.07916259765625,138.59375,155.23373413085938,27.611757278442383,378.36419677734375,170.87008666992188,107.29520416259766,184.81307983398438
2007-06-26,348.8609619140625,46.920982360839844,128.7898712158203,137.6189422607422,154.07150268554688,27.611757278442383,375.9538269042969,170.28024291992188,107.85771179199219,184.1563720703125
2007-06-27,342.99072265625,46.56439208984375,129.19610595703125,136.47686767578125,155.1295623779297,27.51323699951172,373.0996398925781,169.8103485107422,107.06947326660156,186.02793884277344
2007-06-28,347.2041015625,46.861202239990234,128.11294555664062,137.1752166748047,154.30398559570312,27.781923294067383,374.7877197265625,169.15553283691406,108.8790512084961,186.63531494140625
2007-06-29,341.9678955078125,48.97300720214844,127.6729736328125,139.00839233398438,154.6245880126953,27.71026611328125,382.53240966796875,170.01031494140625,112.92750549316406,188.68748474121094
2007-07-02,342.3975524902344,49.00716781616211,127.7068099975586,138.2445831298828,155.81088256835938,27.58488655090332,389.0500183105469,168.3857421875,113.29387664794922,186.2413330078125
2007-07-03,354.50628662109375,49.13314437866211,131.8700714111328,140.64512634277344,156.0954132080078,28.005823135375977,393.4967346191406,170.6851348876953,117.07589721679688,185.1167755126953
2007-07-04,351.9290466308594,49.14382553100586,133.69781494140625,143.4458465576172,154.78489685058594,28.292417526245117,399.109375,171.76983642578125,115.74366760253906,183.4832763671875
2007-07-05,348.8404846191406,48.21924591064453,134.74708557128906,146.02102661132812,153.64268493652344,27.880430221557617,405.70538330078125,170.9400634765625,114.50025939941406,182.49827575683594
2007-07-06,354.36297607421875,49.46625518798828,136.16867065429688,142.7984161376953,158.05120849609375,27.853565216064453,411.5356140136719,170.94505310058594,114.75562286376953,190.2141876220703
2007-07-09,361.4400939941406,49.86342239379883,132.4792938232422,141.22711181640625,159.81068420410156,27.880430221557617,420.46368408203125,171.05001831054688,116.26917266845703,193.18569946289062
2007-07-10,356.73565673828125,49.08190155029297,134.54397583007812,140.24505615234375,161.954833984375,27.53114128112793,415.8082275390625,170.2252655029297,114.77411651611328,194.2364044189453
2007-07-11,357.6560974121094,49.05841064453125,137.0825958251953,138.73191833496094,154.67262268066406,27.32515525817871,414.45074462890625,170.28524780273438,114.07469940185547,188.61351013183594
2007-07-12,360.2946472167969,51.309017181396484,139.3842315673828,140.78334045410156,154.07553100585938,27.387849807739258,413.8329162597656,171.8898162841797,115.39952850341797,190.85443115234375
2007-07-13,361.19464111328125,52.37453079223633,137.04872131347656,141.48898315429688,155.4862518310547,27.826704025268555,417.62689208984375,177.25839233398438,115.45503234863281,186.49571228027344
2007-07-16,359.43560791015625,52.00086212158203,134.273193359375,141.25619506835938,155.1696319580078,28.21436309814453,420.3591613769531,177.623291015625,119.28884887695312,185.2316436767578
2007-07-17,353.7084655761719,51.21719741821289,133.25779724121094,141.66357421875,155.38604736328125,28.47959327697754,417.02960205078125,182.73695373535156,117.16841125488281,189.73814392089844
2007-07-18,361.91046142578125,51.249229431152344,134.57785034179688,143.0675506591797,155.86697387695312,28.18692398071289,406.17791748046875,182.2170867919922,116.61332702636719,191.52755737304688
2007-07-19,366.737548828125,51.642127990722656,133.90090942382812,143.97686767578125,160.0311279296875,28.15949058532715,414.8157043457031,189.23023986816406,118.10465240478516,194.08033752441406
2007-07-20,377.9258728027344,51.285518646240234,131.42999267578125,143.4312744140625,159.2095184326172,28.241802215576172,432.14361572265625,189.165283203125,117.2535400390625,193.04611206054688
2007-07-23,384.94146728515625,52.54108810424805,138.6734161376953,141.13983154296875,156.1275177001953,28.0954647064209,457.6037902832031,190.8698272705078,117.32752227783203,195.516845703125
2007-07-24,381.48486328125,53.33540344238281,135.22097778320312,141.07432556152344,158.31573486328125,27.839384078979492,465.4920959472656,191.2096710205078,116.62810516357422,192.38946533203125
2007-07-25,387.3550720214844,52.91476821899414,136.7102508544922,139.43760681152344,159.4178924560547,30.345308303833008,447.82421875,190.20997619628906,116.1544418334961,188.49864196777344
2007-07-26,378.6621398925781,51.983760833740234,139.24884033203125,137.4225311279297,163.06497192382812,30.674549102783203,443.596923828125,194.1439666748047,114.85182189941406,195.21311950683594
2007-07-27,365.1012878417969,49.93816375732422,132.61473083496094,133.03602600097656,160.94085693359375,31.53423500061035,421.9019470214844,186.70091247558594,110.92549896240234,189.76536560058594
2007-07-30,362.2786865234375,49.916805267333984,141.44888305664062,134.28720092773438,159.22152709960938,30.62881851196289,425.928955078125,184.826416015625,116.79463958740234,187.04156494140625
2007-07-31,368.6193542480469,51.272705078125,139.9596405029297,134.93466186523438,158.3718719482422,31.278160095214844,454.60552978515625,189.30023193359375,120.18441009521484,190.3085174560547
2007-08-01,352.99261474609375,49.59650802612305,136.64259338378906,129.631591796875,154.66064453125,30.55565643310547,433.2245178222656,179.72772216796875,114.57430267333984,183.5358428955078
2007-08-02,357.43109130859375,49.21430206298828,136.47329711914062,131.1446533203125,152.23191833496094,30.692838668823242,433.808349609375,180.00765991210938,117.88631439208984,180.24417114257812
2007-08-03,356.96063232421875,49.32533645629883,139.04571533203125,133.19606018066406,153.63067626953125,31.04952049255371,439.325927734375,180.06764221191406,121.06515502929688,180.53216552734375
2007-08-06,354.62890625,48.364437103271484,135.4579315185547,129.03504943847656,149.5146942138672,31.56167221069336,426.8179931640625,177.96820068359375,124.48080444335938,180.951904296875
2007-08-07,358.4537658691406,48.74452590942383,137.51966857910156,126.56172180175781,150.5687255859375,30.5373592376709,427.8727111816406,180.97242736816406,124.49559020996094,182.57308959960938
2007-08-08,362.46282958984375,50.040653228759766,139.6844940185547,128.6131134033203,157.6865234375,30.619672775268555,434.50567626953125,187.49574279785156,126.32740020751953,189.69960021972656
2007-08-09,355.8764953613281,49.353084564208984,138.13818359375,129.44241333007812,155.0413818359375,29.988616943359375,427.1316833496094,184.53146362304688,122.16423797607422,188.5639190673828
2007-08-10,342.99072265625,48.27903366088867,134.77064514160156,125.71785736083984,157.09742736816406,29.88802146911621,423.3838806152344,180.85748291015625,118.93358612060547,188.36651611328125
2007-08-13,348.3700256347656,48.49897384643555,140.23431396484375,127.13640594482422,156.29586791992188,30.14409828186035,424.66510009765625,182.87193298339844,119.38504791259766,186.7206268310547
2007-08-14,350.2312927246094,49.01144027709961,137.86328125,127.83475494384766,156.73667907714844,30.18067741394043,422.3708801269531,183.25680541992188,119.55162811279297,186.02120971679688
2007-08-16,327.75250244140625,46.72026062011719,134.9424285888672,121.06947326660156,153.34609985351562,28.82712173461914,404.8541259765625,173.8592987060547,112.56857299804688,179.0674285888672
2007-08-17,326.0140075683594,45.61418533325195,132.29652404785156,119.98556518554688,148.6529541015625,28.086318969726562,402.6820373535156,175.24391174316406,112.43903350830078,173.82540893554688
2007-08-20,338.6749267578125,47.44200134277344,136.28260803222656,126.9181900024414,146.62103271484375,28.58933448791504,409.9573974609375,179.7527313232422,114.69271850585938,173.72669982910156
2007-08-21,332.9068908691406,47.14519500732422,132.81195068359375,120.61843872070312,141.1824188232422,27.839384078979492,402.4202575683594,174.6390838623047,108.3017578125,167.09396362304688
2007-08-22,346.7337646484375,47.719581604003906,134.80496215820312,123.09902954101562,143.37466430664062,28.94601821899414,415.7497253417969,176.5735626220703,107.96871948242188,168.84674072265625
2007-08-23,348.14508056640625,46.98290252685547,136.00767517089844,120.02194213867188,145.20623779296875,29.339282989501953,418.11376953125,174.35414123535156,104.70848083496094,165.88426208496094
2007-08-24,354.07672119140625,46.87827682495117,137.03858947753906,121.30953216552734,146.3324737548828,29.567922592163086,426.5667724609375,177.5883331298828,108.50529479980469,167.61244201660156
2007-08-27,358.7401123046875,47.813533782958984,137.9663848876953,128.54762268066406,148.10389709472656,30.198970794677734,442.0508728027344,183.33181762695312,115.0701675415039,168.94554138183594
2007-08-28,358.0651550292969,49.137420654296875,138.89414978027344,125.54329681396484,150.71298217773438,30.62881851196289,445.43560791015625,188.20053100585938,114.7630386352539,169.31585693359375
2007-08-29,359.82421875,49.64775848388672,138.79107666015625,124.699462890625,147.26629638671875,30.830026626586914,452.1700439453125,188.92030334472656,116.48377990722656,169.7848358154297
2007-08-30,361.5832214355469,50.41859817504883,139.650146484375,127.02000427246094,149.50660705566406,31.38789939880371,451.6380310058594,191.15478515625,116.26176452636719,172.1549530029297
2007-08-31,359.82421875,50.03852081298828,143.15513610839844,129.25328063964844,148.6529541015625,31.241575241088867,450.6171875,196.03846740722656,118.44512939453125,175.17506408691406
2007-09-03,355.71295166015625,50.23923110961914,144.18600463867188,132.09034729003906,149.14195251464844,31.790311813354492,451.306396484375,195.7435302734375,118.9113998413086,174.66488647460938
2007-09-04,351.1109313964844,50.24137496948242,145.01077270507812,132.19216918945312,151.47047424316406,31.598251342773438,457.9537048339844,197.2381591796875,119.30364990234375,175.4630889892578
2007-09-05,347.2655334472656,50.0705451965332,145.9385528564453,133.18150329589844,151.89927673339844,31.470226287841797,451.7513427734375,196.40841674804688,117.99364471435547,176.49172973632812
2007-09-06,344.4428405761719,50.58942413330078,148.6875762939453,133.98170471191406,152.60067749023438,32.00067138671875,453.48724365234375,198.23289489746094,120.92823028564453,177.42164611816406
2007-09-07,346.8360290527344,51.09974670410156,147.03811645507812,133.85801696777344,152.9773712158203,32.5219612121582,452.021728515625,196.23841857910156,119.921630859375,177.13352966308594
2007-09-10,348.1654968261719,51.08053970336914,146.62579345703125,132.5268096923828,150.01162719726562,33.78406524658203,449.6402587890625,198.5078125,121.3796615600586,172.36065673828125
2007-09-11,346.22235107421875,50.726078033447266,149.20301818847656,131.16650390625,146.10804748535156,33.62859344482422,451.79498291015625,198.95770263671875,120.09928894042969,168.4270782470703
2007-09-12,344.36102294921875,50.48479461669922,149.5122833251953,128.8095245361328,146.03189086914062,32.90608215332031,447.5640563964844,201.26205444335938,120.22883605957031,167.15155029296875
2007-09-13,343.1951599121094,51.8236198425293,147.75973510742188,128.6204071044922,147.02581787109375,32.741455078125,447.93048095703125,202.69671630859375,123.93678283691406,169.65328979492188
2007-09-14,339.3703308105469,52.643577575683594,145.73236083984375,131.8575439453125,147.25428771972656,33.098148345947266,452.0915222167969,203.42152404785156,122.14571380615234,168.27896118164062
2007-09-17,333.1523132324219,52.363853454589844,148.37823486328125,130.23533630371094,144.66522216796875,33.079856872558594,451.99560546875,202.77671813964844,121.79415130615234,164.19728088378906
2007-09-18,340.5771179199219,52.577388763427734,147.45045471191406,134.51275634765625,144.6451873779297,32.97011184692383,456.8544921875,205.75086975097656,125.44664001464844,164.98731994628906
2007-09-19,362.7900390625,56.55544662475586,149.13426208496094,141.64173889160156,148.41650390625,34.2687873840332,465.8221130371094,217.33287048339844,130.97901916503906,168.37767028808594
2007-09-20,365.6535339355469,56.636573791503906,147.20994567871094,140.70335388183594,144.31253051757812,35.50345993041992,479.66619873046875,218.9724578857422,130.22784423828125,164.92144775390625
2007-09-21,376.8622741699219,56.305606842041016,150.78367614746094,140.55056762695312,146.3564910888672,34.918128967285156,486.1477966308594,227.9850616455078,133.7619171142578,167.51365661621094
2007-09-24,386.5369567871094,57.50350570678711,153.6014404296875,144.95164489746094,141.3187255859375,34.323665618896484,506.0545959472656,235.48806762695312,135.7528076171875,165.77728271484375
2007-09-25,394.2684326171875,59.63239288330078,156.24734497070312,144.47882080078125,141.98402404785156,34.232215881347656,500.3233337402344,239.89695739746094,133.7619171142578,164.86390686035156
2007-09-26,392.2844543457031,58.75053405761719,154.94151306152344,148.39976501464844,146.29637145996094,33.75664138793945,496.1884765625,232.13400268554688,136.86302185058594,171.29083251953125
2007-09-27,392.7754211425781,61.197566986083984,150.44000244140625,149.60006713867188,153.56654357910156,33.9212532043457,494.4698486328125,231.76905822753906,139.19436645507812,174.87059020996094
2007-09-28,384.4915466308594,61.308597564697266,151.6083984375,154.5685272216797,151.71490478515625,34.7169303894043,489.8988952636719,229.74461364746094,144.01625061035156,174.48377990722656
2007-10-01,385.1256408691406,60.28581237792969,154.01376342773438,153.89926147460938,152.7248992919922,34.003562927246094,491.78314208984375,229.15972900390625,140.22314453125,171.43896484375
2007-10-03,397.0502014160156,60.84737014770508,151.5396728515625,158.08212280273438,160.4358673095703,34.277931213378906,506.5867919921875,239.52706909179688,141.18161010742188,177.61911010742188
2007-10-04,393.3890075683594,60.20250701904297,153.87628173828125,155.38327026367188,160.22348022460938,33.9212532043457,506.30767822265625,242.52627563476562,140.99288940429688,177.63558959960938
2007-10-05,406.7862243652344,59.92280578613281,152.50180053710938,150.78578186035156,158.94093322753906,32.69574737548828,539.046630859375,249.1845245361328,137.36997985839844,176.5657501220703
2007-10-08,403.206787109375,60.10215377807617,151.71144104003906,148.57435607910156,160.60418701171875,32.58598709106445,526.9734497070312,242.05633544921875,131.8820037841797,177.47923278808594
2007-10-09,424.94927978515625,60.69151306152344,154.15115356445312,152.1315460205078,164.11102294921875,33.820655822753906,551.9136352539062,259.9316101074219,139.87901306152344,180.21131896972656
2007-10-10,438.0806579589844,60.51213836669922,153.97938537597656,155.75428771972656,170.33511352539062,33.67431640625,588.1944580078125,261.7712097167969,142.3621368408203,185.2393035888672
2007-10-11,448.4507751464844,62.38053512573242,155.2165069580078,158.76588439941406,158.45603942871094,34.67119598388672,607.8658447265625,262.9858703613281,143.95335388183594,176.43408203125
2007-10-12,437.1397705078125,61.184757232666016,152.0551300048828,153.49192810058594,154.6766815185547,33.912113189697266,585.68212890625,256.50762939453125,137.86587524414062,175.03514099121094
2007-10-15,460.47760009765625,64.02468872070312,150.71495056152344,159.66795349121094,154.52438354492188,34.232215881347656,596.4904174804688,266.56488037109375,144.5602264404297,176.78799438476562
2007-10-16,453.5641784667969,64.38983917236328,146.350830078125,168.71743774414062,149.59881591796875,34.04930114746094,583.8239135742188,265.0852355957031,142.68032836914062,175.84165954589844
2007-10-17,452.2550964355469,62.46807861328125,143.91107177734375,162.52684020996094,151.51853942871094,33.74748611450195,574.8737182617188,268.6843566894531,135.34947204589844,180.170166015625
2007-10-18,414.9064025878906,59.28434371948242,144.59835815429688,150.8003387451172,151.97691345214844,33.51884078979492,554.52197265625,258.2471618652344,123.96640014648438,184.9677276611328
2007-10-19,399.38201904296875,58.3512077331543,141.4026336669922,148.80714416503906,153.55697631835938,32.22016143798828,525.85693359375,246.8650665283203,123.38539123535156,182.49900817871094
2007-10-22,380.54388427734375,58.5882453918457,142.60531616210938,154.41575622558594,151.71556091308594,32.43965530395508,542.2568359375,240.94161987304688,126.96758270263672,176.90444946289062
2007-10-23,410.34521484375,63.55493927001953,148.2751922607422,160.32994079589844,151.45022583007812,33.8938102722168,581.9832763671875,259.9166564941406,134.35769653320312,175.52655029296875
2007-10-24,407.62481689453125,64.65459442138672,148.4126434326172,160.02438354492188,148.3182373046875,33.710906982421875,593.8471069335938,261.436279296875,141.33700561523438,172.9520263671875
2007-10-25,416.8291015625,66.36497497558594,151.71144104003906,166.5350799560547,147.7191162109375,33.45482635498047,601.2534790039062,262.73590087890625,144.18650817871094,173.21604919433594
2007-10-26,405.27264404296875,66.044677734375,149.68405151367188,172.76931762695312,148.6197052001953,32.97011184692383,675.681640625,269.75909423828125,153.93760681152344,176.79725646972656
2007-10-29,407.2157897949219,70.33451843261719,150.92111206054688,180.50213623046875,149.61279296875,33.39995193481445,744.5880737304688,282.7156982421875,156.66122436523438,176.25262451171875
2007-10-30,408.8929443359375,69.2070541381836,150.81805419921875,180.4365997314453,149.0981903076172,32.84206771850586,753.1630249023438,276.87713623046875,152.12059020996094,173.03451538085938
2007-10-31,411.7768859863281,70.6099624633789,142.29608154296875,182.45166015625,147.7512664794922,32.723167419433594,740.3135375976562,278.30682373046875,153.07164001464844,171.30172729492188
2007-11-01,384.5733947753906,72.18152618408203,133.12124633789062,188.88961791992188,150.68629455566406,31.406200408935547,771.8922729492188,267.9895324707031,153.600830078125,168.83448791503906
2007-11-02,366.1034851074219,75.6108169555664,134.564453125,193.99632263183594,154.16006469726562,32.02809524536133,778.1993408203125,271.2586975097656,166.45301818847656,168.52920532226562
2007-11-05,385.268798828125,73.28546142578125,132.84632873535156,184.75039672851562,149.0821075439453,31.314743041992188,747.2836303710938,266.0450134277344,165.69808959960938,166.89541625976562
2007-11-06,375.4100036621094,72.95023345947266,134.5301055908203,180.66943359375,148.90118408203125,31.781169891357422,719.3510131835938,266.5499572753906,164.2215576171875,165.74021911621094
2007-11-07,368.1080322265625,69.04906463623047,134.63478088378906,174.704345703125,140.38966369628906,31.223289489746094,717.4058837890625,277.01715087890625,167.474365234375,164.543701171875
2007-11-08,361.4400939941406,66.4226303100586,136.2749481201172,170.08506774902344,138.0135040283203,31.13182258605957,719.6913452148438,274.212890625,161.7125244140625,163.32241821289062
2007-11-12,341.19073486328125,63.09157180786133,138.8922576904297,166.63694763183594,132.02288818359375,32.70488357543945,727.3505859375,267.4896545410156,166.15696716308594,159.06466674804688
2007-11-13,341.2725524902344,67.22762298583984,139.5553436279297,170.7615509033203,130.84085083007812,32.549400329589844,762.933349609375,269.2391662597656,169.80572509765625,156.34170532226562
2007-11-14,351.56085205078125,74.83354949951172,140.25326538085938,186.01622009277344,137.3380584716797,33.418243408203125,786.2772216796875,288.76904296875,174.2131805419922,162.83560180664062
2007-11-15,369.0079650878906,72.6192626953125,138.9620819091797,180.64761352539062,132.46112060546875,34.65290451049805,785.8759765625,287.4344787597656,170.83819580078125,161.76295471191406
2007-11-16,373.4669189453125,72.04914093017578,140.53245544433594,177.50503540039062,130.66798400878906,37.5155029296875,763.587646484375,288.0893249511719,172.26296997070312,162.20849609375
2007-11-19,371.68743896484375,70.65906524658203,143.11489868164062,172.7984161376953,130.2619171142578,36.3631477355957,762.1656494140625,285.0150451660156,170.3978271484375,163.95777893066406
2007-11-20,370.21466064453125,69.62344360351562,143.39404296875,168.83383178710938,125.89961242675781,35.96989059448242,756.259765625,278.4118957519531,168.6659698486328,158.643798828125
2007-11-21,368.2102355957031,67.51378631591797,140.9512481689453,160.97740173339844,124.40396881103516,33.912113189697266,716.6294555664062,270.8787536621094,159.62539672851562,155.92086791992188
2007-11-22,370.8078918457031,67.97500610351562,140.91635131835938,166.63694763183594,123.1575698852539,33.857234954833984,690.1277465820312,272.4033508300781,166.47145080566406,156.81202697753906
2007-11-23,375.3487243652344,66.73651123046875,144.33631896972656,165.7712860107422,125.24027252197266,33.774925231933594,715.1465454101562,281.0461120605469,166.45668029785156,158.5861053466797
2007-11-26,387.37554931640625,70.18074798583984,146.77914428710938,168.3027801513672,126.72380065917969,34.33280944824219,729.191162109375,288.3791809082031,166.03114318847656,162.5715789794922
2007-11-27,374.6532897949219,69.72380828857422,146.8838653564453,164.73829650878906,126.53884887695312,34.01271438598633,728.2489624023438,284.2552185058594,168.3365936279297,164.36221313476562
2007-11-28,372.28057861328125,68.60062408447266,146.0114288330078,163.3706817626953,126.1890640258789,34.223060607910156,717.8768920898438,279.1566162109375,166.70465087890625,161.1524200439453
2007-11-29,374.2032470703125,71.50679016113281,146.6046600341797,169.02296447753906,126.02422332763672,33.97612762451172,713.218505859375,281.18109130859375,167.85182189941406,159.427734375
2007-11-30,384.327880859375,73.28974151611328,144.30142211914062,171.4453887939453,128.85870361328125,34.45170593261719,720.3367919921875,285.09002685546875,170.40524291992188,167.04385375976562
2007-12-03,377.96673583984375,72.43347930908203,143.81277465820312,169.05931091308594,128.68582153320312,35.055320739746094,729.1038818359375,293.4128112792969,172.05943298339844,173.26560974121094
2007-12-04,375.062255859375,72.67050170898438,144.1618194580078,165.81488037109375,129.88795471191406,35.165061950683594,738.7780151367188,286.17474365234375,171.32301330566406,169.9319305419922
2007-12-05,376.5350036621094,73.61643981933594,143.77793884277344,169.35757446289062,128.9391326904297,35.247379302978516,753.7562255859375,290.063720703125,176.4816436767578,170.509521484375
2007-12-06,384.7983703613281,72.17085266113281,144.9295654296875,174.6898193359375,131.5001983642578,35.32053756713867,750.6768798828125,287.304443359375,177.29946899414062,170.89736938476562
2007-12-07,392.2026062011719,73.44561767578125,145.59263610839844,181.51327514648438,138.49195861816406,34.41511917114258,744.0733032226562,284.0703430175781,180.2784423828125,175.3614959716797
2007-12-10,398.11383056640625,72.08543395996094,143.70816040039062,184.9832000732422,140.6148223876953,34.14989471435547,738.0192260742188,282.2208251953125,179.5494384765625,170.90562438964844
2007-12-11,423.8652648925781,76.04000091552734,147.0582733154297,191.2174530029297,140.2610321044922,34.296226501464844,748.6094970703125,288.4891357421875,181.1628875732422,171.84634399414062
2007-12-12,433.1103210449219,76.18948364257812,146.7442626953125,187.66751098632812,135.55294799804688,34.68034744262695,748.025146484375,288.0143127441406,180.50048828125,173.8431396484375
2007-12-13,404.2295227050781,75.00652313232422,147.96566772460938,180.82220458984375,133.4783172607422,35.91500473022461,739.60693359375,283.2005310058594,177.3623809814453,169.9154510498047
2007-12-14,390.38226318359375,73.64420318603516,152.6418914794922,175.59909057617188,132.38070678710938,36.7106819152832,728.2664794921875,288.7890930175781,178.13209533691406,171.69781494140625
2007-12-17,370.13299560546875,71.89754486083984,152.81642150878906,169.67764282226562,130.61570739746094,35.39370346069336,711.5001220703125,277.4371032714844,171.14535522460938,167.07688903808594
2007-12-18,372.2601318359375,70.96656799316406,148.14012145996094,165.6039581298828,130.10105895996094,36.13450241088867,691.4971923828125,272.6832580566406,170.19061279296875,165.8391876220703
2007-12-19,370.5419616699219,70.59501647949219,148.31463623046875,169.2630157470703,131.82589721679688,36.527767181396484,696.1206665039062,270.30889892578125,167.0117645263672,169.07374572753906
2007-12-20,375.92144775390625,70.15299224853516,148.5938262939453,168.40463256835938,136.34095764160156,35.94244384765625,695.8414916992188,271.2936706542969,167.05990600585938,172.51467895507812
2007-12-24,397.7047119140625,72.52104187011719,151.07151794433594,175.45362854003906,145.5560760498047,36.22596740722656,713.6983642578125,278.7817687988281,172.79953002929688,183.13441467285156
2007-12-26,402.3068542480469,72.88831329345703,150.2689208984375,177.3376922607422,146.17120361328125,36.555198669433594,731.7384643554688,289.5738830566406,177.6325225830078,181.5831756591797
2007-12-27,394.92303466796875,74.54317474365234,151.38565063476562,181.46234130859375,144.93292236328125,37.23199462890625,725.3179931640625,289.30889892578125,175.86361694335938,183.3076629638672
2007-12-28,385.1051330566406,73.89401245117188,151.00173950195312,178.4725341796875,144.4383544921875,37.780731201171875,725.0475463867188,289.408935546875,175.96722412109375,178.58778381347656
2007-12-31,407.60443115234375,73.84278869628906,149.15219116210938,180.21841430664062,142.31956481933594,38.31117630004883,727.0800170898438,288.1943054199219,175.49359130859375,177.80392456054688
2008-01-01,395.82293701171875,73.85987854003906,152.4674530029297,178.7707977294922,140.46603393554688,39.801910400390625,723.3901977539062,284.7501220703125,176.40762329101562,174.03297424316406
2008-01-02,395.2707214355469,73.25345611572266,150.61785888671875,184.37217712402344,140.5826873779297,40.442115783691406,722.0117797851562,286.09979248046875,179.3569793701172,173.2820587158203
2008-01-03,388.2550048828125,72.36090087890625,155.53846740722656,178.7998809814453,137.426513671875,39.225738525390625,707.443603515625,290.2936706542969,177.27725219726562,166.85415649414062
2008-01-04,387.94830322265625,72.4462890625,161.95956420898438,187.14373779296875,136.28872680664062,40.12201690673828,741.2906494140625,299.2213134765625,176.79986572265625,165.88864135742188
2008-01-07,383.3256530761719,70.69535064697266,165.55401611328125,198.2373809814453,131.62086486816406,42.30783462524414,747.2400512695312,301.9456481933594,177.84344482421875,161.00379943847656
2008-01-08,399.21832275390625,73.27266693115234,165.13519287109375,194.94927978515625,133.66329956054688,42.252952575683594,756.7572021484375,305.3846740722656,182.40628051757812,163.02542114257812
2008-01-09,398.5024719238281,74.5047378540039,163.32061767578125,190.29359436035156,132.91543579101562,41.71335983276367,757.6731567382812,303.2853088378906,181.66246032714844,164.419921875
2008-01-10,395.7615966796875,73.53955841064453,159.51678466796875,197.30621337890625,128.86277770996094,40.2043342590332,734.73046875,302.700439453125,178.33934020996094,162.0022430419922
2008-01-11,394.697998046875,75.3567123413086,156.13165283203125,208.77809143066406,127.19019317626953,40.32322311401367,728.7374877929688,312.67779541015625,180.2044219970703,163.33892822265625
2008-01-14,371.17608642578125,76.15105438232422,152.8861846923828,205.14083862304688,122.98870086669922,41.06401062011719,727.3939208984375,322.0003662109375,182.29901123046875,158.61904907226562
2008-01-15,350.9063415527344,76.39873504638672,151.31585693359375,196.7315216064453,120.78541564941406,39.57327651977539,708.6649169921875,316.4718017578125,179.36436462402344,155.12875366210938
2008-01-16,354.07672119140625,71.47901916503906,149.85015869140625,199.07391357421875,120.23865509033203,38.2197151184082,693.92236328125,309.28369140625,178.7797088623047,155.94564819335938
2008-01-17,356.69476318359375,70.19143676757812,151.8393096923828,192.35227966308594,119.84461975097656,39.8293571472168,712.197998046875,299.5762939453125,178.83889770507812,152.27369689941406
2008-01-18,357.144775390625,67.09099578857422,149.29177856445312,180.4075469970703,118.07556915283203,38.89649200439453,687.2576904296875,279.88641357421875,174.84225463867188,149.05560302734375
2008-01-21,339.1248474121094,64.36207580566406,139.345947265625,170.68882751464844,111.85980987548828,36.92103576660156,644.9315795898438,254.01329040527344,162.5414581298828,137.14862060546875
2008-01-22,344.6269836425781,60.91571044921875,128.45790100097656,163.6689453125,111.03962707519531,33.45482635498047,639.3922119140625,235.6830291748047,158.1932830810547,132.06565856933594
2008-01-23,346.91778564453125,65.52369689941406,133.0294647216797,167.52439880371094,114.34451293945312,35.6406364440918,654.4838256835938,255.00296020507812,171.9854278564453,144.43992614746094
2008-01-24,348.431396484375,64.50299072265625,129.92361450195312,164.6728057861328,114.38877868652344,34.296226501464844,615.7429809570312,248.82456970214844,173.4212188720703,139.68565368652344
2008-01-25,374.34649658203125,68.6903305053711,139.69493103027344,183.50650024414062,122.21276092529297,36.29912185668945,679.1448974609375,261.4712219238281,178.17648315429688,146.53536987304688
2008-01-28,355.5289306640625,67.91093444824219,139.5204620361328,185.34695434570312,116.30253601074219,35.89672088623047,670.3777465820312,256.572509765625,181.4646453857422,141.51608276367188
2008-01-29,347.9405517578125,65.65392303466797,145.76712036132812,177.5631866455078,120.02153015136719,36.8021354675293,658.4790649414062,257.6223449707031,174.9813995361328,143.73582458496094
2008-01-30,351.8063049316406,65.4660415649414,136.6937255859375,172.75477600097656,120.07380676269531,36.463748931884766,646.8331909179688,247.12498474121094,174.45188903808594,144.09194946289062
2008-01-31,351.33587646484375,67.0290756225586,145.69729614257812,166.87698364257812,120.54019165039062,35.768680572509766,636.260498046875,247.82481384277344,170.0120849609375,144.73805236816406
2008-02-01,372.03509521484375,67.09099578857422,145.10403442382812,174.31881713867188,128.2234344482422,37.52463912963867,649.3544921875,254.20809936523438,171.36521911621094,153.97312927246094
2008-02-04,377.578125,66.0831298828125,148.83807373046875,176.37020874023438,131.8781280517578,37.46062088012695,665.0739135742188,259.05194091796875,178.3544158935547,161.61790466308594
2008-02-05,382.4870910644531,64.58202362060547,145.87179565429688,173.3221893310547,129.40550231933594,37.67096710205078,672.8029174804688,261.64117431640625,174.80885314941406,158.20555114746094
2008-02-06,367.86248779296875,64.06312561035156,142.48672485351562,167.61172485351562,121.41666412353516,36.582645416259766,660.023193359375,255.1829833984375,171.196533203125,150.09683227539062
2008-02-07,353.6470947265625,63.70866775512695,139.5902557373047,160.92645263671875,119.19732666015625,35.137630462646484,634.0621337890625,242.48121643066406,169.0668182373047,145.61598205566406
2008-02-08,361.19464111328125,61.579803466796875,147.44224548339844,156.24171447753906,124.82608032226562,36.21681213378906,615.5684814453125,242.5762481689453,171.95350646972656,148.8213348388672
2008-02-11,346.9792175292969,60.24736404418945,135.47238159179688,150.41481018066406,125.27639770507812,33.912113189697266,578.7905883789062,227.6401824951172,160.88528442382812,150.09683227539062
2008-02-12,351.3154296875,60.11497497558594,135.36761474609375,155.274169921875,124.25521087646484,33.93955993652344,570.0409545898438,232.42393493652344,160.96763610839844,143.23060607910156
2008-02-13,351.3154296875,62.71364212036133,134.35560607910156,160.3008270263672,124.26720428466797,35.89672088623047,571.811767578125,238.88720703125,166.0899200439453,143.94293212890625
2008-02-14,358.8014831542969,65.61549377441406,141.75387573242188,169.0375213623047,124.37581634521484,36.445457458496094,610.8753662109375,251.60888671875,173.1144561767578,144.7462921142578
2008-02-15,360.2331848144531,66.71732330322266,147.3723907470703,173.2639923095703,125.87547302246094,37.103946685791016,617.2957763671875,259.3268127441406,180.0762176513672,144.56405639648438
2008-02-18,359.8856201171875,66.48670959472656,151.5252227783203,176.01376342773438,125.05121612548828,38.37519454956055,612.1751098632812,255.3029327392578,176.78163146972656,141.33389282226562
2008-02-19,363.54681396484375,67.1294174194336,154.56129455566406,177.52685546875,125.15983581542969,37.570369720458984,620.0872192382812,255.3878631591797,177.65628051757812,145.01959228515625
2008-02-20,354.751708984375,65.64752197265625,149.4662628173828,169.97592163085938,126.15689849853516,36.9393196105957,604.11474609375,248.334716796875,173.3733367919922,146.78382873535156
2008-02-21,355.46759033203125,65.80340576171875,153.68887329101562,166.04769897460938,130.87301635742188,36.82957077026367,602.212890625,249.56439208984375,170.92198181152344,151.51324462890625
2008-02-22,348.1654968261719,62.96131896972656,150.9668426513672,160.0098876953125,127.10172271728516,36.61007308959961,598.174072265625,243.3809814453125,165.8114776611328,149.17747497558594
2008-02-25,347.79730224609375,60.71712875366211,150.54806518554688,161.07192993164062,129.87591552734375,36.92103576660156,607.8658447265625,255.0780029296875,166.76063537597656,149.21063232421875
2008-02-26,343.33843994140625,62.13283920288086,153.444580078125,162.6359405517578,133.7115478515625,36.847877502441406,615.1498413085938,257.5972595214844,166.65081787109375,148.8213348388672
2008-02-27,344.34063720703125,62.021793365478516,153.72372436523438,162.5050048828125,130.17745971679688,37.01248550415039,635.3270263671875,258.7770080566406,163.77981567382812,145.3675537109375
2008-02-28,346.1405944824219,62.88660430908203,154.21231079101562,160.8900909423828,128.60537719726562,36.994197845458984,635.3355712890625,253.25839233398438,159.95184326171875,145.92245483398438
2008-02-29,337.9998474121094,62.21183776855469,158.7838592529297,158.3657684326172,124.49237060546875,37.08565139770508,614.3472290039062,246.2802734375,165.642822265625,145.34268188476562
2008-03-03,324.09130859375,59.35694885253906,161.8199920654297,149.0690460205078,118.03541564941406,35.21994400024414,583.1871948242188,230.53939819335938,150.78192138671875,140.57188415527344
2008-03-04,313.72125244140625,57.72771453857422,159.830810546875,141.28529357910156,114.10733795166016,33.820655822753906,562.0764770507812,224.2610321044922,147.13433837890625,142.2615203857422
2008-03-05,307.23736572265625,56.91630554199219,157.5275115966797,139.69219970703125,118.91185760498047,35.58576202392578,558.4912109375,229.2147674560547,145.02813720703125,144.9947509765625
2008-03-07,307.25775146484375,54.7596549987793,157.5973663330078,129.98072814941406,115.03201293945312,34.890689849853516,520.945556640625,224.76593017578125,144.31436157226562,140.1660614013672
2008-03-10,329.3888244628906,56.00879669189453,156.20150756835938,126.84544372558594,115.0762710571289,34.93642044067383,475.98504638671875,227.3952178955078,147.8952178955078,138.0954132080078
2008-03-11,322.4140625,56.935523986816406,156.86453247070312,124.63399505615234,114.69432067871094,35.165061950683594,508.91595458984375,234.72825622558594,148.6051483154297,136.41404724121094
2008-03-12,334.625,58.530582427978516,155.11968994140625,128.07484436035156,111.3813705444336,34.844974517822266,513.3910522460938,237.39755249023438,141.7963104248047,136.4222869873047
2008-03-13,319.34600830078125,55.481380462646484,154.9102783203125,121.85511016845703,107.56585693359375,33.948692321777344,490.0035400390625,224.24603271484375,133.0343475341797,129.15847778320312
2008-03-14,307.9941711425781,56.177490234375,157.9114532470703,127.58743286132812,110.17921447753906,35.06446075439453,507.2410583496094,232.19900512695312,134.36001586914062,133.15895080566406
2008-03-17,303.7806396484375,52.35744857788086,157.59312438964844,110.56507873535156,107.57391357421875,33.97612762451172,472.4519958496094,217.96273803710938,128.3552703857422,131.1712188720703
2008-03-18,310.305419921875,52.568843841552734,163.78228759765625,111.765380859375,105.7083740234375,33.482261657714844,482.4576721191406,215.04348754882812,124.92338562011719,135.45327758789062
2008-03-19,318.15966796875,54.34754943847656,159.5736846923828,111.765380859375,108.04827880859375,34.259647369384766,495.6650390625,215.853271484375,125.90393829345703,134.41796875
2008-03-24,327.42523193359375,57.30705642700195,166.11643981933594,116.71202850341797,109.39522552490234,34.963863372802734,512.4228515625,219.9671630859375,128.9749298095703,136.44717407226562
2008-03-25,341.006591796875,60.386146545410156,173.33128356933594,127.86384582519531,119.99742126464844,35.03702926635742,533.3240966796875,231.31918334960938,136.4112548828125,145.19358825683594
2008-03-26,328.7752685546875,61.46235275268555,166.2933349609375,122.78623962402344,120.57640838623047,35.72295379638672,533.132080078125,229.88458251953125,134.42665100097656,145.49998474121094
2008-03-27,338.3067932128906,61.20610427856445,173.08367919921875,121.41864013671875,115.93265533447266,36.60093688964844,516.4180908203125,227.0203094482422,129.16322326660156,141.2179412841797
2008-03-28,338.736328125,60.08721923828125,171.3153839111328,121.55682373046875,122.3212890625,37.77157974243164,549.7066650390625,235.1831817626953,131.610595703125,144.2908172607422
2008-03-31,337.9998474121094,56.85224151611328,161.83714294433594,111.93997955322266,115.78388977050781,37.72585678100586,529.6776733398438,226.5204315185547,125.52739715576172,134.25228881835938
2008-04-01,328.52978515625,55.92552185058594,168.62750244140625,110.24502563476562,114.4289779663086,38.52152633666992,505.5137023925781,234.46336364746094,127.32765197753906,137.88003540039062
2008-04-02,336.7113342285156,56.713443756103516,166.6116180419922,114.14417266845703,119.23352813720703,38.04594421386719,500.6374206542969,234.29339599609375,129.91622924804688,141.0109100341797
2008-04-03,335.3204345703125,56.84798049926758,172.022705078125,114.46424865722656,122.42581176757812,38.05509567260742,496.458984375,239.5419921875,128.5709686279297,146.66787719726562
2008-04-04,320.67547607421875,55.255035400390625,171.06776428222656,111.2343521118164,119.44661712646484,36.69239044189453,468.62255859375,232.0540313720703,125.64114379882812,144.59727478027344
2008-04-07,334.952392578125,55.66288375854492,179.09597778320312,118.03600311279297,119.97730255126953,38.475791931152344,474.37994384765625,240.42678833007812,131.26544189453125,149.76559448242188
2008-04-08,338.8999328613281,55.882816314697266,176.0191192626953,118.42882537841797,117.95899200439453,38.14654541015625,450.8528747558594,238.11241149902344,131.33604431152344,146.9908905029297
2008-04-09,336.220458984375,58.927757263183594,173.1544647216797,121.71690368652344,119.00434112548828,37.93620300292969,460.02972412109375,241.76145935058594,132.84609985351562,145.1521759033203
2008-04-10,326.7093811035156,56.65152359008789,169.90072631835938,116.53016662597656,116.80508422851562,37.79901123046875,468.9714050292969,246.8001251220703,130.35549926757812,149.01181030273438
2008-04-11,329.34796142578125,56.801002502441406,166.57627868652344,114.65337371826172,114.33649444580078,37.32344055175781,484.5076904296875,255.08790588378906,130.77127075195312,150.41162109375
2008-04-15,334.09326171875,55.65861511230469,173.9324493408203,117.51950073242188,121.45284271240234,38.027652740478516,489.66326904296875,261.111328125,131.44979858398438,161.36947631835938
2008-04-16,330.3502502441406,55.872135162353516,170.46658325195312,118.74163818359375,128.6737518310547,38.411773681640625,489.0876159667969,264.1805725097656,130.60655212402344,160.99676513671875
2008-04-17,336.8340759277344,59.83953094482422,164.0298614501953,121.73873138427734,133.41001892089844,38.67699432373047,483.89715576171875,263.93560791015625,132.03810119628906,165.80062866210938
2008-04-21,350.1291198730469,62.38265609741211,166.9652862548828,125.73969268798828,132.3405303955078,38.0825309753418,497.2178039550781,264.29052734375,136.5681610107422,164.5582733154297
2008-04-22,350.169921875,64.41118621826172,169.19338989257812,128.36581420898438,128.5451202392578,39.015380859375,509.8406066894531,260.66656494140625,135.89747619628906,146.96607971191406
2008-04-23,345.69061279296875,61.72499465942383,172.55316162109375,125.81243896484375,132.51336669921875,38.75931930541992,506.7264099121094,257.69219970703125,133.0382843017578,147.28909301757812
2008-04-24,344.8519592285156,61.60755920410156,176.12521362304688,127.85655212402344,136.38116455078125,38.402626037597656,512.3878173828125,258.1971130371094,131.91653442382812,147.5541534423828
2008-04-25,377.33270263671875,64.07595825195312,177.0447235107422,133.21786499023438,135.43637084960938,38.942222595214844,520.2390747070312,262.3810729980469,137.15255737304688,147.3139190673828
2008-04-28,379.64398193359375,65.0560531616211,174.8873748779297,130.3372039794922,133.77586364746094,38.704429626464844,514.42041015625,259.0719299316406,136.2425994873047,146.05494689941406
2008-04-29,368.66021728515625,66.47109985351562,178.1057586669922,131.3046875,140.6831817626953,38.83247756958008,524.9320678710938,265.92510986328125,140.84719848632812,150.83396911621094
2008-04-30,367.4534606933594,65.4554443359375,177.00936889648438,127.97298431396484,140.9686279296875,40.222618103027344,523.9725952148438,261.3813171386719,139.2077178955078,152.56509399414062
2008-05-02,368.2716369628906,66.1533203125,177.1508331298828,136.3459014892578,143.7307586669922,40.414676666259766,546.9674682617188,267.4046936035156,142.95333862304688,156.33355712890625
2008-05-05,365.6944885253906,65.64439392089844,175.55935668945312,135.8657989501953,143.61012268066406,40.37809371948242,546.7493286132812,266.8498229980469,139.61959838867188,153.633544921875
2008-05-06,346.22235107421875,66.25852966308594,175.80691528320312,135.13107299804688,145.33895874023438,41.128028869628906,534.4058227539062,264.93035888671875,137.8507080078125,155.22373962402344
2008-05-07,333.8682861328125,66.21773529052734,178.24720764160156,133.7052764892578,148.29000854492188,41.45729064941406,522.1143798828125,268.82427978515625,138.72532653808594,160.14366149902344
2008-05-08,339.20672607421875,64.77690887451172,177.39840698242188,129.9006805419922,143.50559997558594,39.32633972167969,504.3448181152344,268.0589294433594,135.96414184570312,156.8719482421875
2008-05-09,344.36102294921875,62.37839126586914,178.2118377685547,127.13640594482422,140.6670684814453,39.975685119628906,494.8188781738281,254.1044921875,131.94793701171875,151.90248107910156
2008-05-12,342.7861022949219,63.046180725097656,174.74586486816406,128.11119079589844,142.60093688964844,40.935977935791016,495.9354248046875,256.6622314453125,130.4261016845703,153.5424346923828
2008-05-13,335.46368408203125,63.57012939453125,174.03860473632812,129.28237915039062,140.61883544921875,41.21950149536133,491.13751220703125,251.36093139648438,130.82618713378906,149.92291259765625
2008-05-14,347.2451171875,62.9066276550293,171.81048583984375,130.42445373535156,146.74215698242188,41.39326477050781,493.4232482910156,254.3407745361328,130.2731475830078,160.8724822998047
2008-05-15,350.2518615722656,63.49497604370117,168.1677703857422,135.0655975341797,152.22616577148438,41.374969482421875,518.0145263671875,263.60687255859375,131.8694305419922,163.12538146972656
2008-05-16,348.7177429199219,64.43548583984375,172.55316162109375,137.1752166748047,150.48121643066406,41.53959274291992,523.1874389648438,264.88824462890625,133.84622192382812,162.512451171875
2008-05-20,339.3703308105469,62.75202941894531,170.71409606933594,134.8982696533203,151.79197692871094,41.29266357421875,518.7034912109375,261.5968322753906,129.64952087402344,158.37939453125
2008-05-21,336.4454345703125,60.55535888671875,166.71774291992188,132.62139892578125,150.4208984375,41.74079513549805,522.1317138671875,268.1041259765625,130.37123107910156,159.8702850341797
2008-05-22,334.5023498535156,59.425899505615234,166.0103759765625,128.11119079589844,149.8580322265625,40.86281204223633,509.16015625,263.9183654785156,125.9588394165039,159.21592712402344
2008-05-23,342.6634521484375,59.329254150390625,166.36407470703125,125.41958618164062,147.0516815185547,39.07026672363281,496.1710205078125,256.8984375,123.41336059570312,154.45355224609375
2008-05-26,353.2175598144531,57.8734016418457,163.57009887695312,119.34541320800781,151.578857421875,37.58866500854492,479.4134521484375,252.81813049316406,120.64041900634766,158.2718048095703
2008-05-27,352.9312744140625,57.2335205078125,164.3482208251953,117.89778137207031,151.42205810546875,38.24715042114258,478.75030517578125,250.7578582763672,115.65541076660156,160.49978637695312
2008-05-28,361.7264404296875,58.03445053100586,168.5921630859375,119.36725616455078,153.71377563476562,40.597591400146484,472.5042419433594,253.51162719726562,119.00884246826172,167.21693420410156
2008-05-29,351.17218017578125,56.66878128051758,167.5311279296875,115.84638214111328,153.803466796875,39.50011444091797,502.8619384765625,247.50173950195312,116.26368713378906,164.76531982421875
2008-05-30,358.3310546875,58.7795524597168,167.7079620361328,114.7333755493164,160.11325073242188,39.8293571472168,520.3784790039062,241.55206298828125,114.9786148071289,172.13677978515625
2008-06-02,358.9446716308594,56.28013610839844,166.18722534179688,111.3071060180664,159.1343536376953,40.23175811767578,509.421875,237.05966186523438,110.9881820678711,162.97621154785156
2008-06-03,344.1974792480469,54.386234283447266,166.43479919433594,110.65238189697266,156.8054656982422,40.222618103027344,496.7292785644531,241.86865234375,110.45108032226562,161.53509521484375
2008-06-04,331.49560546875,52.1788330078125,162.89813232421875,110.2159194946289,152.6002655029297,39.47266387939453,480.8613586425781,231.85377502441406,105.9275131225586,158.48707580566406
2008-06-05,336.4862976074219,53.60248565673828,168.23846435546875,113.22027587890625,161.4796142578125,40.69819259643555,473.9350280761719,225.80372619628906,107.78547668457031,162.64495849609375
2008-06-06,328.0798645019531,52.9282341003418,167.81410217285156,111.93997955322266,162.6216583251953,39.04283142089844,467.71527099609375,224.9695587158203,106.2418212890625,160.05255126953125
2008-06-09,319.6119689941406,50.83032989501953,163.92373657226562,109.16111755371094,155.1127471923828,37.92704772949219,453.5135192871094,217.35162353515625,103.01129150390625,151.42208862304688
2008-06-10,317.56658935546875,48.6293830871582,165.76283264160156,106.34587860107422,151.2420654296875,36.86616516113281,451.0622253417969,220.87416076660156,101.77397918701172,145.60769653320312
2008-06-11,330.0842590332031,51.37789535522461,164.8079071044922,107.837158203125,154.40716552734375,36.491180419921875,462.9349060058594,227.27099609375,104.2366714477539,147.4878387451172
2008-06-12,335.46368408203125,49.88338851928711,164.17132568359375,108.13542938232422,152.94287109375,36.573490142822266,471.8325500488281,228.86895751953125,106.58795166015625,147.1399383544922
2008-06-13,333.97052001953125,48.19133377075195,160.38710021972656,111.34346008300781,152.26991271972656,36.2442512512207,473.3592224121094,228.17547607421875,106.2418212890625,150.67662048339844
2008-06-16,343.7679443359375,49.355159759521484,163.49932861328125,116.02098083496094,155.62669372558594,36.85701370239258,476.8223876953125,229.37649536132812,105.55354309082031,150.87539672851562
2008-06-17,340.5771179199219,52.12085723876953,167.177490234375,119.39632415771484,155.93258666992188,37.17710876464844,495.9267578125,234.45675659179688,110.40333557128906,152.6147918701172
2008-06-18,332.1910095214844,50.17757034301758,165.65670776367188,114.49331665039062,151.92727661132812,37.67096710205078,479.97161865234375,229.85385131835938,107.46322631835938,150.04978942871094
2008-06-19,329.4501953125,48.22568893432617,164.0298614501953,109.64125061035156,151.92323303222656,37.64353942871094,456.93304443359375,225.93936157226562,103.48075866699219,147.90118408203125
2008-06-20,313.23028564453125,47.16494369506836,159.67977905273438,106.63687133789062,149.0355224609375,36.28997802734375,447.3721008300781,210.9698486328125,99.37892150878906,143.87893676757812
2008-06-23,310.3871765136719,47.048980712890625,160.59930419921875,104.85462188720703,150.56906127929688,35.74125671386719,418.24468994140625,203.58314514160156,95.82611846923828,142.97950744628906
2008-06-24,307.0941467285156,45.507240295410156,151.96987915039062,102.30126953125,146.38027954101562,35.02787780761719,401.8968811035156,207.3016357421875,96.02107238769531,140.63937377929688
2008-06-25,319.0392150878906,46.1385383605957,152.85401916503906,101.58109283447266,142.4892120361328,34.10417175292969,403.5892333984375,214.66830444335938,95.01451110839844,146.03582763671875
2008-06-26,314.76434326171875,45.54374313354492,150.59060668945312,101.48650360107422,145.61753845214844,35.073612213134766,411.335693359375,225.0750732421875,97.35784149169922,146.79364013671875
2008-06-27,305.9691467285156,43.873165130615234,147.513671875,94.88127136230469,139.12022399902344,33.601158142089844,395.3108215332031,219.35658264160156,92.39665985107422,144.1537628173828
2008-06-30,295.046875,43.263336181640625,146.52342224121094,91.6877670288086,141.67750549316406,34.351104736328125,381.16131591796875,210.5628204345703,88.44999694824219,142.9379425048828
2008-07-01,289.1766357421875,41.45317840576172,139.80377197265625,85.7081298828125,140.0623779296875,33.47311782836914,373.7725830078125,205.43734741210938,81.58309173583984,141.18907165527344
2008-07-02,303.6579284667969,44.13084030151367,141.6074676513672,90.35652923583984,148.51344299316406,32.90608215332031,400.58843994140625,215.47225952148438,85.80427551269531,145.9858856201172
2008-07-03,289.5242919921875,42.277732849121094,138.88424682617188,83.2057113647461,142.1873779296875,30.967205047607422,389.3962707519531,208.04531860351562,87.56277465820312,142.6797332763672
2008-07-04,293.3695983886719,42.95841979980469,142.5270538330078,87.81773376464844,143.2274627685547,31.314743041992188,415.4880065917969,210.8392333984375,89.50428009033203,140.6560516357422
2008-07-07,297.6648864746094,43.17744064331055,148.3625030517578,88.04325103759766,146.81666564941406,32.53110885620117,412.05975341796875,203.83436584472656,93.23612976074219,141.94688415527344
2008-07-08,290.8742370605469,43.02069854736328,148.4331817626953,86.47193908691406,141.6612548828125,31.42448616027832,418.2184753417969,198.93499755859375,96.09268188476562,138.27435302734375
2008-07-09,305.33514404296875,45.447113037109375,153.1016082763672,90.45108795166016,148.61949157714844,33.62859344482422,440.21893310546875,208.9548797607422,98.49169921875,146.02748107910156
2008-07-10,303.4329528808594,45.273189544677734,154.5516357421875,91.36939239501953,147.26126098632812,32.768898010253906,441.823974609375,205.68862915039062,98.39225006103516,144.63674926757812
2008-07-11,304.72149658203125,45.85725402832031,151.43939208984375,87.6221923828125,136.7871856689453,31.927501678466797,410.7251281738281,202.6183319091797,97.14299774169922,133.01123046875
2008-07-14,301.0193786621094,44.30476760864258,155.683349609375,85.74119567871094,126.89228820800781,30.839168548583984,416.42144775390625,205.3670196533203,100.091064453125,127.88965606689453
2008-07-15,290.4652099609375,39.430450439453125,149.74176025390625,78.37269592285156,126.00311279296875,29.348426818847656,397.66607666015625,198.72898864746094,94.03579711914062,125.02487182617188
2008-07-16,299.014892578125,38.80559158325195,152.1820831298828,76.9804458618164,126.24372100830078,30.384286880493164,394.979248046875,195.3219757080078,90.37956237792969,121.26901245117188
2008-07-17,306.5828552246094,41.16974639892578,155.43580627441406,81.73480224609375,129.07437133789062,31.301332473754883,426.2178039550781,202.8645477294922,97.9944076538086,130.45457458496094
2008-07-18,328.52978515625,44.427154541015625,155.4711151123047,91.45085144042969,126.2274398803711,32.98569869995117,444.46728515625,212.37684631347656,103.4131088256836,132.21998596191406
2008-07-21,326.6684875488281,46.54008483886719,161.2712860107422,95.22766876220703,127.36133575439453,33.53780746459961,438.25616455078125,216.3616943359375,107.62238311767578,135.3763427734375
2008-07-22,318.3437194824219,47.29592514038086,164.59571838378906,98.0047607421875,128.74807739257812,35.53098678588867,448.7156677246094,216.2913360595703,111.66850280761719,138.54917907714844
2008-07-23,333.8887023925781,51.7321891784668,163.28717041015625,109.40926361083984,130.70176696777344,35.85850143432617,483.7837829589844,227.8639373779297,122.80032348632812,143.329345703125
2008-07-24,327.1184387207031,52.13160705566406,161.0590362548828,108.15033721923828,127.85079956054688,35.65263366699219,473.62957763671875,231.95928955078125,117.6680908203125,133.66909790039062
2008-07-25,325.9731140136719,48.375999450683594,164.94940185546875,97.27159118652344,126.4925765991211,35.39997482299805,458.067138671875,215.78382873535156,114.89505004882812,133.11109924316406
2008-07-28,325.2776184082031,48.4082145690918,163.28717041015625,98.25650787353516,125.57894897460938,35.68070602416992,474.58056640625,219.08023071289062,112.78645324707031,134.2852783203125
2008-07-29,318.22100830078125,44.203853607177734,168.20314025878906,90.00676727294922,125.68089294433594,35.484195709228516,444.3103332519531,209.35183715820312,104.9249496459961,134.7350616455078
2008-07-30,331.3114929199219,46.98456954956055,168.80433654785156,94.21309661865234,130.68544006347656,35.24089431762695,451.890869140625,217.6330108642578,110.43915557861328,139.7317657470703
2008-07-31,326.7298889160156,47.16064453125,169.51165771484375,94.3908462524414,129.16819763183594,34.96016311645508,454.5863342285156,221.8540496826172,112.77056884765625,139.36398315429688
2008-08-01,335.5045166015625,47.5965461730957,166.18722534179688,95.14620971679688,133.73634338378906,35.01631546020508,469.3028259277344,230.90908813476562,119.71700286865234,140.51730346679688
2008-08-04,333.80682373046875,47.61586380004883,168.12586975097656,94.85739135742188,135.31887817382812,35.147315979003906,463.6412658691406,225.36148071289062,120.19043731689453,136.28834533691406
2008-08-05,343.6656494140625,50.86899185180664,172.29043579101562,102.80352020263672,136.92584228515625,35.58712387084961,470.7596130371094,228.74331665039062,125.59326171875,138.68704223632812
2008-08-06,355.6515808105469,52.238956451416016,176.41908264160156,104.66231536865234,138.62261962890625,35.540340423583984,481.74237060546875,231.0095977783203,120.82703399658203,143.84373474121094
2008-08-07,347.4495849609375,53.79573059082031,173.94195556640625,104.85487365722656,140.80877685546875,35.924007415771484,481.28875732421875,228.39663696289062,121.20101928710938,142.64016723632812
2008-08-08,343.97247314453125,55.10342025756836,173.76239013671875,108.35768127441406,137.01150512695312,35.5777702331543,494.8537292480469,226.3061981201172,120.77127075195312,141.26116943359375
2008-08-11,345.8951721191406,56.32307052612305,173.72650146484375,114.2154312133789,136.26104736328125,36.270240783691406,504.6588134765625,233.6879119873047,127.14881896972656,139.39743041992188
2008-08-12,336.77264404296875,54.3282470703125,174.44454956054688,109.69807434082031,130.83636474609375,36.62582778930664,496.48504638671875,235.89891052246094,123.81483459472656,136.9402313232422
2008-08-13,335.7909851074219,52.27975082397461,174.98306274414062,105.26216888427734,132.6350555419922,36.48546600341797,486.4095764160156,234.8537139892578,123.6039810180664,138.45301818847656
2008-08-14,334.8705139160156,50.452423095703125,172.0750274658203,99.74504852294922,138.14540100097656,35.774288177490234,464.286865234375,228.80868530273438,115.79024505615234,139.27200317382812
2008-08-18,330.9842224121094,51.687110900878906,173.4033966064453,98.4935073852539,139.03045654296875,35.081809997558594,470.20147705078125,223.5926971435547,115.7782974243164,140.66778564453125
2008-08-19,323.94818115234375,51.828819274902344,174.7676544189453,100.37450408935547,138.08419799804688,34.34256362915039,466.7208251953125,223.07009887695312,114.77571105957031,140.61764526367188
2008-08-20,333.80682373046875,53.175167083740234,174.55223083496094,100.53742218017578,138.61846923828125,34.24898147583008,476.37939453125,225.75848388671875,114.85529327392578,140.6761474609375
2008-08-21,326.9548645019531,50.08953094482422,169.31063842773438,95.33875274658203,135.5309295654297,34.108612060546875,461.106201171875,222.37161254882812,106.87042999267578,136.7061767578125
2008-08-22,331.22967529296875,51.27696990966797,175.8446807861328,95.46463775634766,138.3900909423828,34.099266052246094,457.0444030761719,225.60267639160156,106.95001983642578,136.89846801757812
2008-08-25,334.0114440917969,51.865318298339844,174.7676544189453,97.33084869384766,139.2017822265625,34.426780700683594,457.56207275390625,224.3162841796875,107.98838806152344,136.76475524902344
2008-08-26,330.8615417480469,53.73775863647461,177.6038818359375,98.72308349609375,138.5124969482422,34.60456848144531,459.4394226074219,219.0249481201172,109.06656646728516,139.41409301757812
2008-08-27,329.2456359863281,52.99480056762695,176.9935302734375,96.26443481445312,139.34449768066406,34.426780700683594,452.2107849121094,215.874267578125,105.90764617919922,136.80648803710938
2008-08-28,329.10247802734375,52.097232818603516,171.9673614501953,93.68731689453125,138.62669372558594,34.34256362915039,438.77105712890625,208.12071228027344,104.18492889404297,132.44381713867188
2008-08-29,342.60205078125,54.828575134277344,176.20367431640625,99.51547241210938,142.680908203125,35.31575393676758,455.0794677734375,214.68838500976562,111.70430755615234,135.7617950439453
2008-09-01,333.8887023925781,55.75619125366211,173.72650146484375,98.4935073852539,140.57630920410156,35.924007415771484,450.2282409667969,215.23609924316406,112.63923645019531,136.2215118408203
2008-09-02,341.4361267089844,57.53199005126953,177.35250854492188,105.75833129882812,144.8140869140625,36.38252639770508,471.58074951171875,222.3816375732422,121.18508911132812,141.87962341308594
2008-09-04,337.8158874511719,55.960182189941406,172.79307556152344,106.14341735839844,145.93568420410156,35.39997482299805,468.6067199707031,216.30140686035156,122.11607360839844,141.11073303222656
2008-09-05,328.6525573730469,53.617496490478516,175.98831176757812,101.71490478515625,139.67898559570312,35.540340423583984,458.9919128417969,209.13070678710938,120.9344482421875,140.1411895751953
2008-09-08,335.3614196777344,55.87644577026367,181.62481689453125,106.70623016357422,142.7583770751953,36.77554702758789,480.30072021484375,214.3868865966797,126.65550231933594,143.20013427734375
2008-09-09,342.3565673828125,55.55435562133789,180.58364868164062,105.46951293945312,142.7094268798828,36.41995620727539,480.55517578125,215.32656860351562,124.00582122802734,144.5540771484375
2008-09-10,332.1706237792969,54.785621643066406,179.97332763671875,103.82547760009766,143.5496826171875,36.504173278808594,476.5372009277344,209.3065643310547,124.65830993652344,142.23065185546875
2008-09-11,317.8323669433594,53.81075668334961,177.2448272705078,101.69270324707031,142.80734252929688,35.867862701416016,467.52783203125,200.7389678955078,122.4542465209961,139.8571014404297
2008-09-12,318.6097106933594,53.45431137084961,178.64495849609375,96.68655395507812,134.10751342773438,35.82106018066406,463.0449523925781,194.23158264160156,120.43313598632812,135.48599243164062
2008-09-15,312.9439697265625,51.6806526184082,174.51637268066406,92.83567810058594,128.73582458496094,35.58712387084961,445.9295959472656,189.6387176513672,118.56723022460938,127.13671112060547
2008-09-16,316.66656494140625,52.838043212890625,172.68533325195312,88.27386474609375,127.77738189697266,36.38252639770508,443.08721923828125,193.76925659179688,125.78022003173828,125.17265319824219
2008-09-17,315.0506591796875,50.99139404296875,170.99795532226562,82.94930267333984,128.80520629882812,34.576507568359375,439.2448425292969,188.6035614013672,121.80573272705078,122.03858947753906
2008-09-18,311.409912109375,52.554603576660156,172.8289794921875,85.48200225830078,124.43278503417969,34.74494552612305,447.99127197265625,194.7943878173828,124.65432739257812,120.54254150390625
2008-09-19,329.6548156738281,55.809879302978516,176.06007385253906,92.93937683105469,132.5535125732422,35.75556564331055,463.92218017578125,206.53785705566406,124.58668518066406,128.1814727783203
2008-09-22,330.8615417480469,55.85926055908203,179.29122924804688,94.16128540039062,132.957275390625,36.49481964111328,451.0177307128906,204.9298095703125,124.67821502685547,128.17306518554688
2008-09-23,324.2549743652344,52.98405838012695,177.46023559570312,88.74044799804688,125.94602966308594,36.26087951660156,444.15753173828125,201.6485137939453,119.61358642578125,120.51746368408203
2008-09-24,331.5774841308594,54.996063232421875,179.29122924804688,88.88113403320312,124.34310913085938,36.12051773071289,447.4998779296875,205.63333129882812,120.79118347167969,119.18859100341797
2008-09-25,323.5390625,55.857120513916016,178.89633178710938,88.30350494384766,122.91957092285156,35.194114685058594,450.1228332519531,203.58314514160156,118.95712280273438,115.0682144165039
2008-09-26,317.4438171386719,53.45001220703125,181.30166625976562,83.00113677978516,118.02928924560547,35.99885940551758,433.13909912109375,197.30186462402344,114.1709976196289,113.02899169921875
2008-09-29,306.91009521484375,51.54967498779297,182.84542846679688,73.06293487548828,113.65692901611328,35.81171417236328,411.8304138183594,194.25167846679688,111.83162689208984,103.63497924804688
2008-09-30,321.064208984375,52.810142517089844,181.12220764160156,79.32061004638672,114.04438781738281,35.194114685058594,429.2265930175781,195.90994262695312,116.43870544433594,111.25709533691406
2008-10-01,323.4571838378906,55.625213623046875,182.63002014160156,81.59410095214844,118.22505950927734,36.00822067260742,426.73504638671875,191.6236114501953,119.70906829833984,112.2851333618164
2008-10-03,309.3849182128906,54.78776550292969,184.31736755371094,74.69954681396484,113.54269409179688,35.64327621459961,406.69842529296875,177.02597045898438,118.05400085449219,109.90321350097656
2008-10-06,297.705810546875,51.652740478515625,179.18345642089844,72.5815658569336,107.56742095947266,33.687530517578125,380.363037109375,164.98101806640625,114.05958557128906,103.46783447265625
2008-10-07,306.0918884277344,48.47907257080078,179.00399780273438,71.84102630615234,106.19290924072266,32.6581916809082,353.7293701171875,168.30255126953125,111.90324401855469,96.26354217529297
2008-10-08,299.9967041015625,47.49992370605469,170.99795532226562,67.20515441894531,102.3140869140625,31.029945373535156,339.1492614746094,165.6795196533203,104.8970947265625,91.36592864990234
2008-10-10,283.20404052734375,44.996185302734375,159.29415893554688,53.86040115356445,99.9443359375,30.571430206298828,312.42791748046875,153.52398681640625,107.61840057373047,87.72198486328125
2008-10-13,302.6556701660156,50.37726974487305,165.86410522460938,62.96918487548828,107.55924987792969,31.82535171508789,346.0270690917969,157.9259033203125,119.0127944946289,95.75367736816406
2008-10-14,313.5984802246094,49.000858306884766,171.46469116210938,66.58308410644531,114.03623962402344,31.619495391845703,352.6942443847656,162.91571044921875,121.61077880859375,99.07170104980469
2008-10-15,292.4287109375,48.818336486816406,166.11541748046875,61.339988708496094,108.93376922607422,30.066118240356445,314.2701721191406,152.78030395507812,119.36688995361328,90.78087615966797
2008-10-16,298.8921813964844,46.952369689941406,177.74742126464844,61.63620376586914,103.80516052246094,30.262630462646484,288.96990966796875,139.8911590576172,122.58150482177734,82.74082946777344
2008-10-17,277.0065612792969,44.0771598815918,173.4392547607422,57.948238372802734,98.85327911376953,29.73859405517578,280.6183776855469,131.25819396972656,112.94561767578125,75.86249542236328
2008-10-20,289.66754150390625,46.39622116088867,171.82374572753906,60.92525100708008,106.39824676513672,30.91766929626465,284.8293151855469,132.75062561035156,114.23062133789062,82.1307144165039
2008-10-21,296.31494140625,46.79130554199219,179.72201538085938,63.843040466308594,110.75838470458984,31.647560119628906,301.6376037597656,140.19265747070312,118.3682861328125,93.4553451538086
2008-10-22,272.5475769042969,45.02839279174805,180.94264221191406,58.755462646484375,106.8091812133789,31.97507667541504,286.21539306640625,132.33860778808594,110.7852554321289,91.37429809570312
2008-10-23,251.6028594970703,46.13424301147461,173.58287048339844,54.1788330078125,105.4695053100586,31.56334114074707,292.1281433105469,122.37398529052734,105.52967834472656,91.48294830322266
2008-10-24,219.71530151367188,41.78172302246094,162.5970916748047,46.38822555541992,102.41618347167969,29.73859405517578,269.6526794433594,102.45988464355469,92.67912292480469,83.38438415527344
2008-10-27,230.96495056152344,40.03813171386719,151.9703369140625,46.81774139404297,102.88462829589844,27.88578224182129,253.87950134277344,108.23863983154297,83.76729583740234,83.03336334228516
2008-10-29,252.175537109375,40.839054107666016,148.91867065429688,51.149967193603516,107.20366668701172,28.653112411499023,266.6172790527344,120.77603149414062,87.49115753173828,90.94567108154297
2008-10-31,267.4341735839844,43.91611099243164,159.22232055664062,59.05908203125,114.15689086914062,29.036779403686523,283.1975402832031,138.23289489746094,88.2988052368164,90.39073181152344
2008-11-03,282.8768005371094,45.975345611572266,170.42359924316406,63.791202545166016,113.30626678466797,29.907033920288086,314.90179443359375,144.8910369873047,98.69860076904297,92.05559539794922
2008-11-04,293.2877197265625,47.78335189819336,177.53204345703125,67.80500030517578,109.46802520751953,31.95636558532715,323.9200439453125,145.88600158691406,105.092041015625,85.51384735107422
2008-11-05,280.3609619140625,47.16923141479492,171.5006103515625,66.77564239501953,108.6543197631836,31.778568267822266,303.79571533203125,127.53970336914062,101.2528076171875,85.16069030761719
2008-11-06,261.5638732910156,45.618900299072266,175.88058471679688,64.19109344482422,102.38326263427734,31.572696685791016,301.53228759765625,117.6404037475586,96.81275939941406,84.11807250976562
2008-11-07,265.1024475097656,46.80205154418945,179.29122924804688,64.0281982421875,103.78868865966797,32.686256408691406,305.409912109375,122.685546875,99.3630142211914,88.31381225585938
2008-11-10,291.11968994140625,47.2701530456543,180.58364868164062,69.88594818115234,110.0104751586914,32.246456146240234,323.8148498535156,130.96173095703125,103.50860595703125,91.8958511352539
2008-11-11,269.76580810546875,43.94831848144531,177.28070068359375,64.33181762695312,103.287353515625,32.29323959350586,303.19915771484375,121.3740234375,97.26634216308594,88.93608093261719
2008-11-12,258.5162658691406,43.23112487792969,168.41307067871094,58.84431076049805,103.51335144042969,31.816003799438477,289.32086181640625,116.8012466430664,93.79310607910156,89.95349884033203
2008-11-14,264.8773498535156,43.329891204833984,168.48489379882812,58.636966705322266,99.71212768554688,31.731775283813477,277.89898681640625,115.24851989746094,93.22419738769531,89.27242279052734
2008-11-17,271.7908020019531,40.216346740722656,169.1311798095703,57.23731231689453,101.29015350341797,30.91766929626465,277.2847900390625,114.71085357666016,92.9297866821289,87.27962493896484
2008-11-18,254.81407165527344,39.29947280883789,168.80804443359375,53.349422454833984,97.02454376220703,30.075475692749023,267.8981018066406,114.56513977050781,88.19934844970703,81.2507553100586
2008-11-19,250.49830627441406,37.98748016357422,168.19769287109375,51.57949447631836,96.38346862792969,30.898948669433594,256.9148254394531,113.81137084960938,86.01912689208984,81.16667175292969
2008-11-20,242.19407653808594,35.266876220703125,168.37718200683594,47.876731872558594,92.20413208007812,30.814733505249023,249.82655334472656,106.13314819335938,86.50050354003906,79.54383850097656
2008-11-21,253.1573028564453,36.78070831298828,168.77210998535156,49.476322174072266,97.36564636230469,31.78792953491211,265.70501708984375,112.99732208251953,94.175048828125,85.1690673828125
2008-11-24,260.909423828125,35.60615539550781,169.4542694091797,47.77304458618164,98.31488800048828,32.218379974365234,266.2313232421875,115.05255126953125,91.298583984375,87.43094635009766
2008-11-25,256.81866455078125,35.876705169677734,169.63375854492188,47.55828857421875,97.14369201660156,31.56334114074707,258.54656982421875,107.71603393554688,85.28707885742188,84.757080078125
2008-11-26,267.12738037109375,38.910804748535156,169.88507080078125,51.96458435058594,97.56697845458984,32.265167236328125,263.58209228515625,114.45960998535156,87.9248275756836,88.70063781738281
2008-11-27,267.12738037109375,38.910804748535156,169.88507080078125,51.96458435058594,97.56697845458984,32.265167236328125,263.58209228515625,114.45960998535156,87.9248275756836,88.70063781738281
2008-11-28,274.5111389160156,39.627994537353516,169.741455078125,52.08307647705078,102.23123931884766,32.489742279052734,255.1953887939453,114.01238250732422,86.61591339111328,94.07365417480469
2008-12-01,266.18646240234375,38.60159683227539,166.94117736816406,48.217384338378906,101.19155883789062,30.927024841308594,246.6684112548828,111.49484252929688,84.0298843383789,94.8724365234375
2008-12-02,274.4293518066406,38.04545593261719,167.40785217285156,47.89894104003906,99.31353759765625,31.74114227294922,238.544921875,107.93209838867188,82.5140609741211,89.60875701904297
2008-12-03,271.627197265625,37.80925369262695,166.68984985351562,49.58740234375,95.05611419677734,31.572696685791016,242.45753479003906,107.4447021484375,87.30020904541016,89.9366683959961
2008-12-04,280.504150390625,39.164188385009766,169.81326293945312,53.9122314453125,98.00262451171875,32.57396697998047,262.5467834472656,116.48970794677734,93.00933837890625,92.3919448852539
2008-12-05,271.95440673828125,38.23441696166992,168.5566864013672,53.08282470703125,93.24383544921875,31.694339752197266,255.84458923339844,112.31896209716797,90.24429321289062,87.75048065185547
2008-12-08,286.8653259277344,38.56509017944336,172.61354064941406,54.800899505615234,95.15471649169922,31.797277450561523,259.37115478515625,112.41442108154297,92.99740600585938,87.82617950439453
2008-12-10,300.9989013671875,39.67094802856445,175.70106506347656,59.25162124633789,96.46974182128906,31.881502151489258,273.6355285644531,123.33375549316406,94.61666870117188,90.98773193359375
2008-12-11,303.6988220214844,39.44761657714844,173.4751739501953,60.14769744873047,93.27672576904297,32.03122329711914,274.40740966796875,126.52969360351562,95.39247131347656,85.37091064453125
2008-12-12,295.96722412109375,39.507747650146484,172.61354064941406,60.8734130859375,90.8069076538086,32.265167236328125,276.5655212402344,131.36370849609375,96.82471466064453,80.93964385986328
2008-12-15,301.65338134765625,40.55132293701172,175.1625213623047,62.013877868652344,90.59736633300781,32.471031188964844,288.53131103515625,134.72544860839844,95.85795593261719,78.98047637939453
2008-12-16,304.68060302734375,42.29920959472656,178.28598022460938,62.35454559326172,92.4466323852539,33.04185104370117,284.4257507324219,139.54443359375,98.56730651855469,80.61170959472656
2008-12-17,290.1379089355469,43.04001998901367,180.94264221191406,63.954132080078125,93.82324981689453,32.25581359863281,275.4600830078125,135.8158721923828,95.61923217773438,80.26697540283203
2008-12-18,290.5060729980469,45.464290618896484,183.4557647705078,69.90816497802734,96.740966796875,33.6968879699707,284.548583984375,136.78065490722656,103.11872100830078,85.85018157958984
2008-12-19,295.23089599609375,45.18300247192383,190.7436981201172,70.02667236328125,97.91219329833984,33.50973129272461,287.4961242675781,135.80581665039062,102.44239044189453,86.36307525634766
2008-12-22,295.3945617675781,43.740028381347656,188.3383331298828,66.01287841796875,97.54231262207031,33.67816925048828,285.9872741699219,129.1979522705078,101.28861236572266,85.85856628417969
2008-12-23,290.7924499511719,42.07803726196289,185.07127380371094,63.220977783203125,96.65879821777344,33.27579116821289,271.81072998046875,126.60505676269531,100.59236907958984,84.185302734375
2008-12-24,282.01776123046875,42.266998291015625,184.85592651367188,65.30935668945312,96.49030303955078,32.25581359863281,268.59991455078125,124.82115173339844,102.30708312988281,80.40989685058594
2008-12-26,280.79046630859375,41.77742004394531,181.01449584960938,61.81394958496094,91.1685562133789,31.937644958496094,261.2835693359375,121.62023162841797,98.9134292602539,79.31681060791016
2008-12-29,291.2833251953125,43.04645919799805,181.55299377441406,65.90918731689453,91.53839111328125,32.04057312011719,260.44140625,125.25331115722656,101.19709014892578,80.182861328125
2008-12-30,295.59906005859375,43.76150894165039,181.15805053710938,67.92350006103516,92.70138549804688,32.180946350097656,270.86328125,125.67539978027344,102.7805404663086,81.14985656738281
2008-12-31,292.69464111328125,42.87467575073242,179.72201538085938,66.36834716796875,91.6781234741211,32.134159088134766,271.5124206542969,123.89154052734375,102.54978942871094,80.36786651611328
2009-01-02,288.3584289550781,43.617637634277344,177.7115478515625,69.79708862304688,93.0465316772461,32.6581916809082,289.6191711425781,129.28334045410156,105.97526550292969,83.79852294921875
2009-01-05,280.48370361328125,44.839447021484375,174.48040771484375,74.04044342041016,96.3917007446289,32.36809539794922,300.8305358886719,137.26809692382812,108.27882385253906,86.64895629882812
2009-01-06,268.763671875,47.25727462768555,177.28070068359375,77.5284652709961,96.0423812866211,32.639469146728516,298.339111328125,137.775634765625,105.25914001464844,85.16069030761719
2009-01-07,265.9001770019531,43.3427848815918,180.33233642578125,69.29352569580078,97.60397338867188,31.460407257080078,271.8282775878906,120.67552185058594,98.6707534790039,84.89160919189453
2009-01-09,261.3593444824219,43.69709014892578,189.128173828125,67.62727355957031,98.90667724609375,31.750497817993164,252.9496307373047,115.90177154541016,97.16288757324219,90.29823303222656
2009-01-12,255.20272827148438,43.104434967041016,189.45126342773438,64.87242126464844,95.31501007080078,30.898948669433594,241.5276641845703,110.33909606933594,92.21363830566406,86.19493103027344
2009-01-13,248.33023071289062,42.466697692871094,182.77359008789062,63.013633728027344,100.94086456298828,31.572696685791016,245.58059692382812,108.29391479492188,93.48677062988281,88.39794158935547
2009-01-14,254.7527618408203,41.98141098022461,182.37869262695312,65.33157348632812,107.14203643798828,31.94701385498047,248.86154174804688,118.56501007080078,95.23731231689453,90.63457489013672
2009-01-15,246.9393768310547,39.716033935546875,177.35250854492188,60.52536392211914,102.87641143798828,31.535263061523438,248.05445861816406,114.80632781982422,91.2866439819336,85.84176635742188
2009-01-16,259.66168212890625,40.26359176635742,180.08103942871094,62.7618408203125,104.16680145263672,32.14351272583008,251.6512451171875,122.3438491821289,92.63137817382812,84.58891296386719
2009-01-19,264.61151123046875,40.41604995727539,182.52230834960938,61.110408782958984,103.72708892822266,31.937644958496094,255.33575439453125,123.6051025390625,91.2190170288086,84.2105484008789
2009-01-20,252.13465881347656,39.1856575012207,176.6704559326172,58.69622039794922,102.88053894042969,31.937644958496094,248.68609619140625,118.95697021484375,88.55342102050781,83.48741912841797
2009-01-21,238.5123748779297,38.19790267944336,183.1685028076172,54.70463180541992,100.58745574951172,32.04993438720703,240.4223175048828,112.54507446289062,86.03106689453125,82.78948211669922
2009-01-22,253.30055236816406,38.672454833984375,181.84022521972656,55.993186950683594,101.16686248779297,31.92828941345215,233.22872924804688,114.19831848144531,86.75514221191406,83.51262664794922
2009-01-23,250.82559204101562,37.46783447265625,177.2089080810547,53.89002227783203,99.00941467285156,31.890859603881836,224.9473876953125,116.19319915771484,82.87213134765625,81.75525665283203
2009-01-27,264.8364562988281,38.19790267944336,181.91201782226562,56.44493103027344,102.90930938720703,31.96572494506836,223.78941345214844,123.20813751220703,86.5442886352539,83.93307495117188
2009-01-28,266.77960205078125,39.15559768676758,186.00474548339844,60.436500549316406,105.7530517578125,32.87342071533203,235.70263671875,128.0371856689453,88.51763153076172,85.85330200195312
2009-01-29,256.6549377441406,39.658058166503906,184.56869506835938,60.74014663696289,107.68041229248047,32.83598327636719,231.96551513671875,127.64520263671875,87.46730041503906,86.96149444580078
2009-01-30,259.33441162109375,39.750396728515625,187.87161254882812,61.650997161865234,107.39274597167969,33.706233978271484,242.2119140625,133.02194213867188,91.5850601196289,86.55542755126953
2009-02-02,251.90966796875,38.16570281982422,188.0511474609375,57.03736877441406,105.17366027832031,33.35064697265625,231.79006958007812,128.64013671875,87.19279479980469,83.12094116210938
2009-02-03,255.67312622070312,38.57368850708008,191.06687927246094,58.059326171875,105.40786743164062,33.8559684753418,230.75489807128906,131.27328491210938,86.9142837524414,84.56748962402344
2009-02-04,259.4776306152344,38.043304443359375,192.35928344726562,57.71867752075195,105.3379898071289,33.8559684753418,229.9477996826172,131.4039306640625,87.27234649658203,84.36447143554688
2009-02-05,257.16632080078125,37.9745979309082,189.128173828125,57.844566345214844,103.21751403808594,33.93083190917969,223.38587951660156,129.52456665039062,87.1092300415039,81.69979858398438
2009-02-06,264.693359375,38.582271575927734,187.11767578125,60.29579544067383,105.9338607788086,34.16477584838867,224.19297790527344,135.15762329101562,89.0069808959961,85.06659698486328
2009-02-09,272.3431091308594,39.48627471923828,186.79457092285156,63.443145751953125,107.84066009521484,34.27705764770508,236.6501007080078,139.66505432128906,91.3105239868164,87.13066101074219
2009-02-10,271.44317626953125,40.6694221496582,185.9329376220703,63.49497985839844,107.53655242919922,33.75303268432617,245.12448120117188,140.8961639404297,92.62740325927734,88.75485229492188
2009-02-11,275.4929504394531,40.13259506225586,186.1124725341797,64.45772552490234,107.0023193359375,33.72495651245117,241.9311981201172,138.8157958984375,92.21363830566406,87.08839416503906
2009-02-12,266.2478942871094,40.10469055175781,185.75347900390625,62.41377639770508,103.11067962646484,33.36936569213867,239.47483825683594,135.83096313476562,92.2375259399414,86.26781463623047
2009-02-13,266.615966796875,40.547027587890625,186.14834594726562,64.33921813964844,102.87229919433594,33.55652618408203,246.40521240234375,139.9363555908203,95.15771484375,86.48773193359375
2009-02-16,260.8889465332031,39.25008010864258,183.99427795410156,60.57720947265625,100.39017486572266,33.90275955200195,233.9832000732422,132.68026733398438,90.45912170410156,84.7197494506836
2009-02-17,258.8026123046875,37.80495834350586,181.2657470703125,57.12623977661133,96.48619842529297,33.790462493896484,231.03562927246094,127.36385345458984,87.43148040771484,82.09737396240234
2009-02-18,262.1570739746094,37.63746643066406,181.98382568359375,54.726829528808594,96.88481903076172,33.6968879699707,228.7723388671875,130.16275024414062,85.21147918701172,81.33607482910156
2009-02-19,265.2660217285156,37.98748016357422,179.00399780273438,53.54195785522461,99.3546142578125,33.884033203125,224.70175170898438,130.0220489501953,84.2407455444336,82.81644439697266
2009-02-20,262.9138488769531,37.212318420410156,178.96810913085938,49.7429313659668,96.74919128417969,33.72495651245117,218.06967163085938,125.96685791015625,83.07502746582031,80.20252990722656
2009-02-24,260.4389343261719,36.696956634521484,181.5888671875,49.75773620605469,97.43958282470703,33.79982376098633,219.1399383544922,125.95179748535156,81.78202819824219,79.33120727539062
2009-02-25,262.1160888671875,37.117828369140625,180.6195831298828,50.44645309448242,100.06141662597656,34.04311752319336,214.7185516357422,127.28842163085938,82.48223876953125,81.33607482910156
2009-02-26,266.8000183105469,37.56875991821289,182.16326904296875,48.113712310791016,101.58607482910156,34.44549560546875,214.01673889160156,129.72560119628906,81.404052734375,81.58135986328125
2009-02-27,261.19573974609375,38.200050354003906,182.01968383789062,48.513614654541016,101.19564819335938,34.25834655761719,215.36770629882812,127.23818969726562,81.58309173583984,81.73362731933594
2009-03-02,252.3187713623047,36.31903839111328,175.77285766601562,45.084842681884766,100.19293212890625,33.49101257324219,204.99847412109375,123.17794799804688,79.13233184814453,77.8000717163086
2009-03-03,245.91668701171875,35.70922088623047,173.5111083984375,43.78147506713867,98.42996215820312,32.19966125488281,200.7174072265625,120.2835693359375,77.52900695800781,75.49070739746094
2009-03-04,245.71209716796875,36.03131103515625,172.93667602539062,42.196693420410156,98.56147766113281,32.508460998535156,203.68258666992188,121.71572875976562,76.14449310302734,77.91848754882812
2009-03-05,241.25320434570312,34.41654968261719,165.25376892089844,39.997249603271484,97.14369201660156,31.26389503479004,199.5769805908203,115.5550308227539,74.34620666503906,78.3668212890625
2009-03-06,246.36668395996094,34.43373489379883,160.80201721191406,39.863956451416016,100.21756744384766,30.796018600463867,203.8229522705078,117.57512664794922,74.88330841064453,81.49676513671875
2009-03-09,240.43502807617188,34.30274963378906,155.27322387695312,38.9456672668457,98.79569244384766,29.635662078857422,197.22598266601562,115.91182708740234,71.23898315429688,78.33300018310547
2009-03-12,224.3583221435547,34.2984504699707,162.0226593017578,42.08560562133789,100.91212463378906,30.29070472717285,202.1561279296875,120.8011474609375,72.50814056396484,80.76929473876953
2009-03-13,228.12181091308594,35.82733154296875,164.71527099609375,45.714317321777344,106.60374450683594,30.94573402404785,215.87655639648438,129.06729125976562,75.83417510986328,85.7518081665039
2009-03-16,233.70570373535156,36.282535552978516,169.05935668945312,47.81008529663086,105.84346008300781,31.8347110748291,219.9821014404297,133.42396545410156,78.53955078125,87.94276428222656
2009-03-17,233.8080596923828,35.56534957885742,167.58740234375,47.89894104003906,104.01063537597656,32.45231628417969,216.71868896484375,130.67030334472656,75.59544372558594,84.1783447265625
2009-03-18,233.07167053222656,36.203102111816406,166.7975616455078,49.56519317626953,105.0421142578125,31.74114227294922,223.08763122558594,133.80589294433594,76.41105651855469,85.46418762207031
2009-03-19,233.46029663085938,35.747867584228516,165.36148071289062,50.04655075073242,106.61603546142578,31.769208908081055,213.84130859375,135.2430419921875,77.07946014404297,87.12220001220703
2009-03-20,232.9285125732422,36.044189453125,167.51559448242188,47.847110748291016,106.53384399414062,31.66626739501953,205.31427001953125,134.5897674560547,75.9654541015625,86.25091552734375
2009-03-23,242.66448974609375,38.00680923461914,171.3211212158203,51.3647346496582,109.4187240600586,32.639469146728516,212.20953369140625,144.5644073486328,81.44384765625,87.9173812866211
2009-03-24,246.95977783203125,40.44181442260742,171.78781127929688,52.64588928222656,108.55159759521484,32.742408752441406,213.29736328125,145.9713897705078,82.1361083984375,88.2557601928711
2009-03-25,241.76454162597656,41.74951171875,168.48489379882812,54.14181137084961,110.04743957519531,33.26642990112305,218.82412719726562,153.98631286621094,83.54448699951172,88.99169921875
2009-03-26,254.38462829589844,42.66209030151367,172.14682006835938,55.548851013183594,113.35145568847656,34.642005920410156,232.3515167236328,157.33294677734375,87.16890716552734,94.48179626464844
2009-03-27,254.38462829589844,43.007808685302734,172.32635498046875,57.052181243896484,110.5364990234375,34.86659240722656,238.75550842285156,155.64956665039062,89.46051025390625,97.25640869140625
2009-03-30,249.39382934570312,40.605018615722656,172.14682006835938,50.076175689697266,106.9530258178711,33.4723014831543,228.66702270507812,152.4033966064453,81.34835815429688,88.52645111083984
2009-03-31,255.97996520996094,41.80318069458008,170.53128051757812,49.29118347167969,108.81047058105469,34.595218658447266,235.59735107421875,153.23756408691406,84.90912628173828,91.11498260498047
2009-04-01,251.52110290527344,42.94553756713867,169.77735900878906,51.74241638183594,112.90764617919922,34.50164794921875,235.96580505371094,158.91583251953125,85.73268127441406,92.12165069580078
2009-04-02,261.27752685546875,44.51519775390625,165.86410522460938,53.42347717285156,116.65960693359375,34.679439544677734,251.86178588867188,166.9658966064453,91.27074432373047,97.91625213623047
2009-04-06,269.8885803222656,45.70050048828125,163.27920532226562,55.51183319091797,116.2198486328125,33.65009307861328,270.3018493652344,167.99603271484375,89.49632263183594,98.05158233642578
2009-04-08,270.9317932128906,44.95323944091797,173.25979614257812,55.748802185058594,117.13216400146484,35.53098678588867,283.1625061035156,173.3778076171875,89.41676330566406,102.21356201171875
2009-04-09,272.4657897949219,44.852325439453125,167.30014038085938,58.918357849121094,117.28419494628906,35.02568054199219,292.1105651855469,174.44309997558594,90.733642578125,101.94287872314453
2009-04-13,271.3408508300781,47.16923141479492,165.1461181640625,61.702850341796875,115.82945251464844,34.997596740722656,289.98760986328125,178.2419891357422,96.90827941894531,100.20025634765625
2009-04-15,280.23828125,46.49927520751953,169.05935668945312,65.5981674194336,112.64875030517578,34.651363372802734,308.1819763183594,183.92025756835938,103.02721405029297,97.73863220214844
2009-04-16,273.18170166015625,45.784236907958984,171.71604919433594,63.324649810791016,110.56111145019531,35.877220153808594,291.97015380859375,174.36776733398438,100.32579803466797,96.78267669677734
2009-04-17,278.3974304199219,46.033329010009766,171.68014526367188,65.29454040527344,114.84317779541016,35.26897048950195,305.0238342285156,172.55368041992188,103.82290649414062,96.96031951904297
2009-04-20,281.52685546875,45.82718276977539,170.89028930664062,63.19136047363281,114.5267562866211,34.5671501159668,310.2873840332031,172.3979034423828,103.01526641845703,94.98088836669922
2009-04-21,294.33099365234375,46.686100006103516,174.40859985351562,59.05908203125,111.97886657714844,35.3064079284668,299.4269714355469,171.46328735351562,99.76483917236328,93.1790542602539
2009-04-22,291.50830078125,46.782718658447266,172.75718688964844,59.25162124633789,113.51172637939453,35.65263366699219,289.9700012207031,172.65924072265625,97.9784927368164,91.85938262939453
2009-04-23,289.58563232421875,46.918006896972656,172.505859375,62.85811233520508,119.2115707397461,35.55905532836914,303.0062255859375,177.25205993652344,100.73160552978516,96.11443328857422
2009-04-24,306.7055358886719,47.6802864074707,171.10568237304688,64.2947769165039,119.05949401855469,35.661983489990234,311.0944519042969,179.77964782714844,104.32817840576172,98.78758239746094
2009-04-27,304.2101745605469,47.90145492553711,165.72052001953125,69.24909210205078,118.01568603515625,36.21409225463867,318.4985656738281,179.447998046875,101.70632934570312,101.83290100097656
2009-04-28,296.31494140625,46.03118133544922,161.77134704589844,65.05013275146484,117.59245300292969,35.10053253173828,306.39239501953125,174.5838165283203,98.31666564941406,101.25767517089844
2009-04-29,307.9327697753906,47.255126953125,168.5566864013672,70.97457122802734,124.04429626464844,35.35318374633789,308.56805419921875,181.52835083007812,101.73818969726562,105.50423431396484
2009-04-30,308.444091796875,47.255126953125,168.5566864013672,71.24116516113281,124.04429626464844,35.31575393676758,308.56805419921875,181.92535400390625,101.73818969726562,105.25048828125
2009-05-04,310.59173583984375,51.508880615234375,172.25454711914062,78.48377990722656,133.8207244873047,38.487998962402344,334.35943603515625,189.65380859375,108.71247863769531,112.74541473388672
2009-05-05,307.1146240234375,51.24476623535156,171.14158630371094,84.28971099853516,130.0276641845703,37.018856048583984,344.3953552246094,189.30706787109375,107.03752899169922,110.13993072509766
2009-05-06,309.87591552734375,50.33002471923828,168.4490509033203,79.92044830322266,129.30442810058594,36.03630065917969,340.7108459472656,189.09100341796875,105.22732543945312,107.4921646118164
2009-05-07,320.1232604980469,50.51898956298828,165.61276245117188,81.35711669921875,127.61954498291016,35.64327621459961,346.5534362792969,192.51304626464844,108.9710922241211,106.87464141845703
2009-05-08,314.3143615722656,49.131832122802734,167.33609008789062,77.1285629272461,124.98538208007812,35.259620666503906,347.88690185546875,190.98037719726562,105.3944091796875,106.74771118164062
2009-05-11,306.2555236816406,49.2585334777832,163.09970092773438,77.51366424560547,124.73470306396484,35.175392150878906,338.2018737792969,187.091064453125,100.11494445800781,104.091552734375
2009-05-12,324.72540283203125,51.33279800415039,161.62774658203125,82.66049194335938,131.37554931640625,35.81171417236328,344.7287292480469,196.97021484375,103.0550537109375,108.46497344970703
2009-05-13,325.5231018066406,50.001495361328125,159.365966796875,81.6311264038086,129.36192321777344,35.194114685058594,342.6057434082031,194.26673889160156,100.36955261230469,105.18277740478516
2009-05-14,312.8007507324219,49.973575592041016,161.44827270507812,79.42427825927734,128.80718994140625,34.96016311645508,332.0960998535156,191.8497314453125,100.84300994873047,104.86129760742188
2009-05-15,327.20025634765625,50.88832473754883,161.05332946777344,85.11913299560547,130.9112091064453,34.819793701171875,347.044677734375,196.04562377929688,104.5151596069336,108.96406555175781
2009-05-18,410.38616943359375,59.18324279785156,172.03912353515625,104.72895812988281,147.9490966796875,38.69386672973633,432.1917724609375,237.9391326904297,125.44602966308594,125.84880828857422
2009-05-19,374.34649658203125,60.630516052246094,164.78701782226562,111.99378204345703,128.12911987304688,35.64327621459961,471.3174743652344,224.2057342529297,139.56175231933594,113.31214141845703
2009-05-20,351.6631164550781,59.29060745239258,167.62326049804688,104.9955825805664,125.82367706298828,34.89466094970703,477.6865234375,216.3214874267578,141.72605895996094,114.47955322265625
2009-05-21,348.7177429199219,58.87833786010742,165.4332733154297,99.68579864501953,123.48131561279297,34.08990478515625,434.525146484375,212.60299682617188,136.23974609375,109.539306640625
2009-05-22,351.6426086425781,58.82893753051758,166.58216857910156,104.06986236572266,125.11690521240234,34.36128234863281,456.4390563964844,219.66815185546875,137.81520080566406,107.27222442626953
2009-05-25,331.49560546875,58.5605354309082,167.33609008789062,104.3660888671875,124.19222259521484,35.52162551879883,457.91290283203125,220.57264709472656,137.04733276367188,106.8154296875
2009-05-26,315.48016357421875,57.375244140625,165.86410522460938,98.64161682128906,127.20036315917969,34.44549560546875,439.6133117675781,215.34161376953125,134.42947387695312,105.64805603027344
2009-05-27,314.4984436035156,60.51455307006836,165.25376892089844,105.19551086425781,130.52902221679688,34.45484924316406,460.4570007324219,219.72845458984375,142.6610107421875,109.72542572021484
2009-05-28,325.58441162109375,61.839420318603516,165.86410522460938,108.16513061523438,129.7769775390625,34.41742706298828,472.21234130859375,223.16555786132812,145.57723999023438,112.20399475097656
2009-05-29,335.8113098144531,62.03483581542969,165.72052001953125,109.62400817871094,131.92214965820312,34.370635986328125,492.0384826660156,228.32626342773438,148.70431518554688,119.20831298828125
2009-06-01,329.2252502441406,61.56887435913086,167.0488739013672,107.01727294921875,137.79046630859375,36.00822067260742,491.49456787109375,229.36138916015625,149.33294677734375,118.032470703125
2009-06-02,327.42523193359375,60.02928161621094,167.8386993408203,108.46134185791016,138.7890625,35.970794677734375,495.9158935546875,229.05990600585938,151.73199462890625,117.54177856445312
2009-06-03,326.6275634765625,58.86759948730469,172.1109619140625,106.55814361572266,134.91383361816406,38.00139617919922,493.143798828125,225.71324157714844,149.5557403564453,117.89707946777344
2009-06-04,333.97052001953125,59.642765045166016,179.1476287841797,108.63906860351562,135.07131958007812,37.91718292236328,510.70660400390625,227.30616760253906,149.8223114013672,119.64815521240234
2009-06-05,338.2044677734375,60.92255401611328,180.94264221191406,111.78642272949219,140.78939819335938,35.81171417236328,534.2874145507812,222.3816375732422,144.63038635253906,122.04214477539062
2009-06-08,332.9273681640625,60.12590789794922,181.12220764160156,107.32831573486328,144.36940002441406,34.36128234863281,519.4441528320312,220.49729919433594,134.94668579101562,125.55274963378906
2009-06-09,332.3546142578125,60.993404388427734,184.3533172607422,109.28337097167969,148.73672485351562,35.70878982543945,551.90283203125,228.35137939453125,140.32960510253906,132.32862854003906
2009-06-10,341.41571044921875,64.47199249267578,189.81027221679688,110.74224090576172,149.89691162109375,36.550968170166016,571.5359497070312,233.18043518066406,142.1215362548828,132.26942443847656
2009-06-11,349.5154113769531,66.8447265625,186.6509552001953,112.78665161132812,145.10279846191406,36.981422424316406,571.6235961914062,231.4769287109375,137.00460815429688,131.1358642578125
2009-06-12,338.7772521972656,65.62723541259766,186.50514221191406,111.60660552978516,143.23817443847656,36.80363082885742,555.0609130859375,237.39134216308594,132.23956298828125,129.3509521484375
2009-06-15,335.21820068359375,65.83766174316406,188.98452758789062,110.44914245605469,142.1319122314453,36.96269989013672,528.5676879882812,218.9696807861328,132.83016967773438,131.6265106201172
2009-06-16,331.1478576660156,66.40238189697266,192.12034606933594,110.3965072631836,142.92333984375,37.187286376953125,535.3050537109375,215.40695190429688,138.69137573242188,132.529052734375
2009-06-17,328.4684143066406,66.34011840820312,190.77122497558594,108.60015106201172,141.8294219970703,36.270240783691406,515.42626953125,206.16094970703125,134.48460388183594,128.9871826171875
2009-06-18,329.2456359863281,65.4854965209961,189.42214965820312,105.71397399902344,143.0144500732422,36.1860237121582,496.7932434082031,203.51779174804688,137.7974395751953,128.18690490722656
2009-06-19,330.20703125,66.94564056396484,190.15138244628906,107.33745574951172,146.71466064453125,37.542869567871094,525.32177734375,205.17098999023438,139.52059936523438,129.3447723388672
2009-06-22,323.4571838378906,66.69710540771484,189.05746459960938,109.88542175292969,146.38319396972656,38.02947235107422,530.9713134765625,196.2265167236328,137.15834045410156,125.88809967041016
2009-06-23,321.6982116699219,64.20530700683594,189.640869140625,104.80452728271484,144.8044891357422,36.943992614746094,521.584716796875,202.53790283203125,138.17359924316406,124.8663330078125
2009-06-24,326.56622314453125,63.00589370727539,191.75572204589844,103.63201904296875,145.6497802734375,37.19664001464844,529.374755859375,201.2364501953125,138.88551330566406,130.00885009765625
2009-06-25,324.74578857421875,63.2998046875,188.83871459960938,105.22544860839844,145.77822875976562,36.14859390258789,536.656005859375,196.78929138183594,137.8540496826172,129.58311462402344
2009-06-26,331.3933410644531,64.76075744628906,194.01632690429688,113.66602325439453,151.41343688964844,36.81298828125,565.0968627929688,203.93484497070312,141.51478576660156,135.338623046875
2009-06-29,330.22747802734375,65.17135620117188,194.4174346923828,112.54610443115234,147.75466918945312,36.25151443481445,569.09716796875,209.74380493164062,142.8011474609375,131.52439880371094
2009-06-30,328.1412048339844,64.53814697265625,195.07379150390625,108.56260681152344,147.22018432617188,35.699424743652344,550.148193359375,203.3519744873047,141.1952362060547,132.7673797607422
2009-07-01,337.1817932128906,64.94227600097656,198.97520446777344,109.7125473022461,148.76980590820312,35.8023567199707,552.2361450195312,206.90965270996094,143.966064453125,133.82313537597656
2009-07-02,328.52978515625,64.85581970214844,196.9698486328125,110.26121520996094,148.89004516601562,35.877220153808594,549.8851928710938,202.14089965820312,142.33998107910156,132.81845092773438
2009-07-03,335.0545959472656,65.51498413085938,199.1940460205078,113.48564147949219,149.5944061279297,35.877220153808594,564.0968017578125,203.77906799316406,146.4011688232422,133.14202880859375
2009-07-06,320.2868957519531,61.54712677001953,200.4702606201172,102.17388916015625,145.95225524902344,37.00013732910156,513.7770385742188,190.2618408203125,133.76858520507812,129.65126037597656
2009-07-07,332.3138122558594,61.69191360473633,199.41285705566406,104.45126342773438,144.0213623046875,39.526702880859375,526.4097290039062,186.4729766845703,132.38116455078125,132.529052734375
2009-07-08,324.2140197753906,59.4443359375,197.11566162109375,98.17533874511719,141.41090393066406,39.199180603027344,496.3193664550781,183.88009643554688,127.87908172607422,129.8045654296875
2009-07-09,325.5025939941406,60.50762176513672,193.79763793945312,95.51464080810547,139.02008056640625,39.938438415527344,487.4064636230469,186.2669677734375,129.76809692382812,132.1884307861328
2009-07-10,318.1188049316406,59.59777069091797,194.9644317626953,94.53002166748047,142.63327026367188,39.41441345214844,476.019775390625,178.40280151367188,124.88167572021484,134.57235717773438
2009-07-13,313.4962463378906,59.37950134277344,192.41204833984375,95.14633178710938,146.6898193359375,40.194557189941406,466.73828125,175.97068786621094,125.1163101196289,135.37265014648438
2009-07-14,316.3392639160156,58.89324188232422,196.495849609375,102.14385223388672,150.14553833007812,40.49003982543945,479.8971252441406,182.312255859375,128.03273010253906,138.59100341796875
2009-07-15,319.2029113769531,59.72312545776367,197.29795837402344,104.68426513671875,148.47569274902344,41.414608001708984,502.0217590332031,188.5684356689453,132.43373107910156,144.1080322265625
2009-07-16,321.064208984375,60.09916305541992,194.1258087158203,104.30095672607422,148.7615509033203,41.43367004394531,483.9326171875,194.50794982910156,129.7802276611328,142.9672088623047
2009-07-17,337.9998474121094,62.09605026245117,194.52684020996094,111.66675567626953,154.6619873046875,43.70217514038086,498.0915222167969,194.67379760742188,135.42298889160156,147.83721923828125
2009-07-20,347.326904296875,63.69962692260742,194.70913696289062,117.96524810791016,163.37171936035156,42.97777557373047,511.5839538574219,204.34690856933594,139.3871307373047,170.46743774414062
2009-07-21,342.7657165527344,63.14421081542969,196.6781768798828,116.15383911132812,161.03062438964844,41.87211608886719,516.7246704101562,202.8745880126953,138.46487426757812,162.65155029296875
2009-07-22,336.6704406738281,62.46345138549805,196.38641357421875,114.1771240234375,159.0955810546875,41.55757522583008,508.3555603027344,198.55810546875,137.03697204589844,158.80322265625
2009-07-23,333.0296630859375,63.064239501953125,201.81935119628906,116.6123275756836,162.32337951660156,43.79750061035156,522.7777709960938,205.176025390625,139.7268829345703,161.98745727539062
2009-07-24,341.1493225097656,62.67092514038086,206.12193298339844,115.37967681884766,166.04428100585938,44.264530181884766,526.216552734375,202.69366455078125,137.41720581054688,165.0184783935547
2009-07-27,347.3415832519531,61.9555778503418,218.5191650390625,113.92908477783203,168.0538787841797,45.532230377197266,526.462158203125,195.0355987548828,138.4446258544922,164.24900817871094
2009-07-28,352.3036193847656,61.56874084472656,201.74639892578125,111.29092407226562,165.49734497070312,45.94208526611328,524.1989135742188,191.71405029296875,136.0540008544922,164.36866760253906
2009-07-29,348.3258361816406,61.320194244384766,195.69366455078125,110.14845275878906,164.47386169433594,45.31301498413086,514.4437255859375,194.00546264648438,134.03152465820312,170.9175262451172
2009-07-30,347.7517395019531,63.29331588745117,205.21038818359375,113.82386016845703,166.89784240722656,46.26616287231445,523.8479614257812,190.98037719726562,139.37496948242188,182.30506896972656
2009-07-31,336.351318359375,64.79532623291016,212.57577514648438,114.01927185058594,171.07455444335938,47.50525665283203,528.585205078125,196.51795959472656,146.56298828125,179.8599853515625
2009-08-03,336.6383361816406,64.55110931396484,207.90858459472656,116.31168365478516,172.07728576660156,47.30509948730469,533.2872924804688,202.70880126953125,149.4268341064453,181.80929565429688
2009-08-04,328.7237548828125,63.496463775634766,214.3988494873047,114.7784194946289,169.367431640625,46.990570068359375,533.14697265625,204.9951171875,150.26820373535156,181.29627990722656
2009-08-05,329.25689697265625,62.58016586303711,211.77357482910156,116.25906372070312,173.91290283203125,46.46632385253906,532.0415649414062,208.67849731445312,149.14369201660156,180.90304565429688
2009-08-06,327.4935302734375,61.099769592285156,203.20489501953125,115.16921997070312,170.58145141601562,44.62673568725586,521.8128662109375,205.7036895751953,145.3494415283203,176.9362335205078
2009-08-07,314.8629150390625,60.08835983276367,196.60519409179688,110.95270538330078,169.02764892578125,43.76889419555664,514.5665283203125,200.77413940429688,141.033447265625,174.0977783203125
2009-08-10,305.92303466796875,59.446510314941406,190.07839965820312,108.03646087646484,173.0095672607422,42.768089294433594,503.95166015625,199.80430603027344,138.41629028320312,184.33981323242188
2009-08-11,313.67364501953125,59.6107292175293,191.9015350341797,107.79593658447266,172.760986328125,43.02543640136719,506.9518127441406,201.0404510498047,139.8967742919922,185.314453125
2009-08-12,332.57855224609375,60.7820930480957,187.23440551757812,106.75120544433594,169.28866577148438,43.43529510498047,499.02154541015625,200.0655975341797,137.7529296875,177.70553588867188
2009-08-13,338.8118591308594,61.57305145263672,192.08387756347656,113.82386016845703,171.02899169921875,45.627532958984375,524.7604370117188,203.4423828125,145.42633056640625,180.1335906982422
2009-08-14,335.2441101074219,61.69191360473633,187.34381103515625,111.9673843383789,169.25140380859375,44.78876876831055,521.6022338867188,204.66346740722656,145.68113708496094,178.3382568359375
2009-08-17,327.0423889160156,60.77989959716797,181.14515686035156,105.96952819824219,164.2915496826172,42.424949645996094,495.7930603027344,195.1662139892578,138.6185760498047,174.45684814453125
2009-08-18,337.13055419921875,62.279762268066406,188.58348083496094,108.23939514160156,163.53330993652344,42.83479690551758,522.6968994140625,195.0908660888672,140.31747436523438,174.01229858398438
2009-08-19,332.53753662109375,62.66227340698242,187.34381103515625,107.7132568359375,161.72254943847656,42.48213577270508,523.934326171875,189.5281524658203,136.81044006347656,170.3190155029297
2009-08-20,328.1086120605469,63.97191619873047,187.1250457763672,108.16421508789062,164.9503936767578,42.920597076416016,524.2700805664062,190.78944396972656,141.83030700683594,171.32785034179688
2009-08-21,337.6636047363281,63.362483978271484,190.15138244628906,112.0500717163086,168.48486328125,43.64498519897461,524.3938598632812,193.8446807861328,143.666748046875,174.1490478515625
2009-08-24,339.79608154296875,64.17076110839844,196.1312713623047,115.4398193359375,172.03170776367188,45.74192810058594,548.0803833007812,198.4174346923828,144.82762145996094,178.35540771484375
2009-08-25,334.6700134277344,64.27017211914062,196.5322723388672,114.12449645996094,173.61451721191406,45.846778869628906,556.2825927734375,203.57809448242188,141.3813018798828,180.66363525390625
2009-08-26,332.4965515136719,63.13121795654297,191.8651123046875,114.53036499023438,180.62950134277344,45.56083679199219,556.9720458984375,205.03533935546875,140.74221801757812,187.5714111328125
2009-08-27,341.60040283203125,62.97563171386719,186.97914123535156,112.82421112060547,181.63644409179688,45.73240661621094,565.8101196289062,205.2564697265625,141.8828582763672,187.3150177001953
2009-08-28,356.9376220703125,63.00806427001953,189.85968017578125,114.7859115600586,181.54116821289062,45.10332107543945,572.138427734375,208.4473114013672,144.14407348632812,184.93829345703125
2009-08-31,348.2438049316406,63.58076477050781,189.56796264648438,112.91439056396484,176.6103515625,44.026248931884766,554.1435546875,201.5128173828125,141.00108337402344,180.2361297607422
2009-09-01,346.31640625,62.504512786865234,191.39108276367188,111.95985412597656,177.7498016357422,43.87373733520508,548.1688842773438,199.07569885253906,140.2163543701172,180.1849365234375
2009-09-02,338.4017639160156,62.18681335449219,194.8184814453125,110.65206146240234,179.40313720703125,43.47341537475586,541.6817016601562,198.10081481933594,140.3134307861328,182.8180389404297
2009-09-03,332.1274719238281,62.04201126098633,195.18319702148438,110.6295166015625,181.25518798828125,43.235130310058594,535.512451171875,194.04562377929688,141.332763671875,182.4932098388672
2009-09-04,332.1684875488281,62.85677719116211,199.12106323242188,111.8245849609375,182.4030303955078,44.464717864990234,554.1259155273438,199.10585021972656,142.58265686035156,181.8946990966797
2009-09-07,344.96319580078125,63.425148010253906,199.8139190673828,118.58154296875,184.32144165039062,44.045318603515625,565.0853881835938,201.2866668701172,146.7004852294922,188.40936279296875
2009-09-08,347.7517395019531,62.96916198730469,194.1622772216797,118.74688720703125,182.63092041015625,43.587799072265625,571.8909912109375,208.59805297851562,153.22914123535156,189.6746063232422
2009-09-09,335.73626708984375,63.77310562133789,193.57884216308594,119.19035339355469,181.46237182617188,43.27324676513672,566.3757934570312,217.92950439453125,153.28579711914062,191.65806579589844
2009-09-10,341.60040283203125,64.20964050292969,191.13583374023438,122.75296783447266,185.65565490722656,43.6640510559082,565.9869384765625,215.8190155029297,152.2178955078125,190.32440185546875
2009-09-11,345.4552001953125,64.45601654052734,186.7603759765625,125.54146575927734,187.90151977539062,43.29232406616211,575.5322265625,215.1557159423828,155.3689727783203,191.62376403808594
2009-09-14,343.8968811035156,64.56623840332031,189.53147888183594,123.95557403564453,186.47198486328125,42.682308197021484,567.3656005859375,215.02000427246094,158.27731323242188,191.1964569091797
2009-09-15,340.8623046875,65.45016479492188,189.312744140625,126.9319076538086,188.1625213623047,43.6640510559082,576.0802001953125,219.1807403564453,162.45176696777344,195.57363891601562
2009-09-16,344.3890075683594,65.56036376953125,187.4166717529297,129.9534149169922,192.26461791992188,44.045318603515625,576.6282348632812,219.4922637939453,168.81459045410156,195.0948944091797
2009-09-17,354.9692077636719,66.34271240234375,190.47952270507812,130.93051147460938,195.7327880859375,43.61640167236328,581.7720336914062,209.65834045410156,170.0361785888672,199.35227966308594
2009-09-18,363.29388427734375,65.89102172851562,190.80767822265625,126.64633178710938,195.9275360107422,43.25419616699219,585.1307983398438,211.30650329589844,173.7576141357422,199.71145629882812
2009-09-22,351.4834289550781,66.83760833740234,192.99545288085938,128.07440185546875,199.7312469482422,44.4837646484375,589.9033203125,210.84423828125,175.6142578125,206.08920288085938
2009-09-23,339.1399230957031,67.842529296875,188.47412109375,127.05218505859375,196.15127563476562,43.940467834472656,578.0599975585938,211.2211456298828,173.2600555419922,202.0710906982422
2009-09-24,343.8968811035156,70.1852035522461,189.56796264648438,129.3446044921875,189.31443786621094,44.331268310546875,586.2797241210938,211.145751953125,175.3351287841797,206.05506896972656
2009-09-25,340.0010986328125,69.52605438232422,189.2397918701172,126.1202163696289,185.67227172851562,44.79829788208008,582.0372314453125,214.5677490234375,173.0052490234375,200.8742218017578
2009-09-29,343.73284912109375,69.64707946777344,191.97451782226562,130.23150634765625,190.21771240234375,44.65532302856445,583.1685791015625,218.19078063964844,169.2433624267578,208.73953247070312
2009-09-30,343.44580078125,71.33924865722656,191.5004425048828,136.43228149414062,191.13343811035156,44.42657470703125,597.186279296875,221.26609802246094,177.57205200195312,212.3644561767578
2009-10-01,356.8555908203125,71.07125854492188,193.5423583984375,139.2884063720703,193.6486053466797,44.331268310546875,588.7012939453125,218.5224609375,178.8502655029297,215.39085388183594
2009-10-05,328.2726745605469,70.62823486328125,194.7456512451172,137.15383911132812,192.51744079589844,45.47505187988281,584.9185791015625,214.97984313964844,172.57240295410156,210.4152374267578
2009-10-06,294.727783203125,71.7347412109375,205.46554565429688,141.03213500976562,191.62655639648438,47.19071578979492,594.1456298828125,214.47731018066406,174.63536071777344,210.03903198242188
2009-10-07,294.2356872558594,72.5149154663086,204.33526611328125,138.05577087402344,186.6874237060547,46.695091247558594,592.96142578125,211.18092346191406,170.028076171875,202.34466552734375
2009-10-08,273.8954162597656,72.9320068359375,209.62234497070312,138.73974609375,183.2109832763672,47.80073165893555,583.6104736328125,213.02508544921875,171.180908203125,195.40261840820312
2009-10-09,281.5639953613281,72.42631530761719,209.22117614746094,135.5604705810547,180.45968627929688,47.5910530090332,577.4237670898438,211.02513122558594,167.2653350830078,192.1026153564453
2009-10-12,288.0843505859375,73.5760498046875,211.91944885253906,138.3263397216797,185.58103942871094,49.249534606933594,585.8023681640625,217.9897918701172,175.77203369140625,198.292236328125
2009-10-13,288.3714294433594,73.5760498046875,211.91944885253906,138.4466094970703,185.58103942871094,49.049373626708984,585.8023681640625,217.2812957763672,175.77203369140625,198.68556213378906
2009-10-14,278.9804992675781,73.57386016845703,214.28948974609375,138.4466094970703,186.94432067871094,49.31626510620117,597.4866333007812,219.5124053955078,183.84178161621094,202.77206420898438
2009-10-15,266.63702392578125,74.44265747070312,210.89840698242188,140.6939239501953,184.57614135742188,48.877811431884766,598.4764404296875,218.23602294921875,188.39247131347656,198.9591064453125
2009-10-16,267.5392150878906,74.32810974121094,208.96592712402344,144.17391967773438,182.29116821289062,48.11528396606445,599.307373046875,224.44039916992188,197.9103546142578,204.6016845703125
2009-10-20,269.5486145019531,73.10273742675781,204.37168884277344,141.97164916992188,182.15805053710938,47.743560791015625,591.7417602539062,220.98081970214844,199.8924102783203,212.3815460205078
2009-10-21,272.8702392578125,71.79741668701172,199.5586395263672,139.66419982910156,184.5095977783203,46.456790924072266,591.5118408203125,220.7431640625,193.03614807128906,216.3997039794922
2009-10-22,276.43798828125,72.00920867919922,202.94960021972656,133.99708557128906,184.2223663330078,47.24791717529297,569.1156005859375,215.98880004882812,188.07289123535156,214.02308654785156
2009-10-23,271.5169372558594,73.12867736816406,204.66336059570312,135.84603881835938,188.1221466064453,49.602203369140625,555.1865844726562,207.10223388671875,190.4837188720703,218.79347229003906
2009-10-26,271.1889343261719,73.17189025878906,202.6215057373047,133.91439819335938,189.27920532226562,50.460044860839844,558.6333618164062,203.86521911621094,186.51556396484375,220.41778564453125
2009-10-27,251.75094604492188,72.18641662597656,204.48106384277344,125.43624114990234,186.67379760742188,49.678462982177734,550.4669189453125,201.40203857421875,178.20306396484375,219.80238342285156
2009-10-28,260.0755615234375,70.00150299072266,204.04351806640625,121.67820739746094,187.84747314453125,49.392513275146484,562.5223388671875,205.76695251464844,179.02828979492188,220.52272033691406
2009-10-29,255.728759765625,69.72705078125,206.45004272460938,116.01103210449219,183.82284545898438,49.43062973022461,555.78759765625,202.2517852783203,177.67721557617188,217.5039825439453
2009-10-30,240.18655395507812,70.05123901367188,206.74176025390625,118.87469482421875,183.64390563964844,48.57279968261719,554.3380126953125,195.3478546142578,177.25653076171875,215.53140258789062
2009-11-03,246.3787384033203,69.17811584472656,199.1575927734375,118.19823455810547,178.38726806640625,47.381351470947266,539.4896240234375,183.9576873779297,170.13328552246094,207.8988494873047
2009-11-04,250.64366149902344,70.19169616699219,202.69448852539062,124.42908477783203,186.22010803222656,48.534671783447266,546.7901611328125,194.29078674316406,175.65875244140625,214.63958740234375
2009-11-05,261.8799743652344,70.16575622558594,203.9706573486328,126.96952056884766,184.92994689941406,48.06764221191406,545.2522583007812,196.35939025878906,173.06591796875,214.22792053222656
2009-11-06,262.4951477050781,70.88541412353516,200.9482879638672,127.55575561523438,184.67601013183594,47.43853759765625,558.4212646484375,198.01332092285156,178.3850860595703,213.42173767089844
2009-11-09,252.2429656982422,73.8008041381836,200.06370544433594,133.56114196777344,185.79978942871094,49.38298797607422,566.1636962890625,204.78070068359375,187.5430145263672,213.6276092529297
2009-11-10,240.63755798339844,73.62789916992188,194.49818420410156,134.77125549316406,184.62191772460938,49.077972412109375,564.7495727539062,207.82550048828125,191.64466857910156,214.96548461914062
2009-11-11,246.00973510742188,75.02833557128906,195.89877319335938,138.9727325439453,192.01361083984375,48.96358108520508,579.45654296875,213.8442840576172,192.40106201171875,221.34603881835938
2009-11-12,245.18954467773438,74.19412994384766,194.9036102294922,134.177490234375,193.6492919921875,48.22013854980469,579.9337768554688,212.5545196533203,185.55691528320312,224.8106689453125
2009-11-13,247.7731170654297,74.44049835205078,198.88426208496094,136.6352081298828,196.4211883544922,48.51560974121094,581.3477783203125,214.40066528320312,186.06251525878906,229.88763427734375
2009-11-16,248.3061981201172,74.49884033203125,202.20143127441406,138.19102478027344,195.7760467529297,48.72529602050781,584.3706665039062,217.85006713867188,189.7515869140625,228.37835693359375
2009-11-17,243.50823974609375,75.62478637695312,203.8969268798828,138.37896728515625,199.63421630859375,48.5442008972168,585.5548706054688,215.70046997070312,190.17630004882812,236.8513946533203
2009-11-18,242.7700958251953,75.62264251708984,204.00747680664062,136.11659240722656,202.547607421875,49.32578659057617,575.4967041015625,212.4331512451172,188.31964111328125,235.6334686279297
2009-11-19,240.63755798339844,74.32378387451172,203.08604431152344,133.25299072265625,200.60398864746094,48.92546844482422,570.86572265625,210.78933715820312,184.56178283691406,233.23216247558594
2009-11-20,236.82383728027344,75.81282043457031,203.8969268798828,134.83892822265625,201.99830627441406,49.545013427734375,577.5827026367188,214.7850341796875,188.89810180664062,237.7776336669922
2009-11-23,225.7515411376953,76.30770111083984,207.02984619140625,137.8828887939453,200.35427856445312,51.241634368896484,578.2014770507812,222.03289794921875,187.68862915039062,238.1033935546875
2009-11-24,231.69778442382812,76.80261993408203,206.32948303222656,136.6953582763672,202.66415405273438,50.28848648071289,583.080078125,220.2373504638672,186.51962280273438,239.801513671875
2009-11-25,231.08262634277344,77.91777801513672,209.53614807128906,135.5679473876953,202.9846649169922,51.26069641113281,583.6104736328125,222.00759887695312,187.8585205078125,241.08786010742188
2009-11-26,230.01641845703125,76.12401580810547,211.34219360351562,130.10372924804688,199.2305450439453,49.81189727783203,576.6458740234375,215.2098846435547,182.40176391601562,235.97666931152344
2009-11-27,232.64093017578125,75.6550521850586,209.572998046875,127.90904998779297,193.77001953125,48.858741760253906,561.9212646484375,211.60874938964844,181.451171875,229.9904327392578
2009-11-30,245.68165588378906,76.34230041503906,210.23643493652344,130.45697021484375,198.05686950683594,49.01125717163086,570.8125610351562,215.1593017578125,181.18017578125,236.14816284179688
2009-12-01,249.7825469970703,77.35588073730469,205.40806579589844,133.36573791503906,199.42198181152344,49.19236373901367,575.9739990234375,222.1391143798828,185.3910369873047,235.2390899658203
2009-12-02,249.94651794433594,78.10796356201172,202.57003784179688,134.3202667236328,199.39280700683594,48.992191314697266,575.0550537109375,222.63475036621094,186.79470825195312,234.74166870117188
2009-12-03,251.6278839111328,78.1014633178711,199.5108184814453,132.92225646972656,197.85708618164062,48.69671630859375,574.294921875,222.472900390625,190.4837188720703,236.71408081054688
2009-12-04,254.33436584472656,77.34937286376953,200.46913146972656,130.99815368652344,198.41065979003906,48.935001373291016,573.7468872070312,220.19688415527344,188.33984375,238.4809112548828
2009-12-07,259.5014953613281,77.68651580810547,200.32171630859375,129.3822021484375,198.99330139160156,48.57279968261719,578.8201293945312,213.4396514892578,187.83023071289062,239.921630859375
2009-12-08,269.466552734375,79.23822021484375,204.19175720214844,131.14846801757812,203.64637756347656,49.29719924926758,585.5902099609375,218.56829833984375,186.66114807128906,239.54420471191406
2009-12-09,271.6400451660156,77.98908996582031,203.9706268310547,128.57044982910156,204.4829864501953,48.90639877319336,585.7315673828125,216.8486785888672,185.57716369628906,242.42579650878906
2009-12-10,280.825927734375,77.15704345703125,201.27999877929688,131.6746063232422,204.1833038330078,48.45841598510742,596.6380615234375,216.83848571777344,185.8238525390625,242.0655517578125
2009-12-11,271.9270324707031,77.15921783447266,201.2062530517578,129.9534149169922,204.83255004882812,48.182003021240234,597.69873046875,216.7272186279297,183.35643005371094,242.21987915039062
2009-12-14,262.08502197265625,75.9554443359375,197.22564697265625,127.87897491455078,207.9957275390625,47.79121398925781,600.9866333007812,216.05960083007812,181.7748260498047,241.87684631347656
2009-12-15,259.87060546875,73.51336669921875,196.341064453125,124.11338806152344,208.60336303710938,47.934181213378906,594.6052856445312,212.7517547607422,176.40301513671875,240.4532928466797
2009-12-16,266.96502685546875,73.19136047363281,194.46127319335938,123.6548843383789,211.8372039794922,47.54339599609375,595.0118408203125,211.8514862060547,174.14590454101562,244.6383514404297
2009-12-17,265.9808349609375,72.24694061279297,198.1471405029297,124.13593292236328,213.0108642578125,47.514793395996094,586.82763671875,209.38327026367188,175.24615478515625,247.93153381347656
2009-12-18,260.6907653808594,71.92708587646484,194.1295623779297,121.66316223144531,210.25987243652344,47.085880279541016,583.3452758789062,203.86013793945312,173.5593719482422,249.56092834472656
2009-12-21,254.33436584472656,71.43649291992188,193.20814514160156,121.89616394042969,208.94049072265625,46.666481018066406,569.2042846679688,205.74166870117188,173.59173583984375,251.8077392578125
2009-12-22,264.05352783203125,71.16853332519531,192.618408203125,124.12088775634766,208.29949951171875,46.94290542602539,571.6257934570312,206.19683837890625,175.2259521484375,248.3775177001953
2009-12-23,267.5801696777344,73.06169128417969,194.8298797607422,129.6677703857422,215.0710906982422,48.34404373168945,591.105224609375,215.70556640625,178.7895965576172,256.0957336425781
2009-12-24,263.3973083496094,73.93909454345703,195.8250732421875,130.0135498046875,215.7411651611328,48.7729606628418,594.6937255859375,217.74893188476562,179.521728515625,257.0392761230469
2009-12-29,267.33404541015625,73.34696197509766,195.34588623046875,132.31346130371094,214.52171325683594,48.83966827392578,595.1708374023438,218.5480499267578,179.60671997070312,254.32916259765625
2009-12-30,267.1290588378906,73.15460968017578,196.15679931640625,132.25332641601562,214.75894165039062,47.79121398925781,588.1002197265625,217.69833374023438,179.94647216796875,254.79225158691406
2009-12-31,270.4507141113281,73.5760498046875,195.19847106933594,131.83245849609375,216.5153350830078,47.810279846191406,593.0850830078125,220.63185119628906,183.56268310546875,257.3651123046875
2010-01-04,266.7189636230469,73.72515869140625,195.1248016357422,132.23831176757812,217.4725341796875,48.353572845458984,597.9639282226562,217.5870819091797,185.35867309570312,257.8453674316406
2010-01-05,270.9428405761719,73.78998565673828,194.49818420410156,133.49349975585938,218.2010040283203,48.83015060424805,599.0244140625,216.61598205566406,185.42747497558594,257.9140319824219
2010-01-06,268.0722351074219,73.8396987915039,195.6039276123047,134.5157012939453,215.01698303222656,48.94452667236328,592.3958740234375,220.11599731445312,186.53985595703125,252.08229064941406
2010-01-07,270.1636657714844,74.03205108642578,195.19847106933594,133.24546813964844,210.18495178222656,48.79201889038086,589.5497436523438,223.76771545410156,185.49623107910156,245.06715393066406
2010-01-08,266.59600830078125,74.12928771972656,196.04623413085938,131.3739471435547,205.1197509765625,48.896873474121094,593.2796630859375,223.1809844970703,184.94203186035156,240.0587158203125
2010-01-11,269.79461669921875,73.83104705810547,196.15679931640625,130.6899871826172,207.23818969726562,48.915931701660156,592.9791870117188,218.8009490966797,183.41708374023438,244.99856567382812
2010-01-12,264.29949951171875,73.27131652832031,193.2450408935547,126.68386840820312,215.3374481201172,47.66729736328125,593.6683959960938,219.37754821777344,178.23947143554688,257.2964782714844
2010-01-13,261.1419372558594,73.01629638671875,193.50302124023438,126.36822509765625,223.37429809570312,47.457611083984375,591.5296630859375,220.2373504638672,176.0308837890625,270.5035400390625
2010-01-14,260.8547668457031,72.77857971191406,188.74842834472656,125.56402587890625,223.89459228515625,47.30509948730469,589.832763671875,226.93389892578125,174.53018188476562,267.5190124511719
2010-01-15,260.3216857910156,73.2259292602539,189.00637817382812,126.63880157470703,222.73329162597656,48.182003021240234,583.7517700195312,224.7185821533203,173.3975830078125,271.481201171875
2010-01-18,263.0282287597656,76.35958862304688,189.66983032226562,129.78053283691406,223.63648986816406,47.76261901855469,585.0069580078125,222.4425811767578,174.45333862304688,275.1858825683594
2010-01-19,262.90521240234375,76.90202331542969,188.3061065673828,130.10372924804688,219.4119415283203,47.638710021972656,580.6761474609375,219.50904846191406,175.8043670654297,267.8106994628906
2010-01-20,271.885986328125,75.90359497070312,190.03839111328125,131.9752197265625,221.2267303466797,47.104942321777344,578.3604736328125,217.99172973632812,174.732421875,267.3647155761719
2010-01-21,264.4224853515625,73.98233795166016,189.26438903808594,128.1796112060547,218.5214385986328,46.60930252075195,538.8180541992188,213.24745178222656,171.8402862548828,264.36309814453125
2010-01-22,264.2174377441406,72.48898315429688,190.14903259277344,126.37571716308594,214.39268493652344,47.486202239990234,520.2928466796875,213.2069854736328,168.86717224121094,259.9721374511719
2010-01-25,271.3939208984375,71.60723114013672,194.5718994140625,124.88754272460938,211.6207733154297,48.62998962402344,526.9218139648438,210.81973266601562,169.2110137939453,259.40625
2010-01-27,264.8326110839844,69.03547668457031,191.18101501464844,118.34854125976562,208.2870330810547,48.7824821472168,515.4672241210938,207.88616943359375,160.80142211914062,255.65721130371094
2010-01-28,257.24603271484375,68.86475372314453,188.1955108642578,118.46125793457031,207.41302490234375,48.467952728271484,506.0809020996094,209.828369140625,162.06344604492188,255.12384033203125
2010-01-29,251.2998046875,70.4985580444336,178.61248779296875,124.81988525390625,206.06039428710938,47.68636703491211,503.37640380859375,211.65931701660156,166.37948608398438,253.21499633789062
2010-02-01,255.23660278320312,69.14569854736328,174.88990783691406,125.6391830444336,204.04183959960938,46.990570068359375,501.04327392578125,211.49746704101562,163.51966857910156,256.6374206542969
2010-02-02,252.3249969482422,68.2531509399414,174.33697509765625,123.1137924194336,203.10116577148438,46.59023666381836,493.6718444824219,207.8356170654297,160.04904174804688,253.9718017578125
2010-02-03,253.4322967529297,70.13981628417969,174.3001708984375,126.18783569335938,205.8689422607422,48.153404235839844,512.67431640625,209.1809844970703,161.70346069335938,258.97625732421875
2010-02-04,249.41336059570312,69.88047790527344,170.31956481933594,124.58686828613281,202.19387817382812,48.29637908935547,510.7829284667969,206.18673706054688,157.5856170654297,254.0749969482422
2010-02-05,246.09181213378906,68.00462341308594,168.84521484375,119.97955322265625,195.83848571777344,47.343231201171875,503.42950439453125,198.6101531982422,154.3247833251953,248.8468475341797
2010-02-08,252.89907836914062,67.74742889404297,174.33697509765625,121.06185150146484,200.07550048828125,46.77134323120117,510.6591491699219,201.1693878173828,157.475830078125,249.0705108642578
2010-02-09,256.8359375,67.93113708496094,171.462158203125,122.12161254882812,205.91888427734375,46.49492645263672,516.810546875,200.94688415527344,158.59397888183594,252.85400390625
2010-02-10,258.5992736816406,68.87771606445312,169.61920166015625,120.2275619506836,205.3486785888672,46.49492645263672,507.7425842285156,199.29800415039062,155.46731567382812,251.87368774414062
2010-02-11,257.943115234375,69.07005310058594,172.05184936523438,124.17352294921875,207.97068786621094,47.114479064941406,511.9495544433594,205.3775177001953,155.9389190673828,255.4508514404297
2010-02-15,234.24029541015625,69.75298309326172,169.36122131347656,122.8657455444336,207.9873809814453,47.53384780883789,506.6289978027344,204.3355712890625,154.0971221923828,256.6374206542969
2010-02-16,222.75791931152344,69.43312072753906,174.81613159179688,125.13555145263672,211.550048828125,47.68636703491211,511.1009521484375,205.90350341796875,156.1788330078125,260.7648620605469
2010-02-17,228.95018005371094,71.57479858398438,177.32247924804688,126.41333770751953,209.65220642089844,47.991371154785156,521.212158203125,208.89773559570312,159.12661743164062,260.9367370605469
2010-02-18,231.20567321777344,72.77642059326172,178.7599639892578,126.27803039550781,210.90077209472656,47.32415771484375,521.9014892578125,201.8673858642578,157.95155334472656,260.98828125
2010-02-19,228.6631317138672,73.21514129638672,177.65423583984375,125.30094146728516,210.7967071533203,47.37183380126953,522.67919921875,198.9136199951172,154.93467712402344,258.1507263183594
2010-02-22,227.1047821044922,73.33182525634766,181.4505615234375,125.00782012939453,213.7891845703125,47.200252532958984,527.3106079101562,197.85147094726562,155.83322143554688,260.4551696777344
2010-02-23,229.72933959960938,73.52200317382812,180.52908325195312,127.4355239868164,214.86715698242188,47.514793395996094,526.6211547851562,197.3255157470703,155.4713592529297,262.12335205078125
2010-02-24,226.32565307617188,73.50038146972656,178.50196838378906,126.443359375,214.4509735107422,47.20978927612305,530.7045288085938,198.02346801757812,156.231689453125,263.24127197265625
2010-02-25,226.57171630859375,73.09195709228516,173.37869262695312,128.01426696777344,217.86798095703125,47.200252532958984,542.883544921875,194.8471221923828,155.61366271972656,263.55084228515625
2010-02-26,229.1142578125,73.68624877929688,174.11590576171875,131.1033935546875,216.58602905273438,44.274078369140625,553.0299682617188,198.05380249023438,160.5456085205078,262.0201721191406
2010-03-02,238.01307678222656,75.42163848876953,172.82583618164062,134.86143493652344,219.83660888671875,46.12318801879883,560.4893188476562,198.9136199951172,161.54986572265625,262.5016784667969
2010-03-03,239.44839477539062,76.79181671142578,176.25363159179688,136.54502868652344,221.93841552734375,46.456790924072266,557.9264526367188,207.32981872558594,164.45700073242188,264.41058349609375
2010-03-04,240.80162048339844,76.986328125,179.46023559570312,135.04933166503906,218.40484619140625,46.90477752685547,561.7798461914062,205.1448516845703,165.29457092285156,262.7424621582031
2010-03-05,244.77944946289062,77.10948181152344,179.1284942626953,135.5529022216797,219.39537048339844,46.65696334838867,561.2318725585938,204.29513549804688,166.47369384765625,262.2953186035156
2010-03-08,240.06349182128906,77.1181411743164,175.99559020996094,138.8599853515625,221.3806610107422,47.89605712890625,566.7822265625,203.14198303222656,167.99835205078125,262.32977294921875
2010-03-09,238.91525268554688,78.28515625,174.0052947998047,139.0704345703125,223.4116668701172,47.85794448852539,561.7269897460938,200.3601531982422,166.2622528076172,264.3934326171875
2010-03-10,236.20872497558594,78.4256362915039,176.7327423095703,137.96560668945312,221.35574340820312,48.467952728271484,557.2192993164062,204.0826873779297,165.66452026367188,268.2972106933594
2010-03-11,241.08863830566406,78.96591186523438,168.66087341308594,139.9272918701172,223.3285369873047,48.734832763671875,555.9642944335938,205.64048767089844,166.35572814941406,272.269775390625
2010-03-12,245.31256103515625,77.85508728027344,161.731689453125,140.79916381835938,222.52110290527344,49.26860427856445,553.1890869140625,206.68238830566406,166.53057861328125,274.1099853515625
2010-03-15,245.64071655273438,78.34352111816406,166.26519775390625,138.8599853515625,224.8517608642578,49.4401741027832,549.3179321289062,207.98731994628906,163.86334228515625,281.35009765625
2010-03-16,241.78579711914062,77.99989318847656,167.1128692626953,139.8747100830078,227.44056701660156,49.52595901489258,565.3681640625,216.05960083007812,163.92434692382812,285.1334533691406
2010-03-17,244.45140075683594,78.13388061523438,165.04884338378906,142.58798217773438,227.93580627441406,50.10738754272461,575.1787109375,216.41363525390625,164.85543823242188,289.1577453613281
2010-03-18,246.13275146484375,77.83995819091797,165.74917602539062,144.85780334472656,232.03953552246094,49.80237579345703,571.23681640625,217.88043212890625,165.04653930664062,284.0502014160156
2010-03-19,255.8107452392578,78.65902709960938,168.77146911621094,143.79052734375,230.77017211914062,49.81189727783203,573.1813354492188,220.93533325195312,167.3884735107422,282.34759521484375
2010-03-22,259.4604797363281,79.40461730957031,168.2555389404297,140.5886993408203,229.52569580078125,49.869102478027344,570.7241821289062,217.27345275878906,165.9654541015625,284.65203857421875
2010-03-23,252.3249969482422,81.43177032470703,168.43980407714844,139.123046875,231.0323028564453,49.74518966674805,571.0070190429688,220.8038330078125,166.58343505859375,285.0131530761719
2010-03-25,257.8611145019531,83.2536392211914,171.01980590820312,140.3782501220703,234.23287963867188,50.46957778930664,580.3403930664062,220.8139190673828,166.66477966308594,285.40869140625
2010-03-26,254.37550354003906,84.34716796875,175.81134033203125,142.43014526367188,230.978271484375,50.40286636352539,577.2823486328125,222.63475036621094,168.55946350097656,283.7749328613281
2010-03-29,256.05682373046875,84.93499755859375,176.6959228515625,143.19677734375,226.1336669921875,51.3178825378418,588.2593994140625,221.18821716308594,170.36473083496094,279.2692565917969
2010-03-30,254.9495391845703,82.41942596435547,178.28076171875,144.27911376953125,220.0946502685547,51.25115966796875,578.8377685546875,220.14633178710938,169.3482666015625,275.1590270996094
2010-03-31,256.3439025878906,83.57132720947266,176.58534240722656,143.1817626953125,217.7513885498047,50.1455078125,576.557373046875,217.33416748046875,168.99452209472656,268.5035400390625
2010-04-01,247.69105529785156,83.81983947753906,169.8403778076172,143.2042999267578,222.28802490234375,50.326602935791016,583.5751953125,220.93533325195312,170.97865295410156,277.841796875
2010-04-05,259.2143859863281,84.21964263916016,168.882080078125,148.11981201171875,222.91232299804688,50.47910690307617,582.0372314453125,227.78358459472656,173.8776397705078,276.3111877441406
2010-04-06,259.5425109863281,83.54537963867188,169.47183227539062,149.9913330078125,220.6897735595703,50.755516052246094,584.05224609375,227.23736572265625,172.68226623535156,273.8004150390625
2010-04-07,262.78216552734375,83.49566650390625,165.85972595214844,148.4204559326172,220.06544494628906,51.36553955078125,581.9135131835938,228.5524139404297,171.65357971191406,274.4883728027344
2010-04-08,256.6308898925781,82.24437713623047,164.16432189941406,144.4744873046875,221.73031616210938,51.041481018066406,574.807373046875,223.868896484375,170.43386840820312,274.9698791503906
2010-04-09,252.530029296875,84.25640106201172,163.16912841796875,147.06005859375,222.76661682128906,51.327423095703125,580.0575561523438,227.5408477783203,171.26327514648438,272.269775390625
2010-04-12,252.776123046875,84.46601867675781,165.49118041992188,145.00816345214844,223.34104919433594,51.737266540527344,567.5602416992188,228.0769500732422,170.11669921875,274.5054931640625
2010-04-13,251.7918243408203,84.35796356201172,164.7908477783203,141.63343811035156,231.5651092529297,51.20351791381836,565.0323486328125,226.77203369140625,170.2752685546875,282.33038330078125
2010-04-15,249.4954071044922,84.58921813964844,166.19146728515625,137.99563598632812,233.20489501953125,50.08832550048828,555.7520141601562,220.66221618652344,167.03070068359375,282.622802734375
2010-04-16,249.98753356933594,84.90040588378906,167.33401489257812,138.66458129882812,232.12271118164062,51.298824310302734,556.459228515625,219.3572540283203,166.51431274414062,280.3525390625
2010-04-19,250.88970947265625,83.59722900390625,165.67547607421875,138.26620483398438,229.0679168701172,50.488643646240234,557.2899780273438,214.81539916992188,165.27423095703125,279.2692565917969
2010-04-20,249.74143981933594,84.0489273071289,167.92379760742188,140.25050354003906,227.02017211914062,50.174110412597656,561.7269897460938,215.09860229492188,170.633056640625,271.547607421875
2010-04-21,250.72567749023438,83.89547729492188,171.64639282226562,143.091552734375,225.78408813476562,50.03113555908203,557.8026123046875,213.257568359375,171.2388916015625,269.9997863769531
2010-04-22,248.59329223632812,83.59941101074219,174.963623046875,141.88143920898438,226.279296875,50.374263763427734,555.8582763671875,217.63760375976562,180.7774658203125,270.3265075683594
2010-04-23,244.57443237304688,84.36228942871094,176.25363159179688,146.96990966796875,226.99102783203125,50.88896942138672,571.8731689453125,220.15646362304688,183.8268585205078,268.34881591796875
2010-04-26,243.9182586669922,85.9961166381836,178.02281188964844,144.3317108154297,227.98989868164062,50.97474670410156,572.7218627929688,216.7272186279297,183.09091186523438,270.0340881347656
2010-04-27,244.65643310546875,85.5617446899414,178.87049865722656,142.34747314453125,227.8650665283203,51.38462448120117,576.097900390625,214.70411682128906,180.34646606445312,270.7909851074219
2010-04-28,240.96566772460938,85.06897735595703,178.35450744628906,138.213623046875,224.7061309814453,51.46087646484375,563.0525512695312,205.8023681640625,181.51742553710938,264.9437561035156
2010-04-29,243.05714416503906,85.82970428466797,173.67359924316406,142.36248779296875,225.5093536376953,50.927101135253906,565.491943359375,209.4035186767578,184.9165496826172,261.3149719238281
2010-04-30,244.86148071289062,86.4650650024414,176.76962280273438,143.0990447998047,227.92327880859375,50.679256439208984,570.9718017578125,209.11019897460938,187.0877227783203,263.25836181640625
2010-05-03,243.59019470214844,85.1402816772461,172.3098602294922,140.8367462158203,224.32321166992188,50.50770950317383,562.7874145507812,207.1173858642578,186.79901123046875,263.7398986816406
2010-05-04,237.02886962890625,83.72257232666016,171.2778778076172,137.57472229003906,221.93003845214844,50.00253677368164,547.7444458007812,206.5913848876953,185.41256713867188,261.74505615234375
2010-05-05,243.01605224609375,82.83003234863281,168.62408447265625,135.83853149414062,224.16506958007812,49.973941802978516,544.0326538085938,206.490234375,185.09542846679688,263.37884521484375
2010-05-06,239.44839477539062,81.9288558959961,171.13038635253906,135.71824645996094,221.26414489746094,49.38298797607422,539.8078002929688,203.90061950683594,187.97409057617188,263.84320068359375
2010-05-07,235.79859924316406,79.87791442871094,172.93646240234375,131.7722930908203,217.8262939453125,49.40203857421875,536.4315795898438,208.94834899902344,181.0254669189453,255.0035400390625
2010-05-10,241.45773315429688,83.60157012939453,174.668701171875,138.61195373535156,222.72506713867188,49.9072265625,546.84326171875,219.9915008544922,187.66915893554688,264.926513671875
2010-05-11,233.5021514892578,84.21100616455078,174.59503173828125,137.78517150878906,221.4805908203125,49.478294372558594,545.941650390625,217.6273193359375,186.04278564453125,260.12847900390625
2010-05-12,214.2692108154297,85.36074829101562,175.81134033203125,137.50709533691406,223.22442626953125,50.526756286621094,552.8885498046875,220.71507263183594,188.99868774414062,261.21185302734375
2010-05-13,211.9316864013672,84.9479751586914,175.59019470214844,139.34854125976562,225.25965881347656,50.80318069458008,555.3985595703125,218.4425506591797,188.4741668701172,263.32708740234375
2010-05-14,216.97573852539062,84.36012268066406,172.42037963867188,136.9508819580078,220.74383544921875,51.11772155761719,540.6740112304688,212.70533752441406,180.87098693847656,262.7251892089844
2010-05-17,218.69808959960938,83.37031555175781,176.95391845703125,135.45521545410156,217.78469848632812,50.73645782470703,568.0905151367188,207.18211364746094,183.02586364746094,256.49981689453125
2010-05-18,219.76429748535156,81.94180297851562,176.95391845703125,133.6663818359375,218.8543243408203,51.21303939819336,587.234130859375,208.0075225830078,185.4044189453125,252.83676147460938
2010-05-19,212.99790954589844,80.76397705078125,172.01495361328125,123.93302154541016,216.6610107421875,49.41157913208008,577.5296020507812,203.53390502929688,180.0496368408203,248.15908813476562
2010-05-20,213.44895935058594,80.00325775146484,174.668701171875,125.01529693603516,216.48617553710938,50.0215950012207,580.5347900390625,203.7988739013672,184.38795471191406,251.0825958251953
2010-05-21,218.3290252685547,78.94861602783203,170.06155395507812,125.48883819580078,214.90457153320312,51.71820831298828,568.673828125,202.90211486816406,184.6888427734375,247.19598388671875
2010-05-24,218.2060089111328,78.8621826171875,170.79867553710938,125.08301544189453,216.45697021484375,51.098663330078125,576.7518310546875,208.42532348632812,181.43614196777344,246.81756591796875
2010-05-25,217.0167236328125,77.96314239501953,169.95094299316406,121.66316223144531,210.8799285888672,49.65940475463867,550.9794921875,200.88438415527344,175.247802734375,240.6092987060547
2010-05-26,216.23757934570312,79.0005111694336,170.6881103515625,127.4355239868164,219.47544860839844,51.298824310302734,568.3909301757812,205.44972229003906,176.75222778320312,253.8343048095703
2010-05-27,213.777099609375,81.97637939453125,171.7569580078125,128.79592895507812,221.34280395507812,52.595115661621094,575.8504028320312,208.3438262939453,180.4765625,255.15838623046875
2010-05-28,213.81808471679688,81.98503875732422,174.22645568847656,129.99098205566406,224.19808959960938,53.986717224121094,575.0372924804688,211.27862548828125,182.10293579101562,258.2366638183594
2010-05-31,215.6224822998047,81.62413024902344,174.85301208496094,130.52464294433594,222.56947326660156,53.986717224121094,576.7343139648438,213.10279846191406,184.49366760253906,255.57125854492188
2010-06-01,210.78346252441406,80.1826400756836,172.3466796875,125.96235656738281,219.75177001953125,53.94860076904297,563.3886108398438,205.95921325683594,179.68374633789062,254.24697875976562
2010-06-02,221.73269653320312,80.0940170288086,175.2584686279297,126.61627960205078,221.08316040039062,53.624515533447266,576.8049926757812,206.06114196777344,183.63577270507812,259.4234924316406
2010-06-03,224.2752227783203,82.36538696289062,182.11398315429688,128.3900604248047,225.91893005371094,54.4251823425293,589.2493896484375,210.0863800048828,185.99803161621094,263.27557373046875
2010-06-04,226.61270141601562,81.50525665283203,185.54173278808594,130.15635681152344,228.510498046875,55.44505310058594,591.105224609375,210.1679229736328,190.34446716308594,263.24127197265625
2010-06-07,220.13340759277344,81.11408233642578,185.06260681152344,126.56364440917969,223.7124786376953,54.84457015991211,579.8630981445312,205.3885498046875,185.95333862304688,259.0793762207031
2010-06-08,211.89068603515625,80.5111312866211,185.3206024169922,122.88829803466797,222.27638244628906,55.22582244873047,575.3377685546875,203.07537841796875,185.7134552001953,258.0303649902344
2010-06-09,223.12696838378906,81.29778289794922,183.9568328857422,123.94805145263672,219.80198669433594,54.88676071166992,580.7645874023438,205.2458953857422,186.4271240234375,252.13169860839844
2010-06-10,233.91221618652344,83.35315704345703,185.7628936767578,126.4649887084961,221.52696228027344,55.371177673339844,591.2467651367188,206.9375457763672,190.8858184814453,258.1336669921875
2010-06-11,224.31625366210938,84.66471862792969,186.3157958984375,129.0505828857422,220.2876434326172,55.66775131225586,592.890625,213.2658233642578,191.95640563964844,261.0915222167969
2010-06-14,220.7074737548828,85.83271026611328,188.3061065673828,130.2174835205078,229.9717254638672,56.5673828125,602.3829345703125,216.7509307861328,192.37478637695312,268.6240234375
2010-06-15,221.07655334472656,85.4303207397461,191.77072143554688,131.20138549804688,228.99192810058594,57.67461013793945,609.6480712890625,217.2808380126953,193.94985961914062,268.308837890625
2010-06-16,218.2880096435547,85.95885467529297,188.63780212402344,133.7412109375,231.89759826660156,57.516441345214844,608.4990844726562,215.61978149414062,193.74478149414062,271.3558349609375
2010-06-17,219.06715393066406,86.83104705810547,186.50006103515625,134.8242950439453,231.5166473388672,58.10957717895508,628.2261352539062,218.36106872558594,192.85467529296875,271.5307922363281
2010-06-18,217.30381774902344,86.6396255493164,190.0015106201172,132.6048126220703,233.3043975830078,58.30731201171875,635.8271484375,214.88607788085938,194.6389923095703,274.29766845703125
2010-06-21,217.2217559814453,86.95064544677734,190.73870849609375,137.25733947753906,234.5269317626953,59.137718200683594,649.2083740234375,217.18914794921875,195.8859100341797,275.87371826171875
2010-06-22,214.88427734375,86.43734741210938,192.9501495361328,136.0064697265625,231.70509338378906,59.671546936035156,645.248779296875,216.81210327148438,193.15823364257812,272.7041320800781
2010-06-23,216.56561279296875,86.9463119506836,196.23052978515625,137.34886169433594,234.27149963378906,59.87916564941406,624.0014038085938,215.7726593017578,192.74803161621094,275.3835144042969
2010-06-24,215.90951538085938,87.0702896118164,199.69512939453125,135.1064910888672,236.36074829101562,60.452552795410156,633.4054565429688,214.41729736328125,193.40432739257812,270.8829345703125
2010-06-25,215.74545288085938,84.72343444824219,196.2673797607422,130.65989685058594,232.59259033203125,59.60236740112305,621.89794921875,216.6388397216797,188.748779296875,265.6470642089844
2010-06-28,217.67283630371094,84.85613250732422,196.63592529296875,132.7344512939453,235.21351623535156,58.85103225708008,633.8473510742188,222.18246459960938,188.98260498046875,267.8359680175781
2010-06-29,218.0009307861328,82.842041015625,193.61361694335938,129.4014434814453,233.9198455810547,58.593997955322266,635.22607421875,217.5559844970703,187.95712280273438,264.00103759765625
2010-06-30,215.5404052734375,83.47715759277344,197.22564697265625,131.4455108642578,233.70626831054688,60.39324951171875,639.5216064453125,222.121337890625,188.8472442626953,263.02032470703125
2010-07-01,217.38583374023438,82.9725570678711,200.8746337890625,128.35653686523438,231.70086669921875,59.908817291259766,634.289306640625,219.34951782226562,185.58628845214844,256.3659362792969
2010-07-02,217.0987548828125,83.20962524414062,197.85226440429688,128.1429443359375,228.38902282714844,59.819847106933594,631.407958984375,217.8616943359375,185.81597900390625,260.4986572265625
2010-07-05,219.35421752929688,83.31185150146484,196.19366455078125,128.2268524169922,229.72467041015625,59.740760803222656,633.1227416992188,217.7292022705078,186.4271240234375,258.81756591796875
2010-07-06,222.7169189453125,85.4346694946289,197.0782470703125,131.00308227539062,233.21224975585938,59.88905715942383,636.2512817382812,218.87059020996094,189.73318481445312,265.8747253417969
2010-07-07,226.48968505859375,84.2732162475586,197.26251220703125,129.08106994628906,232.93182373046875,59.71110534667969,631.70849609375,214.72299194335938,189.0194854736328,267.783447265625
2010-07-08,230.42648315429688,84.63864135742188,199.01780700683594,131.53700256347656,236.846435546875,59.9384880065918,643.3927001953125,215.4465789794922,193.34278869628906,272.05621337890625
2010-07-09,253.1452178955078,87.12030792236328,195.9927520751953,133.611572265625,240.63955688476562,59.384864807128906,644.1881103515625,215.55865478515625,194.33546447753906,271.233154296875
2010-07-12,250.72567749023438,89.15178680419922,195.80599975585938,136.2886962890625,242.4901885986328,59.3057861328125,645.602294921875,215.27330017089844,196.94419860839844,277.27459716796875
2010-07-13,245.9276885986328,90.1566390991211,194.0507354736328,137.2039337158203,234.18777465820312,59.137718200683594,650.0922241210938,218.95208740234375,199.27401733398438,271.3031921386719
2010-07-14,247.36297607421875,90.75476837158203,192.40756225585938,135.95310974121094,229.6786346435547,59.01909255981445,666.0009765625,218.1674041748047,202.17808532714844,271.3031921386719
2010-07-15,244.4104461669922,89.72380065917969,196.7023162841797,134.5192108154297,231.07705688476562,59.33543395996094,662.4656982421875,218.77886962890625,200.15591430664062,273.9124755859375
2010-07-16,244.77944946289062,88.69503784179688,198.79373168945312,137.6539306640625,232.5340576171875,58.989437103271484,661.316650390625,216.6388397216797,200.90652465820312,291.9666748046875
2010-07-19,244.0002899169922,89.08218383789062,197.63597106933594,137.2954559326172,231.98556518554688,57.605384826660156,669.6954345703125,215.2325439453125,201.4192657470703,289.5326232910156
2010-07-20,244.12332153320312,88.93212127685547,196.1794891357422,135.28192138671875,231.0812225341797,57.62517166137695,673.1246948242188,214.6007537841797,200.90652465820312,289.7252197265625
2010-07-21,241.94985961914062,88.4383773803711,195.50723266601562,137.68446350097656,232.08602905273438,57.803123474121094,677.2080688476562,215.71151733398438,199.901611328125,295.2412109375
2010-07-22,247.7731170654297,89.49108123779297,195.91806030273438,138.6149444580078,230.6499481201172,58.860923767089844,681.362060546875,215.8338165283203,203.14205932617188,295.48651123046875
2010-07-23,257.3689880371094,88.67979431152344,195.65667724609375,139.24803161621094,233.32533264160156,59.641910552978516,685.091796875,216.12933349609375,204.82786560058594,293.9453430175781
2010-07-26,262.78216552734375,89.25835418701172,195.65667724609375,139.83531188964844,234.8325653076172,59.849517822265625,678.7634887695312,214.63133239746094,197.71945190429688,297.4301452636719
2010-07-27,264.6275634765625,89.90650177001953,194.4989471435547,140.97935485839844,236.8715362548828,60.15596008300781,658.8597412109375,214.71286010742188,199.77032470703125,297.3951721191406
2010-07-28,264.0943908691406,90.74604797363281,188.48617553710938,138.6378173828125,237.14784240722656,60.76889419555664,644.7184448242188,208.1400146484375,202.7359619140625,299.2512512207031
2010-07-29,259.91156005859375,91.37681579589844,191.5858917236328,141.665771484375,237.23580932617188,61.3126220703125,642.7032470703125,205.8777313232422,202.8795166015625,298.391357421875
2010-07-30,251.6278839111328,92.52086639404297,187.81390380859375,138.03529357910156,233.4885711669922,61.045711517333984,634.3422241210938,205.7758331298828,205.32827758789062,294.8104553222656
2010-08-02,260.8547668457031,92.93196105957031,189.3077392578125,143.3208770751953,234.20452880859375,61.84648132324219,640.7059936523438,206.7744598388672,212.1741943359375,294.2840576171875
2010-08-03,269.3845520019531,92.32730102539062,189.2330780029297,146.74542236328125,233.14523315429688,61.05559539794922,631.107421875,209.46475219726562,213.33909606933594,292.08990478515625
2010-08-04,265.03759765625,91.99452209472656,191.697998046875,147.85137939453125,240.6982421875,61.411476135253906,638.4785766601562,207.08018493652344,212.89613342285156,304.9908447265625
2010-08-05,266.2268981933594,91.36160278320312,190.68955993652344,145.73867797851562,240.2585906982422,61.60919952392578,639.4331665039062,205.2458953857422,217.04306030273438,308.1679382324219
2010-08-06,265.2427062988281,90.94617462158203,190.50286865234375,144.88446044921875,239.80226135253906,62.775753021240234,636.8878173828125,203.8294219970703,214.8813934326172,303.5517272949219
2010-08-09,269.3436279296875,90.56771850585938,191.249755859375,149.50645446777344,240.71078491210938,62.85483932495117,640.9180297851562,202.5046844482422,217.46548461914062,308.87017822265625
2010-08-10,266.96502685546875,91.13973999023438,194.34951782226562,150.84886169433594,236.8925323486328,62.182594299316406,646.0265502929688,201.34298706054688,215.72634887695312,303.4814758300781
2010-08-11,262.9871826171875,90.89395904541016,195.13380432128906,148.24798583984375,235.3726348876953,61.27307891845703,641.1301879882812,200.395263671875,213.26116943359375,301.2523193359375
2010-08-12,259.91156005859375,90.1827392578125,198.681640625,146.94374084472656,232.17398071289062,60.48221969604492,637.2766723632812,198.2246856689453,228.4214630126953,299.60235595703125
2010-08-13,259.95257568359375,90.80913543701172,198.53228759765625,148.94207763671875,232.5548858642578,61.787147521972656,639.4331665039062,199.5494842529297,233.82350158691406,299.93585205078125
2010-08-16,261.4288635253906,90.65472412109375,201.5946807861328,145.99801635742188,231.26962280273438,62.57803726196289,632.7866821289062,199.10107421875,231.4567413330078,299.8305969238281
2010-08-17,259.2554016113281,92.26638793945312,198.42027282714844,146.27256774902344,230.3150177001953,63.092098236083984,631.4160766601562,197.82730102539062,231.21481323242188,298.46142578125
2010-08-18,259.3377685546875,95.35057830810547,201.1091766357422,147.64544677734375,235.06698608398438,64.25862121582031,638.020263671875,196.59422302246094,230.9071502685547,305.7982177734375
2010-08-19,258.9263610839844,97.01226806640625,204.69436645507812,154.52508544921875,234.84515380859375,65.36585998535156,647.3836059570312,199.16221618652344,230.16883850097656,306.1319274902344
2010-08-20,255.3061981201172,97.06232452392578,200.84776306152344,151.62677001953125,231.91433715820312,64.33772277832031,665.3268432617188,201.495849609375,228.62655639648438,305.0436096191406
2010-08-23,261.1066589355469,95.55284118652344,200.81044006347656,154.29624938964844,234.72364807128906,63.07231903076172,668.7445678710938,199.10107421875,231.60858154296875,305.552734375
2010-08-24,265.9198913574219,96.07704162597656,201.40794372558594,152.8013916015625,231.5500946044922,63.210731506347656,662.4075317382812,198.18394470214844,233.45843505859375,305.65789794921875
2010-08-25,260.777587890625,95.36363220214844,200.17550659179688,150.14710998535156,232.023193359375,63.46775436401367,659.0430297851562,197.24639892578125,231.63319396972656,305.8335266113281
2010-08-26,264.5623474121094,94.75898742675781,198.42027282714844,150.0327606201172,231.58360290527344,64.81224822998047,663.8849487304688,194.93316650390625,235.12796020507812,307.6940612792969
2010-08-27,260.0782470703125,93.05375671386719,197.15045166015625,146.05136108398438,226.91529846191406,63.744571685791016,654.9488525390625,193.53707885742188,229.2417755126953,300.5151062011719
2010-08-30,265.5908203125,92.72969818115234,196.92642211914062,147.64544677734375,226.12408447265625,62.99321365356445,647.5079956054688,193.20077514648438,229.70123291015625,296.8642883300781
2010-08-31,269.3343811035156,92.84060668945312,197.561279296875,149.14036560058594,227.24610900878906,64.5156478881836,645.6923217773438,187.34129333496094,226.94482421875,296.1973876953125
2010-09-01,277.8089294433594,93.49310302734375,199.09246826171875,151.77931213378906,232.46278381347656,64.5156478881836,652.83056640625,190.8060302734375,227.77337646484375,301.3399353027344
2010-09-02,274.88812255859375,95.15483093261719,201.5946807861328,153.136962890625,230.5243377685547,65.42517852783203,655.5540771484375,191.06080627441406,226.345947265625,296.32012939453125
2010-09-03,279.12542724609375,95.43757629394531,203.83543395996094,152.694580078125,232.57167053222656,64.85179138183594,653.3112182617188,188.66603088378906,227.51910400390625,293.932861328125
2010-09-06,282.5399169921875,95.88778686523438,202.90176391601562,158.55982971191406,237.110107421875,65.56358337402344,652.9017333984375,194.15872192382812,234.54959106445312,300.2693176269531
2010-09-07,282.663330078125,95.6615982055664,202.1548614501953,158.43016052246094,239.8985595703125,65.72176361083984,667.979248046875,196.12545776367188,232.7406463623047,305.8861389160156
2010-09-08,289.6157531738281,94.81333923339844,204.8437957763672,156.75221252441406,241.10858154296875,64.97042846679688,664.5257568359375,195.57518005371094,237.56851196289062,308.5890808105469
2010-09-09,288.052490234375,97.6517562866211,208.4290313720703,160.1996612548828,242.414794921875,64.1993408203125,669.8482666015625,195.36117553710938,244.79998779296875,307.06219482421875
2010-09-13,286.9828796386719,99.28734588623047,208.5037078857422,167.4911651611328,245.92333984375,64.53543853759766,678.0366821289062,202.28048706054688,258.2949523925781,308.8349609375
2010-09-14,293.27703857421875,101.53850555419922,207.75686645507812,167.81915283203125,249.1639404296875,65.3263168334961,683.626220703125,201.39393615722656,255.09556579589844,314.31134033203125
2010-09-15,293.0713806152344,103.3328857421875,207.68206787109375,168.39117431640625,255.63246154785156,66.2951431274414,682.8250732421875,206.6420135498047,251.05523681640625,321.1391906738281
2010-09-16,285.954345703125,104.19635772705078,207.719482421875,168.33778381347656,248.3558807373047,66.19628143310547,688.5390625,203.88040161132812,253.88548278808594,314.32891845703125
2010-09-17,295.251708984375,104.42692565917969,210.48300170898438,169.96234130859375,248.70761108398438,66.57196044921875,698.917236328125,209.3832550048828,253.71730041503906,320.7881164550781
2010-09-20,301.0933837890625,106.41053009033203,218.9980010986328,172.02931213378906,251.9271697998047,69.85407257080078,712.0543212890625,212.24676513671875,255.0421905517578,320.2440490722656
2010-09-21,300.7642517089844,107.47846984863281,220.30516052246094,171.93777465820312,256.16009521484375,68.27234649658203,726.241455078125,210.97293090820312,254.2095489501953,334.88275146484375
2010-09-22,298.4605407714844,107.9526138305664,222.58326721191406,171.77755737304688,252.40452575683594,69.0829849243164,709.0637817382812,207.8954315185547,258.3072204589844,328.318359375
2010-09-23,292.4954528808594,107.17831420898438,226.54196166992188,167.83436584472656,253.12457275390625,69.7947769165039,711.4312133789062,203.3301239013672,257.54840087890625,326.9490051269531
2010-09-24,302.903564453125,108.54425048828125,235.24363708496094,169.94705200195312,255.3185577392578,70.88221740722656,718.8541870117188,204.1453399658203,257.7083435058594,327.1595458984375
2010-09-27,307.0173645019531,106.07340240478516,230.68727111816406,170.09962463378906,253.9368438720703,70.54609680175781,721.5775756835938,205.88790893554688,260.9283447265625,325.6325988769531
2010-09-28,307.099609375,106.5932388305664,228.70797729492188,169.42843627929688,252.5971221923828,70.54609680175781,728.89404296875,203.5033721923828,261.7527770996094,322.8418273925781
2010-09-29,298.99530029296875,106.26481628417969,228.55860900878906,168.0937042236328,253.80711364746094,68.64798736572266,726.3839721679688,203.60525512695312,262.1629333496094,323.0875244140625
2010-09-30,301.3813781738281,108.2875747680664,230.83676147460938,169.77162170410156,255.43572998046875,70.50656127929688,730.9588623046875,201.21051025390625,265.8341064453125,325.40447998046875
2010-10-01,300.3940124511719,108.78347778320312,231.322265625,173.16574096679688,259.7607116699219,70.64495849609375,747.1575927734375,205.41915893554688,268.43463134765625,337.5683288574219
2010-10-04,296.0744934082031,108.48986053466797,230.46324157714844,176.3614959716797,257.7761535644531,69.30046844482422,736.067626953125,207.44703674316406,267.40911865234375,335.53228759765625
2010-10-05,290.9733581542969,106.4801254272461,227.0648193359375,175.07254028320312,258.29949951171875,68.7270736694336,731.0299682617188,208.6698760986328,266.4534912109375,333.5838928222656
2010-10-06,289.69805908203125,106.86946868896484,224.93609619140625,175.29368591308594,259.8988952636719,68.37118530273438,737.8120727539062,212.97027587890625,265.2474365234375,336.88372802734375
2010-10-07,291.9606018066406,105.86026763916016,221.35081481933594,173.53182983398438,255.68276977539062,67.97574615478516,725.1201171875,211.78817749023438,264.1481628417969,333.0747985839844
2010-10-08,290.356201171875,104.65092468261719,220.93994140625,171.79286193847656,257.59613037109375,68.19325256347656,727.4698486328125,213.9281463623047,266.4042053222656,330.8983154296875
2010-10-11,282.0873718261719,103.90056610107422,220.23043823242188,172.76910400390625,257.4412536621094,68.3909683227539,725.5650634765625,217.91268920898438,267.84808349609375,330.3015441894531
2010-10-12,278.9608459472656,103.54385375976562,217.95230102539062,173.69964599609375,257.5039978027344,67.60008239746094,711.8585205078125,215.140869140625,265.2762451171875,333.7418212890625
2010-10-13,285.99554443359375,106.19522857666016,226.57920837402344,176.75047302246094,264.0060729980469,69.24114990234375,739.8413696289062,218.69732666015625,271.1787109375,348.5385437011719
2010-10-14,283.8974914550781,105.46004486083984,223.44216918945312,173.85218811035156,266.7190856933594,69.22138214111328,716.3265991210938,215.8338165283203,267.5567626953125,346.1514892578125
2010-10-15,274.51788330078125,103.80270385742188,223.0314178466797,171.55641174316406,257.59613037109375,67.99552917480469,707.977783203125,212.03274536132812,259.6977233886719,333.6015319824219
2010-10-18,269.25213623046875,104.33340454101562,221.7989959716797,170.25978088378906,260.1709289550781,67.83735656738281,717.5191040039062,213.47979736328125,259.8699951171875,344.4664306640625
2010-10-19,269.2109680175781,103.04578399658203,221.83631896972656,170.77847290039062,252.0612030029297,67.4221420288086,710.5411376953125,212.85816955566406,255.67384338378906,339.7271728515625
2010-10-20,264.3154602050781,101.59722900390625,219.14730834960938,169.9165802001953,252.76461791992188,66.43354034423828,713.8165283203125,213.8874053955078,253.84854125976562,338.1474609375
2010-10-21,277.3563537597656,102.88264465332031,228.89474487304688,172.31150817871094,257.5039978027344,68.944580078125,727.4163208007812,220.4500732421875,262.1137390136719,346.20416259765625
2010-10-22,274.3533630371094,101.2100830078125,225.01068115234375,172.6547393798828,259.0909423828125,67.6989517211914,718.9252319335938,220.48065185546875,263.0242919921875,365.1606750488281
2010-10-25,277.4387512207031,100.25523376464844,228.78265380859375,174.21826171875,256.2056884765625,66.88829040527344,724.3724365234375,222.22320556640625,265.7315368652344,374.5510559082031
2010-10-26,270.5274353027344,100.11167907714844,222.7699432373047,172.54794311523438,255.75592041015625,67.91643524169922,726.472900390625,223.9556121826172,260.9405822753906,373.024169921875
2010-10-27,264.8915100097656,98.06282043457031,218.8485565185547,168.82589721679688,252.90032958984375,66.37421417236328,716.8070678710938,222.71238708496094,261.5230712890625,367.9691467285156
2010-10-28,272.0495910644531,98.60221862792969,217.57879638671875,166.1259307861328,252.10693359375,66.05789184570312,712.232177734375,220.52142333984375,261.5600280761719,369.61907958984375
2010-10-29,267.9356689453125,99.17642211914062,220.1183319091797,177.40638732910156,252.17897033691406,67.6989517211914,721.93359375,223.42567443847656,258.46307373046875,369.61907958984375
2010-11-01,275.8754577636719,102.19099426269531,222.2689971923828,187.93179321289062,254.72052001953125,67.95597839355469,741.9597778320312,222.80406188964844,262.3885498046875,370.4983215332031
2010-11-02,270.8977355957031,102.24102020263672,222.30670166015625,187.8326416015625,256.8760986328125,68.56889343261719,759.4580078125,219.0641632080078,262.66741943359375,369.1091003417969
2010-11-03,270.1983642578125,102.75869750976562,223.36314392089844,188.94618225097656,256.64691162109375,69.4190902709961,765.0475463867188,217.11776733398438,268.47149658203125,370.2873229980469
2010-11-04,268.3470764160156,103.9310073852539,225.77793884277344,193.12583923339844,261.1274719238281,69.99249267578125,773.2537231445312,225.21920776367188,281.66705322265625,376.0377502441406
2010-11-08,269.91033935546875,101.5906982421875,231.39968872070312,191.4860382080078,255.92979431152344,69.4586410522461,769.1951904296875,226.60511779785156,280.98614501953125,375.6861572265625
2010-11-09,275.2583923339844,104.33555603027344,240.71900939941406,193.5987548828125,259.6551208496094,70.30882263183594,773.5740966796875,225.9325714111328,268.4674072265625,383.75799560546875
2010-11-10,269.08758544921875,104.22029876708984,237.5120849609375,191.47076416015625,261.5942077636719,69.99249267578125,770.2275390625,224.6383819580078,263.71337890625,384.1801452636719
2010-11-11,260.6130676269531,102.36934661865234,233.32400512695312,188.70977783203125,259.2181091308594,69.34000396728516,757.7491455078125,220.0934295654297,260.5426940917969,374.490478515625
2010-11-12,251.3979949951172,100.6989517211914,227.7399444580078,183.11911010742188,254.39816284179688,68.7468490600586,740.60693359375,216.41465759277344,248.30699157714844,371.3775939941406
2010-11-15,254.7713623046875,103.7853012084961,229.17364501953125,186.58944702148438,257.13067626953125,69.26091766357422,742.2266845703125,214.95741271972656,259.5213623046875,374.9298400878906
2010-11-16,257.8978271484375,103.20890808105469,225.21197509765625,183.4013214111328,252.11534118652344,67.20465087890625,714.0123291015625,210.02523803710938,252.72059631347656,368.9155578613281
2010-11-18,267.35980224609375,101.80602264404297,226.0419921875,177.61996459960938,254.91578674316406,67.99552917480469,725.6897583007812,210.52456665039062,251.4449005126953,366.77008056640625
2010-11-19,270.23944091796875,100.2073974609375,225.62693786621094,175.2250518798828,251.50863647460938,67.60008239746094,729.3388671875,203.04476928710938,245.36602783203125,357.1331481933594
2010-11-22,277.2330017089844,103.52645874023438,226.11749267578125,180.0072479248047,258.2889709472656,69.55750274658203,727.8257446289062,206.30572509765625,249.3776092529297,365.46875
2010-11-23,270.8154296875,103.17410278320312,226.60801696777344,176.4835205078125,255.60736083984375,68.21302032470703,729.4814453125,202.91233825683594,242.2855682373047,362.2857666015625
2010-11-24,272.9956970214844,100.54666900634766,226.23068237304688,171.6250457763672,254.232666015625,68.68755340576172,718.0531616210938,203.00404357910156,233.8850860595703,353.3872375488281
2010-11-25,275.6286315917969,101.053466796875,224.26869201660156,170.27503967285156,260.04132080078125,67.10580444335938,688.5926513671875,199.6309814453125,231.49783325195312,359.38409423828125
2010-11-26,274.6412658691406,99.95943450927734,221.17491149902344,171.48013305664062,258.14892578125,66.2951431274414,689.66064453125,196.1356658935547,234.84898376464844,368.3351135253906
2010-11-29,278.6728210449219,99.95943450927734,224.72140502929688,176.0792694091797,260.00732421875,66.67080688476562,699.5403442382812,203.4829864501953,236.24362182617188,376.7940368652344
2010-11-30,296.3213195800781,99.4156723022461,225.06103515625,174.21826171875,258.90838623046875,67.97574615478516,694.25341796875,200.8742218017578,245.46861267089844,378.447021484375
2010-12-01,288.4226989746094,102.96747589111328,224.57054138183594,178.08522033691406,259.02728271484375,67.77803802490234,722.4678344726562,201.52639770507812,254.32440185546875,380.5223083496094
2010-12-02,284.76141357421875,104.04195404052734,224.08010864257812,181.70045471191406,262.9393005371094,67.58031463623047,717.3944091796875,206.08152770996094,254.24649047851562,385.41107177734375
2010-12-03,284.3500061035156,104.21160125732422,225.8156280517578,180.2208251953125,265.18804931640625,67.73848724365234,719.6373901367188,205.0115509033203,251.9125518798828,385.95635986328125
2010-12-06,284.1443176269531,103.67220306396484,226.60801696777344,175.6064453125,266.7495422363281,66.8487777709961,715.383056640625,207.9158172607422,242.19947814941406,387.48626708984375
2010-12-07,287.02398681640625,102.29759216308594,223.1744842529297,169.39793395996094,269.7366638183594,66.51264190673828,717.9105834960938,210.07618713378906,234.9925994873047,382.491943359375
2010-12-08,286.0366516113281,99.20034790039062,223.66500854492188,168.46739196777344,265.70989990234375,65.93925476074219,709.9537353515625,207.99732971191406,230.1114501953125,379.5550537109375
2010-12-09,278.4671936035156,97.09275817871094,218.15643310546875,161.4352264404297,267.4327087402344,66.15673828125,690.7999267578125,200.6500244140625,220.42291259765625,377.251220703125
2010-12-10,272.3375549316406,96.67298126220703,223.36314392089844,170.40469360351562,266.82171630859375,67.34304809570312,692.0103759765625,208.6800994873047,224.15969848632812,378.0601501464844
2010-12-13,273.20147705078125,97.39727020263672,227.13623046875,170.90809631347656,266.9107971191406,66.0974349975586,698.6324462890625,212.31808471679688,225.1769256591797,378.4822692871094
2010-12-14,275.7520751953125,97.36463928222656,225.06103515625,170.77084350585938,268.0436096191406,66.59172058105469,711.9829711914062,215.0695037841797,229.10235595703125,380.18817138671875
2010-12-15,279.49566650390625,94.0868911743164,225.43832397460938,164.54713439941406,271.84539794921875,66.03809356689453,711.8050537109375,214.79437255859375,221.33766174316406,388.172119140625
2010-12-16,283.2803955078125,95.73556518554688,221.8539581298828,168.67337036132812,279.4700622558594,66.45331573486328,706.0909423828125,215.39559936523438,226.66180419921875,401.2032165527344
2010-12-20,275.6286315917969,94.50450134277344,222.7217254638672,167.8038787841797,284.2774353027344,66.0183334350586,704.2930908203125,215.37521362304688,221.5345001220703,410.34783935546875
2010-12-21,273.8596496582031,96.31410217285156,221.6653289794922,173.64625549316406,282.52081298828125,66.0974349975586,703.2427978515625,218.7176971435547,225.08670043945312,408.27264404296875
2010-12-22,282.4164733886719,94.77855682373047,221.47666931152344,172.63943481445312,282.7965087890625,66.19628143310547,696.0869140625,215.2325439453125,225.18511962890625,404.38629150390625
2010-12-23,282.45758056640625,95.30708312988281,219.6656036376953,172.3191375732422,285.80059814453125,65.9985580444336,688.9486083984375,215.9153289794922,225.29180908203125,400.95703125
2010-12-24,286.81829833984375,96.50116729736328,222.60858154296875,170.56492614746094,285.9915771484375,67.18489074707031,697.8670043945312,215.9764862060547,226.038330078125,401.3439025878906
2010-12-27,281.3056945800781,96.29670715332031,223.5517578125,171.69369506835938,286.5643310546875,67.12556457519531,694.2355346679688,215.0695037841797,225.69786071777344,401.3789367675781
2010-12-28,281.6759948730469,98.14329528808594,222.15582275390625,169.60389709472656,287.05230712890625,67.6989517211914,690.5863037109375,213.571533203125,223.83566284179688,403.1903991699219
2010-12-29,291.2613220214844,101.26010131835938,229.92823791503906,172.28860473632812,288.9404602050781,68.88526916503906,696.6207275390625,213.7141876220703,226.0260009765625,406.9186706542969
2010-12-30,294.0998840332031,100.29003143310547,233.39939880371094,173.4174041748047,292.50885009765625,69.0236587524414,703.2960815429688,214.24411010742188,225.5707244873047,411.57879638671875
2010-12-31,295.2105712890625,102.06700897216797,236.1160125732422,174.67591857910156,292.1524353027344,69.06321716308594,704.649169921875,215.7726593017578,230.67745971679688,409.9786071777344
2011-01-03,295.66314697265625,103.9875717163086,236.30465698242188,174.63778686523438,293.47625732421875,69.12252044677734,705.09423828125,215.140869140625,231.5142364501953,407.30548095703125
2011-01-04,293.2359619140625,102.0322036743164,242.15281677246094,168.4140167236328,295.4364318847656,70.19020080566406,703.3496704101562,219.52273559570312,224.41810607910156,402.6275939941406
2011-01-05,287.1474304199219,100.4074935913086,245.77496337890625,163.12081909179688,293.58233642578125,71.0997085571289,686.5811767578125,219.25782775878906,220.9397735595703,407.6220397949219
2011-01-06,290.60302734375,101.2579116821289,242.03965759277344,160.6954345703125,295.1564025878906,70.74382019042969,668.566650390625,221.255126953125,215.131591796875,412.1064758300781
2011-01-07,278.50830078125,98.72185516357422,236.22915649414062,160.047119140625,286.0425109863281,68.21302032470703,657.2986450195312,217.13816833496094,213.3719024658203,401.88897705078125
2011-01-10,279.0019836425781,93.62361907958984,233.17303466796875,154.67764282226562,288.1640319824219,67.46167755126953,633.9793701171875,210.62648010253906,208.9542999267578,397.7564392089844
2011-01-11,278.4671936035156,93.37783813476562,232.3806915283203,156.04286193847656,282.21954345703125,67.26395416259766,633.8726196289062,206.61141967773438,214.34814453125,386.3607177734375
2011-01-12,287.2297058105469,95.93128967285156,230.0791778564453,163.13609313964844,286.5982666015625,68.70732879638672,626.6454467773438,210.0863800048828,219.01190185546875,399.5323791503906
2011-01-13,285.2138977050781,93.22124481201172,228.04173278808594,156.50816345214844,271.9938659667969,68.47006225585938,622.4087524414062,206.9375457763672,210.06997680664062,395.4173278808594
2011-01-14,282.827880859375,89.15612030029297,228.3057861328125,153.9454345703125,271.9175109863281,67.44190979003906,608.808837890625,204.11474609375,205.15602111816406,393.97528076171875
2011-01-17,286.736083984375,89.96305084228516,227.6266632080078,152.71746826171875,277.3910217285156,67.99552917480469,598.0038452148438,203.38104248046875,206.41937255859375,400.0424499511719
2011-01-18,283.3626403808594,91.75743865966797,227.77764892578125,154.28863525390625,281.9903564453125,69.6563720703125,599.5347290039062,202.7594451904297,209.5654754638672,422.9568786621094
2011-01-19,283.40380859375,90.28278350830078,226.11749267578125,156.08865356445312,275.7617492675781,69.37954711914062,587.964111328125,199.76345825195312,205.23394775390625,419.5978698730469
2011-01-20,279.9892883300781,92.11415100097656,226.30612182617188,160.25303649902344,279.690673828125,67.87688446044922,589.61962890625,197.66421508789062,207.9657440185547,426.35076904296875
2011-01-21,276.492431640625,91.09622955322266,225.02325439453125,162.5411834716797,275.2736511230469,66.7894287109375,587.2341918945312,201.11880493164062,213.0396728515625,426.15740966796875
2011-01-24,274.06536865234375,93.46482849121094,224.83468627929688,165.34033203125,278.7359313964844,66.86852264404297,590.580810546875,198.02090454101562,221.09153747558594,425.29571533203125
2011-01-25,277.8912658691406,90.66775512695312,212.7232208251953,158.32337951660156,276.61444091796875,66.43354034423828,593.3755493164062,195.35101318359375,219.688720703125,418.03271484375
2011-01-27,267.9356689453125,89.21485137939453,204.2716827392578,154.73104858398438,271.28955078125,66.35445404052734,585.7744750976562,192.1308135986328,217.68292236328125,422.56005859375
2011-01-28,269.25213623046875,89.36058044433594,205.21493530273438,155.3564453125,268.849853515625,66.49285125732422,572.2281494140625,186.07766723632812,214.94703674316406,416.2008361816406
2011-01-31,262.46429443359375,89.05825805664062,204.61119079589844,155.83694458007812,264.5686340332031,64.29818725585938,584.2615356445312,187.3616485595703,216.77232360839844,408.5028076171875
2011-02-01,260.9010009765625,88.72329711914062,203.47930908203125,151.74880981445312,262.15008544921875,63.111873626708984,561.9746704101562,182.5110321044922,212.805908203125,405.2087097167969
2011-02-02,265.5908203125,87.8663558959961,207.2146453857422,154.28103637695312,262.1544189453125,62.874610900878906,560.1946411132812,187.769287109375,211.14053344726562,416.5884094238281
2011-02-03,279.5779724121094,89.65202331542969,210.49717712402344,156.66067504882812,264.56005859375,63.05255889892578,580.5231323242188,192.37539672851562,217.5393524169922,417.0287780761719
2011-02-04,273.5716857910156,87.7728042602539,205.9695587158203,151.93186950683594,258.645263671875,60.501976013183594,558.9662475585938,187.50433349609375,217.05125427246094,404.73297119140625
2011-02-07,274.6824645996094,88.69066619873047,207.02598571777344,149.30052185058594,262.0015869140625,62.12327194213867,548.0009765625,189.3488006591797,218.4991912841797,398.5149230957031
2011-02-08,274.2298583984375,87.12467193603516,206.27139282226562,145.15139770507812,262.7781066894531,61.727848052978516,536.4839477539062,186.53627014160156,216.4277801513672,396.3832092285156
2011-02-09,273.28375244140625,87.97074127197266,208.5729217529297,145.99034118652344,265.67181396484375,60.85786437988281,527.565673828125,186.34263610839844,211.73529052734375,386.9415588378906
2011-02-10,265.42620849609375,87.69015502929688,205.74313354492188,146.41751098632812,259.09515380859375,61.74760818481445,531.0723266601562,183.3568115234375,204.60633850097656,384.28155517578125
2011-02-11,262.3819885253906,89.58024597167969,203.10198974609375,152.6259765625,258.0470275878906,61.33240509033203,553.9998168945312,185.45606994628906,212.68692016601562,383.87646484375
2011-02-14,269.3343811035156,91.58778381347656,206.1204071044922,157.76661682128906,263.45263671875,62.28144073486328,591.043701171875,186.4445037841797,221.34996032714844,391.8739013671875
2011-02-15,270.8154296875,91.65522766113281,206.1204071044922,160.809814453125,263.62237548828125,62.12327194213867,578.4406127929688,191.92701721191406,224.5165252685547,386.7300720214844
2011-02-16,270.1983642578125,91.1266860961914,208.1956024169922,160.26065063476562,263.3211975097656,62.04417037963867,589.0321655273438,192.42633056640625,225.685546875,386.3074951171875
2011-02-17,279.6190490722656,95.07434844970703,206.72410583496094,161.23692321777344,264.19952392578125,62.6571159362793,603.611083984375,194.42367553710938,228.10560607910156,390.7817077636719
2011-02-18,272.6254577636719,94.66109466552734,210.8367156982422,156.53866577148438,263.0920715332031,61.58942413330078,583.5672607421875,190.673583984375,226.5059051513672,383.91156005859375
2011-02-21,272.0906677246094,95.77468872070312,211.51585388183594,158.28524780273438,268.6037292480469,62.55824661254883,588.2666625976562,194.91278076171875,229.0326385498047,401.1396179199219
2011-02-22,271.9261779785156,93.02330780029297,211.51585388183594,156.67591857910156,266.6180419921875,61.96509552001953,571.7118530273438,200.7213897705078,223.73719787597656,401.19256591796875
2011-02-23,270.0337219238281,91.96408081054688,211.36492919921875,153.47256469726562,261.2674560546875,61.53011703491211,569.9674682617188,202.92245483398438,214.741943359375,396.5419616699219
2011-02-24,266.9071960449219,89.5715560913086,211.36492919921875,145.1208953857422,255.32736206054688,59.57269287109375,539.865966796875,196.51272583007812,207.44073486328125,391.6976318359375
2011-02-25,271.30902099609375,88.834228515625,211.51585388183594,150.444580078125,255.2000732421875,61.80692672729492,538.9937133789062,196.93052673339844,211.87066650390625,391.0811767578125
2011-02-28,272.5843505859375,89.2735824584961,212.79867553710938,148.095458984375,254.33444213867188,66.82898712158203,543.97802734375,196.5229034423828,215.7920379638672,391.1515197753906
2011-03-01,277.7678527832031,93.04723358154297,216.91134643554688,156.53866577148438,261.5730285644531,68.64798736572266,573.6344604492188,201.53660583496094,221.93649291992188,396.1720275878906
2011-03-03,271.6381530761719,95.40278625488281,219.43923950195312,155.5242156982422,256.7954406738281,68.62822723388672,592.6812744140625,199.20297241210938,220.06199645996094,405.2263488769531
2011-03-04,269.00531005859375,96.49462890625,217.25086975097656,155.03610229492188,259.85882568359375,68.1734619140625,573.47412109375,200.1812744140625,221.8791046142578,400.0649719238281
2011-03-07,266.9483947753906,94.53276824951172,212.30821228027344,154.09036254882812,258.2040710449219,68.27234649658203,558.9662475585938,199.1316375732422,215.27517700195312,390.4471130371094
2011-03-08,275.5052490234375,95.98350524902344,212.61004638671875,155.6844024658203,264.4498291015625,67.99552917480469,557.2218627929688,200.74172973632812,216.76007080078125,393.7763366699219
2011-03-09,273.5716857910156,95.96392822265625,211.06307983398438,157.91915893554688,262.6847229003906,67.91643524169922,559.1087646484375,202.55563354492188,215.5376739501953,396.947021484375
2011-03-10,271.1033630371094,96.06615447998047,208.7615509033203,154.76150512695312,262.23919677734375,67.73848724365234,553.3234252929688,200.70095825195312,212.45314025878906,390.5526428222656
2011-03-11,265.38507080078125,95.10694885253906,209.289794921875,153.59458923339844,259.15447998046875,67.75826263427734,548.837646484375,202.1887664794922,210.43504333496094,379.4548034667969
2011-03-14,264.7268371582031,96.3423843383789,209.85572814941406,155.45558166503906,263.1344909667969,68.58869171142578,556.15380859375,207.54896545410156,213.46217346191406,386.67730712890625
2011-03-15,258.4738464355469,95.03302001953125,207.32785034179688,152.02342224121094,257.1390686035156,67.26395416259766,542.57177734375,211.40093994140625,210.2176513671875,383.9468994140625
2011-03-16,263.6572570800781,94.99386596679688,204.7621612548828,156.72930908203125,257.2027587890625,67.6989517211914,549.2470703125,213.40846252441406,216.89950561523438,392.772216796875
2011-03-17,261.51812744140625,94.89598083496094,204.2716827392578,154.3496551513672,252.77304077148438,66.45331573486328,542.269287109375,210.09657287597656,214.72964477539062,386.8358459472656
2011-03-18,262.1762390136719,93.4952621459961,202.98883056640625,152.9310302734375,249.58226013183594,66.41378784179688,539.7947387695312,202.38241577148438,212.49415588378906,381.4631652832031
2011-03-21,260.7364807128906,93.71932220458984,200.83819580078125,153.09117126464844,247.9868927001953,66.39400482177734,536.2703247070312,201.83212280273438,211.86656188964844,377.2530212402344
2011-03-22,268.7173156738281,93.59534454345703,202.00784301757812,153.1750946044922,249.74778747558594,67.24419403076172,541.4857788085938,203.7377471923828,214.97982788085938,376.79486083984375
2011-03-23,272.00848388671875,94.14344787597656,203.47930908203125,158.78099060058594,254.01617431640625,67.99552917480469,544.9392700195312,206.50953674316406,216.7928466796875,374.9805603027344
2011-03-24,274.188720703125,95.38754272460938,203.06430053710938,160.64202880859375,254.818115234375,68.41073608398438,551.7391967773438,205.9083251953125,217.4573516845703,385.2151184082031
2011-03-25,279.49566650390625,98.53045654296875,204.7244110107422,166.4386444091797,268.4170227050781,70.1704330444336,569.0595092773438,209.23037719726562,222.38768005371094,394.4632568359375
2011-03-28,286.1601257324219,99.9094009399414,208.79930114746094,167.9182891845703,266.42279052734375,70.66474151611328,583.282470703125,209.04696655273438,225.53787231445312,394.5513916015625
2011-03-29,296.69158935546875,100.27481842041016,209.55392456054688,167.71998596191406,269.2911682128906,70.88221740722656,586.3263549804688,208.4457244873047,227.0678253173828,401.1748046875
2011-03-30,295.7042541503906,101.85603332519531,209.81796264648438,169.18434143066406,269.0831604003906,70.229736328125,589.7974243164062,210.43287658691406,234.30348205566406,405.8427429199219
2011-03-31,294.05865478515625,102.04528045654297,216.64720153808594,170.2674102783203,275.05731201171875,72.00922393798828,588.1065063476562,213.81610107421875,226.85458374023438,417.0992126464844
2011-04-01,292.3309020996094,101.51892852783203,214.2701873779297,168.2386016845703,273.09283447265625,72.16738891601562,586.3797607421875,211.2277069091797,223.10140991210938,415.7779846191406
2011-04-04,295.66314697265625,104.43562316894531,211.0253448486328,170.7250518798828,278.6087341308594,73.09667205810547,601.4215698242188,214.13197326660156,226.69044494628906,427.421875
2011-04-05,296.4035339355469,104.21595001220703,207.78057861328125,169.51239013671875,278.6172180175781,72.83963775634766,593.6603393554688,213.52056884765625,229.39358520507812,436.8108215332031
2011-04-06,290.6853332519531,103.3546371459961,209.1766357421875,167.87252807617188,277.9298400878906,72.34534454345703,589.406005859375,212.9499053955078,229.48382568359375,430.46942138671875
2011-04-07,293.7295837402344,102.43242645263672,208.27108764648438,168.4064178466797,275.44769287109375,72.18717193603516,594.3723754882812,212.34866333007812,230.75953674316406,422.4895324707031
2011-04-08,297.7611083984375,102.3302001953125,209.06338500976562,167.53692626953125,273.8693542480469,72.66168212890625,597.5587768554688,208.6800994873047,227.9169464111328,421.3621520996094
2011-04-11,298.2136535644531,99.87895202636719,206.4977264404297,167.8877716064453,275.0827941894531,73.15599060058594,593.8739624023438,204.8892364501953,228.405029296875,415.1614074707031
2011-04-13,302.3275451660156,103.05014038085938,212.4969024658203,171.89199829101562,280.56475830078125,75.17272186279297,611.568115234375,208.25209045410156,231.25990295410156,426.3296813964844
2011-04-15,306.4002685546875,102.79566955566406,207.55421447753906,168.05557250976562,253.68959045410156,75.72634887695312,615.0748291015625,208.078857421875,230.3698272705078,419.7415466308594
2011-04-18,303.0268859863281,100.56407928466797,212.1573028564453,165.37081909179688,246.61219787597656,75.21226501464844,597.4519653320312,205.67388916015625,225.7266082763672,403.25335693359375
2011-04-19,309.732421875,102.11705780029297,209.06338500976562,166.2784423828125,245.0210418701172,74.14458465576172,606.7085571289062,206.1833953857422,224.23350524902344,410.3348083496094
2011-04-20,313.1058349609375,103.18063354492188,214.3833770751953,169.68017578125,246.7140655517578,75.37044525146484,607.4205322265625,209.0876922607422,229.3033905029297,429.3594665527344
2011-04-21,309.5679626464844,104.86408996582031,217.89227294921875,170.6182403564453,246.94317626953125,75.1924819946289,607.8121337890625,212.0836944580078,234.7176971435547,419.98822021484375
2011-04-25,308.90972900390625,104.00931549072266,217.8168182373047,169.72592163085938,249.59930419921875,75.23204803466797,613.5262451171875,205.7146759033203,239.4471893310547,422.01397705078125
2011-04-26,313.9698181152344,102.65428924560547,214.00608825683594,171.06825256347656,249.68844604492188,75.78564453125,609.9837646484375,204.04347229003906,240.67361450195312,418.89581298828125
2011-04-27,316.8905944824219,102.36715698242188,213.93055725097656,168.84117126464844,250.6048583984375,76.5765151977539,600.7274169921875,200.9761199951172,238.76211547851562,415.9364929199219
2011-04-28,318.2070617675781,101.69293212890625,210.7612762451172,170.4657440185547,248.5682830810547,75.86474609375,591.043701171875,198.18394470214844,234.27476501464844,408.2032470703125
2011-04-29,312.6944580078125,99.85720825195312,215.21343994140625,170.00048828125,246.62493896484375,76.06245422363281,568.044921875,200.49713134765625,230.0785675048828,410.669677734375
2011-05-02,315.6976013183594,99.62229919433594,212.0818328857422,167.53692626953125,248.0081787109375,75.58792114257812,571.3026123046875,196.62477111816406,220.89871215820312,408.1328125
2011-05-03,308.0869445800781,97.25154113769531,205.74313354492188,162.88441467285156,247.03219604492188,73.88755798339844,547.3424072265625,192.37539672851562,211.95680236816406,401.086669921875
2011-05-04,304.2199401855469,98.37384033203125,207.59193420410156,161.3361053466797,243.52745056152344,73.86778259277344,548.9445190429688,193.1396484375,214.5901336669922,400.59344482421875
2011-05-05,294.4700927734375,96.59031677246094,201.89463806152344,157.11831665039062,241.72425842285156,72.16738891601562,545.6158447265625,195.39556884765625,213.49087524414062,392.8251953125
2011-05-06,288.7518310546875,99.93116760253906,208.1956024169922,165.32505798339844,245.50050354003906,72.60237884521484,550.4397583007812,196.444580078125,217.38760375976562,404.7860107421875
2011-05-09,300.4763488769531,99.13074493408203,214.87388610839844,165.2030487060547,246.8201141357422,72.93850708007812,552.1307983398438,197.31875610351562,215.2013397216797,400.0649719238281
2011-05-10,301.0933837890625,97.71916961669922,224.30642700195312,164.16574096679688,244.40155029296875,73.39324951171875,548.9622802734375,195.5601043701172,215.50897216796875,401.5975036621094
2011-05-11,301.299072265625,98.3564453125,226.53248596191406,164.2420196533203,246.60797119140625,73.68982696533203,542.0912475585938,196.52682495117188,219.44671630859375,401.7209167480469
2011-05-12,300.8876953125,97.44947814941406,227.43797302246094,160.49713134765625,244.5033721923828,72.68146514892578,534.47216796875,194.48025512695312,216.69436645507812,391.6800842285156
2011-05-13,302.5743103027344,97.92144775390625,231.39968872070312,163.68524169921875,244.25730895996094,74.73774719238281,544.1738891601562,194.9944610595703,217.3670654296875,397.08795166015625
2011-05-16,305.4129943847656,98.0084457397461,229.66407775878906,161.35134887695312,241.88546752929688,73.5909652709961,540.0262451171875,194.37741088867188,214.6311798095703,398.4971618652344
2011-05-17,305.00152587890625,97.98234558105469,233.13531494140625,158.6055908203125,241.35504150390625,74.2829818725586,536.0032348632812,189.3688201904297,198.09268188476562,402.2317199707031
2011-05-18,306.0300598144531,98.6304931640625,233.2107391357422,157.46151733398438,241.215087890625,74.71796417236328,536.5193481445312,185.50186157226562,193.25665283203125,406.9351806640625
2011-05-19,300.969970703125,98.91107177734375,233.6258087158203,157.1335906982422,241.55032348632812,74.75749969482422,567.7953491210938,188.3095245361328,190.5125732421875,410.3877258300781
2011-05-20,307.59332275390625,100.7337417602539,234.07859802246094,159.13185119628906,241.8387451171875,73.7689208984375,588.23095703125,189.893310546875,192.85211181640625,413.96368408203125
2011-05-23,303.1502990722656,98.51521301269531,229.39999389648438,153.59458923339844,240.7525177001953,75.21226501464844,574.079345703125,187.05479431152344,186.97625732421875,410.9865417480469
2011-05-24,304.9192810058594,98.1063232421875,228.0794677734375,155.4098358154297,241.38482666015625,73.92708587646484,584.7598876953125,188.36094665527344,184.67825317382812,405.1207275390625
2011-05-25,304.1377258300781,98.0823974609375,226.3816375732422,153.87680053710938,236.64535522460938,74.77729797363281,571.2313232421875,186.35546875,181.00897216796875,397.6164245605469
2011-05-26,302.2041320800781,98.49346923828125,232.87118530273438,156.54627990722656,237.3206024169922,73.94685363769531,583.282470703125,192.08395385742188,181.869140625,400.13543701171875
2011-05-27,306.8116455078125,100.20957946777344,227.8530731201172,162.9377899169922,238.25653076171875,74.71796417236328,583.2647094726562,194.46995544433594,185.7212677001953,403.2357177734375
2011-05-30,305.61865234375,100.38139343261719,228.49447631835938,164.39456176757812,237.66677856445312,74.18412780761719,580.64794921875,193.1123809814453,185.94149780273438,405.8427429199219
2011-05-31,307.8402099609375,104.38123321533203,229.81500244140625,165.6759490966797,238.098388671875,76.45789337158203,584.7064819335938,195.78636169433594,190.98211669921875,407.6750793457031
2011-06-01,313.9698181152344,104.32252502441406,234.26718139648438,165.46238708496094,240.31222534179688,76.65562438964844,599.8728637695312,194.74761962890625,193.5792999267578,414.10455322265625
2011-06-02,313.599609375,103.38516235351562,242.03965759277344,162.0934600830078,239.5856170654297,77.22900390625,595.2981567382812,195.62181091308594,193.99485778808594,411.4094543457031
2011-06-03,311.3780212402344,103.22967529296875,240.3794403076172,161.8616485595703,240.70960998535156,76.49742889404297,609.7701416015625,192.23818969726562,192.1913604736328,405.8957214355469
2011-06-06,312.6533203125,104.30281829833984,237.66293334960938,163.50747680664062,242.56436157226562,76.24040222167969,615.1283569335938,192.88612365722656,192.5778350830078,410.2116394042969
2011-06-07,310.8843688964844,104.09473419189453,232.98439025878906,163.21388244628906,247.23556518554688,76.53699493408203,607.224609375,197.10276794433594,192.82302856445312,415.4785461425781
2011-06-08,310.8020935058594,103.1639633178711,236.49331665039062,162.11663818359375,245.45333862304688,77.09059143066406,606.1922607421875,195.24127197265625,190.72866821289062,419.061279296875
2011-06-09,309.8147888183594,103.49466705322266,235.8518524169922,161.95437622070312,244.58154296875,77.11035919189453,614.4696044921875,196.22860717773438,188.1231689453125,420.81695556640625
2011-06-10,307.675537109375,103.4793472290039,235.02182006835938,160.08450317382812,244.6542510986328,77.62531280517578,603.1126708984375,194.2745361328125,186.40692138671875,421.827880859375
2011-06-13,310.67864990234375,103.92391967773438,236.90830993652344,160.65625,245.9576873779297,77.32154846191406,608.04345703125,190.38697814941406,184.4995574951172,416.8973693847656
2011-06-14,312.07733154296875,104.3575668334961,237.9647979736328,163.1211395263672,245.50469970703125,78.51641845703125,615.003662109375,187.45591735839844,185.35557556152344,422.4843444824219
2011-06-15,309.9793395996094,103.93268585205078,239.0211944580078,159.3504180908203,242.3678741455078,78.63790893554688,611.6036987304688,185.23446655273438,181.3870849609375,420.0719909667969
2011-06-16,304.1377258300781,102.62739562988281,242.15281677246094,158.94090270996094,239.3505859375,78.57715606689453,597.4342041015625,182.56044006347656,183.2944793701172,408.33099365234375
2011-06-17,313.1058349609375,102.90335083007812,242.15281677246094,159.5126953125,236.73077392578125,77.66583251953125,598.0750732421875,178.69349670410156,183.93023681640625,393.4508056640625
2011-06-20,320.7576599121094,100.70011901855469,243.39793395996094,158.3768768310547,231.5938720703125,75.5191421508789,591.2750244140625,171.3914794921875,181.19593811035156,379.2975158691406
2011-06-21,322.1974792480469,101.86304473876953,243.24703979492188,156.7001190185547,233.09820556640625,74.87107849121094,584.7777709960938,174.5591278076172,178.56137084960938,392.5817565917969
2011-06-22,314.13433837890625,101.73820495605469,234.49363708496094,157.45736694335938,235.48297119140625,75.01282501220703,588.711669921875,173.972900390625,177.896484375,384.3345031738281
2011-06-23,314.4223327636719,102.22221374511719,239.6626739501953,159.20361328125,237.53851318359375,77.5443115234375,593.8739624023438,179.05343627929688,179.62933349609375,389.1231994628906
2011-06-24,322.4443359375,104.38603210449219,244.7562255859375,164.44241333007812,244.44900512695312,79.022705078125,619.2758178710938,179.23858642578125,189.99725341796875,403.5779113769531
2011-06-27,325.8177795410156,105.83148956298828,244.07713317871094,166.80685424804688,245.39785766601562,78.41514587402344,636.0264892578125,179.26943969726562,193.3133544921875,408.1358947753906
2011-06-28,329.3555908203125,106.13371276855469,244.1902618408203,167.40953063964844,244.90634155273438,78.51641845703125,641.1532592773438,179.17684936523438,194.56832885742188,409.3420104980469
2011-06-29,330.3017883300781,109.0268325805664,251.1326141357422,168.01991271972656,246.31240844726562,80.82513427734375,640.904052734375,182.08738708496094,197.76390075683594,414.9642333984375
2011-06-30,324.91259765625,110.18536376953125,259.3200378417969,169.16348266601562,248.7654266357422,82.20223999023438,649.2882080078125,184.8127899169922,199.84994506835938,420.05438232421875
2011-07-01,315.491943359375,109.55901336669922,254.11346435546875,169.19439697265625,250.79112243652344,81.63520050048828,643.5028686523438,177.29481506347656,201.1505889892578,422.7856140136719
2011-07-04,316.1913146972656,110.91468048095703,253.88697814941406,169.95167541503906,251.20143127441406,80.50106811523438,637.34375,178.6215057373047,202.4637451171875,420.5865478515625
2011-07-05,314.5045471191406,111.30670166015625,251.1326141357422,169.57302856445312,252.6971435546875,79.24547576904297,637.8421020507812,174.00376892089844,205.55543518066406,418.3693542480469
2011-07-06,315.45074462890625,111.48847198486328,248.8311309814453,166.19639587402344,252.46214294433594,79.67074584960938,643.1824340820312,175.4332733154297,203.10784912109375,419.5577392578125
2011-07-07,327.4632873535156,112.38641357421875,253.3587188720703,168.42173767089844,256.052001953125,82.3844985961914,663.422119140625,179.09458923339844,206.34912109375,424.2046203613281
2011-07-08,327.5866394042969,112.0951156616211,254.2738494873047,163.8397216796875,254.4152374267578,81.23017120361328,653.8631591796875,175.83441162109375,205.98345947265625,415.6027526855469
2011-07-11,321.9095458984375,110.57081604003906,253.1680450439453,162.88160705566406,249.6799774169922,82.06047821044922,652.5101928710938,175.5155792236328,202.38063049316406,410.28204345703125
2011-07-12,318.33056640625,108.61727905273438,253.89248657226562,161.7457733154297,238.6027069091797,81.67569732666016,633.4097900390625,174.37396240234375,199.47593688964844,406.2736511230469
2011-07-13,324.91259765625,110.3671646118164,252.6724090576172,162.88160705566406,237.3846893310547,82.62753295898438,641.0108032226562,178.0147247314453,202.04820251464844,407.58624267578125
2011-07-14,326.2702331542969,110.807373046875,253.39688110351562,165.20741271972656,234.2264404296875,82.22247314453125,647.4013671875,178.4467010498047,205.04014587402344,398.5940856933594
2011-07-15,323.3083190917969,111.46438598632812,251.452392578125,163.90927124023438,233.4572296142578,81.71620178222656,649.0391235351562,179.6088104248047,205.6884002685547,406.52203369140625
2011-07-18,323.4317321777344,112.80035400390625,254.00689697265625,161.89256286621094,231.9229278564453,81.67569732666016,638.180419921875,178.45692443847656,205.84214782714844,399.0730895996094
2011-07-19,327.8334655761719,111.88050079345703,252.2911834716797,164.08697509765625,235.09402465820312,82.66802215576172,646.0484008789062,180.89439392089844,208.8258056640625,404.3936767578125
2011-07-20,325.28289794921875,110.18319702148438,253.0537872314453,161.5448455810547,235.2607421875,83.33635711669922,641.7227783203125,180.2258758544922,205.3975067138672,401.69781494140625
2011-07-21,325.07720947265625,108.6939468383789,254.5026092529297,160.87261962890625,236.598388671875,83.88313293457031,637.1123657226562,177.06854248046875,204.03453063964844,398.18621826171875
2011-07-22,338.2827453613281,109.8437271118164,254.46441650390625,165.05282592773438,241.73956298828125,84.00467681884766,650.534423828125,179.63963317871094,207.64146423339844,402.0347595214844
2011-07-25,355.9722900390625,110.64310455322266,252.55810546875,166.10369873046875,239.98741149902344,83.194580078125,659.4702758789062,181.5937042236328,208.82997131347656,404.3404235839844
2011-07-26,349.3489990234375,109.09908294677734,249.69842529296875,160.64854431152344,239.4788360595703,81.37191009521484,633.1072387695312,179.25914001464844,203.29067993164062,406.0254211425781
2011-07-27,353.4217224121094,109.9532241821289,248.59274291992188,158.3845672607422,239.03866577148438,81.37191009521484,626.1648559570312,177.06854248046875,199.87484741210938,406.9122619628906
2011-07-28,354.4501037597656,106.72283935546875,246.190673828125,157.23326110839844,235.14532470703125,83.53886413574219,619.5607299804688,172.2348175048828,195.85650634765625,401.71978759765625
2011-07-29,359.7569885253906,106.61334991455078,247.0676727294922,160.21580505371094,237.2650146484375,84.38945770263672,614.3272705078125,170.3013153076172,194.87582397460938,404.36932373046875
2011-08-01,363.13043212890625,106.87615966796875,246.2670440673828,161.5448455810547,240.61563110351562,84.6122055053711,628.0162353515625,170.8978271484375,194.90072631835938,403.7469177246094
2011-08-02,355.7666015625,105.748291015625,246.8770294189453,157.89007568359375,235.1324920654297,82.93130493164062,617.353515625,172.22454833984375,189.24928283691406,402.1108093261719
2011-08-03,350.70660400390625,105.57306671142578,245.5425567626953,154.8379669189453,233.56405639648438,83.7818832397461,590.545166015625,169.70481872558594,189.3822479248047,394.8913269042969
2011-08-04,348.8964538574219,104.34660339355469,243.40740966796875,153.47801208496094,231.5597381591797,80.98713684082031,586.9317626953125,167.0925750732422,187.64111328125,389.7344055175781
2011-08-05,342.1086120605469,103.60198974609375,243.14051818847656,149.359619140625,221.47816467285156,79.54924011230469,583.38916015625,162.90675354003906,185.7379150390625,376.2554016113281
2011-08-08,335.9789123535156,101.20384216308594,243.7887725830078,146.94886779785156,211.16151428222656,78.98218536376953,580.7545776367188,160.57215881347656,184.25439453125,357.5484924316406
2011-08-09,335.0738525390625,101.71851348876953,243.59800720214844,145.28759765625,202.9604034423828,80.90613555908203,573.9013061523438,157.41482543945312,184.68655395507812,343.1270751953125
2011-08-10,334.74481201171875,105.10220336914062,241.19595336914062,148.9269256591797,209.16148376464844,79.83277130126953,590.0645751953125,158.9472198486328,188.837890625,349.9731750488281
2011-08-11,326.7227783203125,105.11315155029297,240.6240692138672,145.65847778320312,208.60586547851562,80.50106811523438,584.0123291015625,158.83409118652344,186.69366455078125,347.9460754394531
2011-08-12,320.14056396484375,102.50692749023438,240.2428436279297,145.25668334960938,203.0159149169922,80.19730377197266,586.3086547851562,156.50978088378906,182.59217834472656,336.849853515625
2011-08-16,325.6943054199219,99.9664535522461,236.73500061035156,144.58445739746094,205.07582092285156,81.20989227294922,578.529541015625,156.1498260498047,182.58802795410156,346.2568054199219
2011-08-17,326.9728088378906,102.38648223876953,241.27223205566406,140.597412109375,209.31956481933594,82.72879028320312,590.3480834960938,155.29624938964844,180.36898803710938,355.61016845703125
2011-08-18,322.6011047363281,101.26954650878906,241.57725524902344,133.48876953125,201.21246337890625,82.5667724609375,584.8158569335938,152.4576873779297,172.73536682128906,342.2557373046875
2011-08-19,316.4559020996094,100.9300765991211,240.7384796142578,128.59765625,190.15220642089844,80.683349609375,555.197998046875,150.678466796875,169.336181640625,330.377197265625
2011-08-22,323.92083740234375,99.22180938720703,238.7939453125,131.51063537597656,187.57949829101562,81.81745147705078,561.107421875,155.7075958251953,171.3682403564453,326.5007019042969
2011-08-23,331.2620544433594,100.61251068115234,242.60670471191406,131.68838500976562,194.6182098388672,82.30349731445312,572.189208984375,157.404541015625,171.513671875,349.10186767578125
2011-08-24,328.0451354980469,99.86787414550781,243.7887725830078,130.15072631835938,192.3916015625,81.79720306396484,559.6881713867188,156.592041015625,165.36769104003906,342.3447265625
2011-08-25,331.8394775390625,97.16312408447266,244.24623107910156,128.8603515625,186.62217712402344,81.9592056274414,555.5391845703125,154.98770141601562,162.87442016601562,338.00579833984375
2011-08-26,328.8287353515625,96.1337890625,243.7505340576172,126.7586441040039,188.2589874267578,79.73151397705078,550.0970458984375,147.97361755371094,156.89881896972656,337.3121337890625
2011-08-29,334.1077880859375,99.9664535522461,244.01739501953125,132.6001434326172,196.267822265625,81.79720306396484,579.8766479492188,155.30650329589844,161.11663818359375,362.616455078125
2011-08-30,333.77789306640625,103.361083984375,244.3224639892578,134.9490966796875,200.25946044921875,81.00739288330078,577.97265625,160.9732666015625,164.04208374023438,370.7252502441406
2011-09-02,337.0361022949219,103.5472183227539,244.01739501953125,137.09716796875,198.22943115234375,82.32376861572266,578.0985107421875,165.6732940673828,165.6752166748047,363.5056457519531
2011-09-05,334.5202331542969,102.98876190185547,243.90301513671875,136.48675537109375,193.60533142089844,82.12123107910156,583.8280029296875,162.25885009765625,166.76393127441406,365.4971618652344
2011-09-06,328.4988098144531,103.5472183227539,244.01739501953125,137.42169189453125,196.80628967285156,82.14148712158203,590.6713256835938,168.9746551513672,164.5324249267578,367.70233154296875
2011-09-07,331.3033142089844,106.89806365966797,244.3987274169922,138.67343139648438,195.85755920410156,81.02762603759766,603.5135498046875,171.44288635253906,168.52589416503906,366.6707763671875
2011-09-08,329.52984619140625,105.93444061279297,247.63961791992188,142.0114288330078,199.87477111816406,80.6631088256836,614.7213134765625,175.3407440185547,168.2017364501953,368.46697998046875
2011-09-09,330.06597900390625,103.64578247070312,254.0449981689453,138.58843994140625,194.3917236328125,80.05554962158203,608.00390625,169.8488311767578,162.28848266601562,361.35394287109375
2011-09-12,318.2293701171875,102.79164123535156,263.84381103515625,133.26466369628906,187.9084930419922,79.46823120117188,591.0843505859375,165.8480987548828,154.86676025390625,350.56005859375
2011-09-13,314.7236633300781,102.43029022216797,260.29803466796875,131.7270050048828,189.92575073242188,79.8125228881836,587.2766723632812,166.66061401367188,152.3277587890625,353.42291259765625
2011-09-14,311.25933837890625,104.88318634033203,268.8767395019531,133.52735900878906,201.00303649902344,80.78460693359375,577.8651123046875,169.77682495117188,151.82078552246094,361.0160827636719
2011-09-15,319.3016052246094,106.1424789428711,266.3221435546875,135.40499877929688,205.9818115234375,80.76435852050781,571.39892578125,172.01882934570312,157.7465362548828,370.4940490722656
2011-09-16,318.2293701171875,105.93444061279297,258.7728271484375,136.59490966796875,204.72108459472656,80.17706298828125,577.9189453125,169.8282470703125,161.69837951660156,365.5149230957031
2011-09-19,319.0954284667969,106.16437530517578,257.6290588378906,132.82421875,201.94325256347656,79.12396240234375,560.8377685546875,168.9849395751953,159.3173065185547,362.0653381347656
2011-09-20,322.8485412597656,107.6098403930664,261.5562744140625,136.3553924560547,208.25973510742188,80.39982604980469,561.430419921875,175.20704650878906,165.44668579101562,376.2554016113281
2011-09-21,324.3746032714844,108.29969787597656,258.3153076171875,139.26840209960938,208.1828155517578,80.03529357910156,560.0296020507812,172.2862091064453,167.0174102783203,371.1164855957031
2011-09-22,307.5062561035156,103.43772888183594,253.0919189453125,133.26466369628906,201.08424377441406,77.34178924560547,535.7998046875,161.74459838867188,161.0293731689453,353.6542663574219
2011-09-23,309.3209533691406,99.95549011230469,252.5199432373047,130.39027404785156,199.90467834472656,77.62531280517578,521.3230590820312,158.50497436523438,162.08485412597656,352.19610595703125
2011-09-26,314.1875305175781,98.57574462890625,250.8041229248047,132.6001434326172,201.28939819335938,76.34944152832031,512.450439453125,156.1600799560547,162.17625427246094,354.5610046386719
2011-09-27,319.714111328125,100.1854476928711,258.3534851074219,136.9272003173828,208.9093017578125,78.35440063476562,519.3114624023438,163.97634887695312,165.99514770507812,370.06719970703125
2011-09-28,312.8265380859375,100.30590057373047,255.26510620117188,134.253662109375,211.1401824951172,79.83277130126953,504.2421569824219,163.97634887695312,163.67225646972656,372.68133544921875
2011-09-29,309.65081787109375,103.06541442871094,262.1662292480469,137.64576721191406,218.05062866210938,81.91871643066406,491.9566650390625,166.1360626220703,162.25941467285156,377.50018310546875
2011-09-30,311.7954406738281,102.41931915283203,259.7260437011719,135.2813720703125,216.5078887939453,80.19730377197266,487.6819763183594,166.26980590820312,158.8269500732422,368.91156005859375
2011-10-03,314.2287292480469,99.87881469726562,254.80760192871094,129.67169189453125,211.6230926513672,78.71891784667969,473.88775634765625,162.12515258789062,154.71717834472656,371.045166015625
2011-10-04,305.1141662597656,98.31292724609375,248.78341674804688,123.77610778808594,208.4263458251953,77.62531280517578,480.8924865722656,158.710693359375,148.5338134765625,371.98779296875
2011-10-05,301.979736328125,96.07904815673828,245.46633911132812,120.42266082763672,209.14866638183594,78.61767578125,482.45526123046875,157.76451110839844,142.8158721923828,371.1342468261719
2011-10-07,292.6588134765625,98.55384063720703,251.14730834960938,127.4077377319336,214.4265899658203,80.6631088256836,500.4523620605469,165.14878845214844,145.63327026367188,372.9123840332031
2011-10-10,299.87628173828125,99.58317565917969,252.5199432373047,130.22027587890625,221.37130737304688,81.04788970947266,497.63238525390625,170.56874084472656,145.94496154785156,378.6560363769531
2011-10-11,309.3209533691406,100.1964111328125,248.44024658203125,128.65170288085938,214.07188415527344,80.82513427734375,506.4332580566406,170.10589599609375,146.65138244628906,370.1739807128906
2011-10-12,307.8361511230469,102.30982208251953,251.14730834960938,132.8551483154297,229.0126495361328,82.62753295898438,518.5750732421875,174.76483154296875,155.585693359375,383.7596130371094
2011-10-13,305.1141662597656,103.07635498046875,249.16477966308594,135.96905517578125,230.4955596923828,81.77696990966797,509.7742614746094,174.19915771484375,156.8572540283203,388.6319274902344
2011-10-14,316.4559020996094,103.78813934326172,252.7487030029297,137.59939575195312,234.5170440673828,83.11357116699219,505.6250915527344,178.31297302246094,156.67855834960938,403.3912048339844
2011-10-17,313.48638916015625,104.697021484375,254.6168975830078,138.9052734375,234.75637817382812,83.33635711669922,495.78240966796875,171.50462341308594,157.21878051757812,398.4122009277344
2011-10-18,308.5785217285156,104.71893310546875,251.22360229492188,135.45132446289062,230.9101104736328,82.72879028320312,484.4849853515625,168.64552307128906,155.12857055664062,367.5777587890625
2011-10-19,317.3632507324219,107.71935272216797,252.7487030029297,139.7242889404297,233.14955139160156,83.88313293457031,502.9308776855469,173.39694213867188,159.4336700439453,373.0545959472656
2011-10-20,321.7349853515625,107.21560668945312,251.98619079589844,135.69085693359375,236.14044189453125,83.05281829833984,497.596435546875,172.51248168945312,160.8216094970703,371.6142883300781
2011-10-21,311.7954406738281,106.65714263916016,248.6689453125,134.5318603515625,234.0003662109375,82.62753295898438,479.6712646484375,171.9057159423828,161.91864013671875,373.374755859375
2011-10-24,315.9197692871094,106.0767822265625,256.90460205078125,134.2073211669922,237.837890625,83.8223876953125,464.9251403808594,174.1168975830078,158.63580322265625,384.008544921875
2011-10-25,320.4151916503906,102.49598693847656,260.0691833496094,135.74497985839844,245.69334411621094,85.48304748535156,480.2999572753906,180.17446899414062,152.90536499023438,391.8189392089844
2011-10-28,323.30218505859375,105.7044677734375,267.6947326660156,144.23672485351562,245.6890106201172,87.28543853759766,509.0198669433594,185.1212921142578,158.72305297851562,399.9680480957031
2011-10-31,323.1784362792969,107.31417846679688,286.5679626464844,143.89675903320312,247.31341552734375,86.33362579345703,507.63665771484375,180.50360107421875,158.4321746826172,397.9352722167969
2011-11-01,325.4468994140625,105.62779998779297,295.94744873046875,138.3102569580078,243.79397583007812,84.36917877197266,499.33868408203125,177.01708984375,158.0249481201172,395.3139343261719
2011-11-02,317.11578369140625,105.80302429199219,297.434326171875,136.76492309570312,243.6048126220703,84.79447937011719,499.3028869628906,179.3208465576172,158.68983459472656,394.743408203125
2011-11-03,324.49822998046875,105.52926635742188,291.4864196777344,135.69085693359375,240.82882690429688,85.13874053955078,495.8183288574219,182.2210693359375,160.79664611816406,394.08343505859375
2011-11-04,327.7152099609375,105.7811279296875,292.1790466308594,136.65673828125,242.87855529785156,85.19951629638672,500.64990234375,180.9972381591797,163.4062957763672,392.2290344238281
2011-11-08,327.59149169921875,106.05487823486328,292.9871826171875,136.193115234375,244.26663208007812,85.38177490234375,500.2547912597656,181.7685546875,165.99514770507812,394.17279052734375
2011-11-09,326.0242004394531,104.52183532714844,302.3763427734375,133.23374938964844,243.6821746826172,85.86783599853516,493.66290283203125,177.91184997558594,154.7545623779297,400.4852294921875
2011-11-11,326.3128967285156,101.63090515136719,304.49273681640625,126.8745346069336,238.55979919433594,86.13111114501953,477.91107177734375,182.10791015625,149.46051025390625,403.35589599609375
2011-11-14,334.2315368652344,103.24060821533203,307.4941101074219,126.8745346069336,241.40467834472656,85.66529846191406,476.6357727050781,180.32872009277344,145.69976806640625,402.4287414550781
2011-11-15,331.2620544433594,103.42677307128906,301.183349609375,122.06073760986328,240.50216674804688,85.32105255126953,462.8236389160156,177.1919403076172,143.75083923339844,401.00238037109375
2011-11-16,331.2620544433594,101.99227142333984,301.6067199707031,121.90621185302734,238.78326416015625,86.11083984375,444.1800231933594,174.44602966308594,146.7677459716797,398.45233154296875
2011-11-17,326.35418701171875,100.60155487060547,300.6831970214844,120.26042175292969,236.65188598632812,84.14640808105469,442.8328857421875,166.59889221191406,146.06130981445312,397.7034606933594
2011-11-18,327.8801574707031,100.3716049194336,300.02911376953125,119.0086441040039,235.560302734375,81.7364501953125,447.08966064453125,166.21835327148438,143.50149536132812,387.5213623046875
2011-11-21,320.4151916503906,97.38214874267578,300.29833984375,113.05899047851562,229.4839324951172,80.78460693359375,440.9289855957031,161.74459838867188,138.97618103027344,380.6026306152344
2011-11-22,312.3728942871094,97.250732421875,296.219482421875,115.19932556152344,234.11651611328125,79.46823120117188,440.80328369140625,163.56497192382812,140.41397094726562,385.8274841308594
2011-11-23,300.9073791503906,93.31954193115234,295.25750732421875,112.30177307128906,227.98419189453125,78.29364013671875,427.2066345214844,159.0809326171875,137.56332397460938,378.85516357421875
2011-11-24,312.3728942871094,94.09701538085938,296.2964172363281,112.82717895507812,229.14878845214844,77.88860321044922,439.6896667480469,159.0294952392578,137.45529174804688,389.3759460449219
2011-11-25,309.44464111328125,94.37078094482422,289.216064453125,110.98819732666016,223.43331909179688,77.86836242675781,454.75921630859375,155.0493927001953,140.50540161132812,379.4258728027344
2011-11-28,319.631591796875,96.54991149902344,293.9106750488281,115.87928009033203,226.5660858154297,79.56951141357422,459.680419921875,161.22007751464844,147.9021759033203,388.1990661621094
2011-11-29,308.2485656738281,95.31251525878906,298.7593078613281,113.42215728759766,223.2829132080078,80.15679931640625,458.7642822265625,157.35311889648438,146.37295532226562,389.9108581542969
2011-11-30,318.476806640625,96.91127014160156,305.6471862792969,110.09961700439453,224.04788208007812,81.29090881347656,456.98626708984375,160.07852172851562,146.47682189941406,397.84619140625
2011-12-01,312.7027893066406,99.32037353515625,300.60626220703125,117.78009796142578,228.2162322998047,82.48574829101562,465.0507507324219,164.34658813476562,151.604736328125,404.7112731933594
2011-12-02,322.188720703125,102.05796813964844,303.91552734375,121.72850036621094,231.55093383789062,83.64012908935547,470.690673828125,167.0308837890625,156.815673828125,420.1180725097656
2011-12-05,322.1061096191406,101.25858306884766,303.9924621582031,120.46900939941406,232.15257263183594,82.68829345703125,472.612548828125,165.94068908691406,158.8269500732422,421.1699523925781
2011-12-07,311.25933837890625,102.29888916015625,305.33935546875,118.66094970703125,237.1201629638672,83.0123062133789,478.4320373535156,166.56802368164062,161.68174743652344,420.6709289550781
2011-12-08,302.92828369140625,99.37512969970703,302.4148254394531,115.02161407470703,234.06912231445312,80.60234069824219,452.7294921875,160.201904296875,155.24078369140625,419.9754943847656
2011-12-09,295.87579345703125,97.1850357055664,296.8351745605469,112.98944091796875,232.93894958496094,79.85301971435547,440.71343994140625,155.440185546875,155.0454559326172,418.1208801269531
2011-12-12,282.3481750488281,94.62263488769531,294.9880676269531,109.2728271484375,235.51309204101562,79.38723754882812,429.4698181152344,149.63975524902344,147.33287048339844,420.9560241699219
2011-12-13,285.2763671875,96.0133285522461,297.1045837402344,109.1723861694336,236.5400848388672,79.93402862548828,420.5250244140625,152.68392944335938,148.5878143310547,420.3677673339844
2011-12-14,287.7096862792969,95.12635803222656,295.8731994628906,108.8555908203125,235.51309204101562,80.94662475585938,416.6274719238281,152.60166931152344,148.3634490966797,421.70513916015625
2011-12-15,277.6877136230469,94.46932220458984,304.1463928222656,107.95928955078125,233.458984375,80.84536743164062,407.0362243652344,154.29861450195312,144.3450469970703,421.72296142578125
2011-12-16,277.605224609375,90.95423889160156,302.29925537109375,104.46674346923828,234.1593475341797,79.30622863769531,385.3211975097656,148.47760009765625,139.5496368408203,408.81256103515625
2011-12-19,277.48150634765625,88.91747283935547,304.9160461425781,101.56146240234375,230.025390625,79.9947738647461,371.04205322265625,151.24412536621094,135.31105041503906,407.8675231933594
2011-12-20,266.6346435546875,90.71332550048828,305.3009033203125,100.97422790527344,229.36788940429688,80.76435852050781,351.212890625,146.7498016357422,131.1887969970703,404.194091796875
2011-12-21,281.688232421875,95.36726379394531,308.99493408203125,108.5387954711914,235.74932861328125,81.91871643066406,359.11572265625,153.8563995361328,134.9287567138672,413.2349853515625
2011-12-22,276.49163818359375,96.98793029785156,314.3050842285156,112.52584075927734,233.84567260742188,82.5262680053711,360.9479064941406,155.2036895751953,138.88475036621094,410.7384948730469
2011-12-23,272.738525390625,95.82719421386719,316.8447265625,111.53681182861328,231.6024627685547,82.62753295898438,362.4026184082031,153.52728271484375,136.91917419433594,412.6822814941406
2011-12-26,284.3689880371094,97.1740951538086,322.6168212890625,112.74991607666016,238.57272338867188,83.0123062133789,368.5454406738281,156.53036499023438,138.43179321289062,423.8270263671875
2011-12-27,283.008056640625,96.29805755615234,320.7313232421875,112.20905303955078,237.1588592529297,83.05281829833984,369.49737548828125,154.89512634277344,136.60340881347656,420.6351013183594
2011-12-28,283.50286865234375,96.31993865966797,316.80633544921875,107.76610565185547,239.10125732421875,81.83770751953125,369.76678466796875,152.01547241210938,133.82337951660156,416.9796142578125
2011-12-29,281.2345275878906,94.08605194091797,318.8457336425781,106.00437927246094,235.67202758789062,81.29090881347656,359.04400634765625,146.43096923828125,135.37335205078125,415.7314758300781
2011-12-30,283.3379211425781,93.48380279541016,313.5355224609375,105.80350494384766,237.86790466308594,81.5339126586914,357.3017272949219,142.5331268310547,134.55889892578125,413.9303283691406
2012-01-02,284.41021728515625,93.48380279541016,309.6875305175781,107.64249420166016,241.41748046875,80.46056365966797,362.4745788574219,145.33053588867188,135.27366638183594,420.3320007324219
2012-01-03,295.8345031738281,96.17757415771484,313.9588317871094,112.16268157958984,246.174560546875,81.14913940429688,381.08233642578125,149.05352783203125,141.7562255859375,427.1081237792969
2012-01-04,285.6888122558594,97.08647918701172,304.3387756347656,114.8361587524414,245.32382202148438,80.82513427734375,384.31536865234375,147.30511474609375,140.9583282470703,418.3348693847656
2012-01-05,284.0802917480469,97.16312408447266,302.7226867675781,115.60884094238281,244.0989990234375,80.92638397216797,390.7633972167969,143.88040161132812,140.65916442871094,417.978271484375
2012-01-06,272.65606689453125,99.27655792236328,305.37774658203125,116.16516876220703,243.41152954101562,81.85797119140625,388.5002746582031,147.5930938720703,139.0218963623047,417.05096435546875
2012-01-09,264.32501220703125,99.80218505859375,302.7995910644531,115.56246185302734,243.78953552246094,81.81745147705078,390.87115478515625,145.26878356933594,136.07150268554688,417.7463684082031
2012-01-10,272.4911193847656,100.67822265625,304.3387756347656,119.6885986328125,246.1143798828125,83.09332275390625,407.2877502441406,151.42922973632812,141.50271606445312,415.6243591308594
2012-01-11,268.6142272949219,101.32429504394531,302.0684509277344,120.56173706054688,242.93443298339844,82.343994140625,412.06536865234375,153.90782165527344,143.5264129638672,405.4959411621094
2012-01-12,269.274169921875,102.2003402709961,303.2613525390625,120.75492858886719,222.44923400878906,83.0123062133789,406.5692138671875,151.5732421875,146.638916015625,388.5557861328125
2012-01-13,275.9967346191406,102.84639739990234,301.41424560546875,121.99890899658203,222.10113525390625,83.8628921508789,421.1896667480469,150.52420043945312,147.6112823486328,387.21826171875
2012-01-16,280.4508972167969,100.85343170166016,297.33538818359375,122.33116912841797,226.90982055664062,84.6932144165039,431.6969299316406,146.64694213867188,150.9606170654297,395.65277099609375
2012-01-17,284.616455078125,102.5835952758789,305.99346923828125,121.39624786376953,228.79208374023438,84.4096908569336,455.2798767089844,152.6325225830078,153.2544403076172,393.708984375
2012-01-18,284.9463806152344,105.5401840209961,301.8760986328125,118.93910217285156,224.49484252929688,84.97675323486328,445.6526184082031,160.38705444335938,155.0288543701172,383.7945861816406
2012-01-19,281.06964111328125,106.61334991455078,301.2218933105469,123.19657897949219,223.00360107421875,84.7337417602539,458.7823181152344,161.60064697265625,156.603759765625,383.5805969238281
2012-01-20,282.38934326171875,107.43463897705078,301.02947998046875,130.1893768310547,222.49647521972656,81.5339126586914,457.7945861816406,163.04046630859375,160.6387481689453,384.9892272949219
2012-01-23,290.47296142578125,106.00012969970703,304.49273681640625,132.39923095703125,223.48492431640625,82.87054443359375,458.8362731933594,158.70037841796875,161.27456665039062,384.34735107421875
2012-01-24,294.1848449707031,107.05138397216797,302.5301818847656,137.23623657226562,225.2467498779297,83.41734313964844,485.6163635253906,161.2098388671875,169.61044311523438,388.2702941894531
2012-01-25,296.3707275390625,107.35799407958984,302.87652587890625,135.99993896484375,229.1143798828125,83.45787048339844,478.0188903808594,162.69078063964844,171.0399169921875,392.66912841796875
2012-01-27,308.9909362792969,106.04393005371094,300.1060485839844,137.2207794189453,234.202392578125,81.7364501953125,496.2674560546875,168.74835205078125,169.59381103515625,396.51348876953125
2012-01-30,294.5972900390625,104.91602325439453,294.25701904296875,131.69610595703125,233.11085510253906,81.3516616821289,468.89459228515625,163.472412109375,164.99371337890625,397.5864562988281
2012-01-31,301.6497497558594,107.77410125732422,291.64044189453125,139.4152069091797,236.00721740722656,82.60726928710938,470.870361328125,168.069580078125,171.33912658691406,404.9713134765625
2012-02-01,298.0204162597656,108.88008117675781,296.10406494140625,137.52212524414062,235.72360229492188,81.65543365478516,483.0478820800781,170.96981811523438,172.6730499267578,403.6480407714844
2012-02-02,318.27056884765625,109.04432678222656,300.6831970214844,139.44613647460938,236.95263671875,80.62260437011719,489.2985534667969,170.56874084472656,172.2533416748047,410.55023193359375
2012-02-03,319.714111328125,110.87307739257812,308.9179992675781,141.6019287109375,239.20872497558594,81.2706527709961,486.604248046875,172.4302215576172,174.79232788085938,418.97222900390625
2012-02-06,320.91009521484375,111.19062805175781,297.8741455078125,143.41770935058594,238.68011474609375,81.9794692993164,497.5067138671875,171.340087890625,179.73739624023438,426.9472351074219
2012-02-07,312.4140930175781,111.5410385131836,294.10308837890625,144.91668701171875,234.41726684570312,83.2553482055664,486.5684814453125,173.71578979492188,178.9436798095703,428.431396484375
2012-02-08,291.99896240234375,111.35490417480469,299.028564453125,142.24322509765625,237.99684143066406,82.80979919433594,491.23828125,176.56460571289062,180.99232482910156,436.1739196777344
2012-02-09,288.7820129394531,114.44290161132812,302.7226867675781,145.23350524902344,241.49916076660156,82.5870361328125,486.83782958984375,175.6287078857422,181.5117950439453,439.37457275390625
2012-02-10,288.6582946777344,113.33692169189453,298.1434631347656,143.78860473632812,239.8231964111328,82.5465316772461,485.3111267089844,173.44837951660156,180.50613403320312,441.09112548828125
2012-02-13,286.8023376464844,114.3115005493164,301.4913024902344,144.4376220703125,239.65135192871094,82.14148712158203,477.1387939453125,174.6825408935547,176.96151733398438,438.3372802734375
2012-02-14,282.38934326171875,113.42453002929688,301.5682067871094,145.836181640625,240.73858642578125,82.04023742675781,495.5488586425781,174.61053466796875,182.8539581298828,436.299072265625
2012-02-15,288.3695068359375,116.74247741699219,298.9900207519531,151.6236114501953,246.15737915039062,82.28325653076172,522.706298828125,172.09085083007812,187.051025390625,444.0235900878906
2012-02-16,288.9881896972656,115.29705810546875,295.56524658203125,149.71505737304688,250.01214599609375,82.60726928710938,520.3533325195312,167.1131134033203,195.33709716796875,438.2121887207031
2012-02-17,288.3695068359375,115.70219421386719,296.37347412109375,151.69314575195312,253.35107421875,83.21482849121094,519.850341796875,168.29583740234375,200.8804931640625,439.4281921386719
2012-02-21,296.040771484375,116.52349090576172,293.9491882324219,153.192138671875,252.53030395507812,84.00467681884766,519.7068481445312,173.5100860595703,203.8225860595703,442.3963317871094
2012-02-22,286.59619140625,116.39209747314453,291.2940368652344,147.9997100830078,253.73355102539062,84.47045135498047,511.1752014160156,171.42236328125,187.4125518798828,447.8678894042969
2012-02-23,279.37860107421875,116.76441192626953,298.7593078613281,145.87484741210938,252.09201049804688,84.49069213867188,502.7154541015625,172.69764709472656,187.8696746826172,450.5324401855469
2012-02-24,282.5955810546875,114.90283203125,296.9891052246094,143.97402954101562,253.37255859375,84.81472778320312,484.4488830566406,168.65579223632812,183.30694580078125,454.1800842285156
2012-02-27,281.2345275878906,112.92079162597656,292.4868469238281,137.14346313476562,247.81190490722656,85.98933410644531,467.6732177734375,160.73672485351562,176.42962646484375,447.7608947753906
2012-02-28,283.1317138671875,116.18402099609375,293.41046142578125,140.75196838378906,246.87074279785156,85.34129333496094,484.520751953125,163.8323516845703,185.4386749267578,438.6415710449219
2012-02-29,288.864501953125,113.24930572509766,292.6023864746094,140.05653381347656,247.82046508789062,84.10591888427734,469.8824462890625,168.8203582763672,186.79339599609375,436.9962463378906
2012-03-01,285.64752197265625,112.57037353515625,292.7177734375,136.5331268310547,245.51707458496094,83.7818832397461,459.0517883300781,166.8046112060547,184.39981079101562,436.156005859375
2012-03-02,289.0294494628906,113.61065673828125,294.641845703125,139.50021362304688,244.57598876953125,83.13383483886719,466.8648376464844,167.4525146484375,186.72274780273438,435.3155212402344
2012-03-05,287.9158630371094,111.90240478515625,294.4109191894531,134.50094604492188,241.4948272705078,83.84263610839844,455.04638671875,164.03805541992188,180.85105895996094,431.7572326660156
2012-03-06,276.7803955078125,111.12491607666016,292.6023864746094,131.85836791992188,245.15615844726562,85.21976470947266,443.6591491699219,159.72885131835938,178.50735473632812,429.86175537109375
2012-03-07,271.9136962890625,112.93175506591797,296.2964172363281,132.9246826171875,247.8548583984375,85.03751373291016,444.5570983886719,156.6949005126953,177.9837646484375,426.5894470214844
2012-03-09,279.5023193359375,114.58525848388672,294.1800231933594,141.27737426757812,245.401123046875,84.34893035888672,467.8347473144531,159.16323852539062,185.03561401367188,432.2043151855469
2012-03-12,279.70855712890625,113.65447235107422,292.87176513671875,143.5567626953125,242.1437530517578,83.76163482666016,484.59271240234375,164.2540283203125,192.0500946044922,425.230712890625
2012-03-13,279.6673278808594,114.84805297851562,293.8337707519531,143.6958465576172,245.7878875732422,84.67298126220703,489.15484619140625,168.65579223632812,193.4380340576172,428.07373046875
2012-03-14,278.96624755859375,115.6802978515625,293.64129638671875,147.41249084472656,247.42507934570312,86.0703353881836,501.6916198730469,167.53475952148438,195.70692443847656,412.8926086425781
2012-03-15,273.5633850097656,111.86955261230469,298.6822204589844,143.7499542236328,247.68727111816406,84.6122055053711,489.0828857421875,163.8632049560547,191.09432983398438,416.1649475097656
2012-03-16,270.1814880371094,111.22347259521484,300.29833984375,141.81825256347656,246.23045349121094,87.5487289428711,474.17510986328125,158.86492919921875,185.1602783203125,418.2568359375
2012-03-19,268.2430114746094,109.2524185180664,303.1073913574219,140.3037872314453,243.87123107910156,89.31063842773438,465.7513122558594,155.31680297851562,179.31350708007812,401.2520446777344
2012-03-20,266.2221374511719,110.68689727783203,304.3003234863281,140.4119415283203,243.3427276611328,90.56625366210938,462.3565673828125,156.43780517578125,181.79019165039062,405.84747314453125
2012-03-21,274.55328369140625,112.93175506591797,310.30322265625,144.3449249267578,246.43247985839844,90.66751861572266,483.65875244140625,157.98048400878906,185.57167053222656,420.4742736816406
2012-03-22,267.1708068847656,110.4350357055664,304.6465759277344,139.02886962890625,243.08055114746094,88.98660278320312,465.8771057128906,151.46009826660156,179.5669708251953,417.61334228515625
2012-03-23,277.15155029296875,112.5594482421875,310.2262268066406,140.7133331298828,246.8965301513672,90.10044860839844,467.2420654296875,153.04393005371094,180.078125,423.65716552734375
2012-03-26,271.2537841796875,112.05571746826172,310.41864013671875,134.8332061767578,243.29112243652344,90.20171356201172,459.71636962890625,150.1745147705078,175.98080444335938,415.413818359375
2012-03-27,279.37860107421875,113.63256072998047,320.192626953125,135.66766357421875,247.17164611816406,91.55858612060547,468.1401672363281,150.36993408203125,176.9532012939453,420.1165771484375
2012-03-28,278.5950012207031,112.4499282836914,317.4604797363281,132.80105590820312,244.35256958007812,91.86238098144531,469.7926330566406,149.2694854736328,172.8060302734375,416.66552734375
2012-03-29,273.9758605957031,111.71624755859375,314.26666259765625,132.2447052001953,239.96072387695312,90.95103454589844,460.00372314453125,149.05352783203125,171.31834411621094,408.1183166503906
2012-03-30,278.7187194824219,113.8515853881836,315.5750427246094,137.56851196289062,246.34646606445312,91.90287780761719,470.2236633300781,154.39117431640625,174.2271728515625,417.98883056640625
2012-04-02,280.69842529296875,115.71312713623047,312.1886901855469,137.60711669921875,244.96275329589844,91.9231185913086,478.6474914550781,152.32398986816406,177.05711364746094,427.09027099609375
2012-04-03,277.8114318847656,116.11831665039062,310.7264709472656,140.3501434326172,245.6717987060547,91.98387908935547,489.2985534667969,154.82315063476562,180.56015014648438,421.2789306640625
2012-04-04,272.2848815917969,115.31893157958984,307.2248840332031,137.57620239257812,245.04010009765625,92.10540771484375,483.2635192871094,153.65069580078125,179.7290496826172,421.43975830078125
2012-04-09,271.9961853027344,114.26770782470703,311.3036804199219,133.99095153808594,242.6035919189453,90.74851989746094,466.39794921875,152.653076171875,174.5679168701172,416.3078918457031
2012-04-10,272.07867431640625,114.94661712646484,319.34600830078125,133.48876953125,238.19021606445312,92.89519500732422,461.7100524902344,152.7559356689453,178.7857666015625,413.48272705078125
2012-04-11,265.6035461425781,115.29705810546875,320.6158752441406,133.6278076171875,241.02642822265625,93.05724334716797,461.17132568359375,150.2156524658203,179.39662170410156,407.0097351074219
2012-04-12,267.2532653808594,116.1621322631836,324.15606689453125,135.89178466796875,236.40689086914062,95.08242797851562,463.9013366699219,152.88963317871094,185.13119506835938,404.70318603515625
2012-04-13,266.84088134765625,115.93215942382812,327.1959533691406,133.67417907714844,206.48916625976562,95.68997955322266,460.6323547363281,154.5866241455078,183.86375427246094,382.065673828125
2012-04-16,261.52056884765625,116.01974487304688,324.1945495605469,135.00318908691406,203.22323608398438,97.63414764404297,467.5295104980469,153.876953125,188.25198364257812,382.5663146972656
2012-04-17,265.8509826660156,116.12925720214844,324.9256286621094,136.83444213867188,204.61117553710938,99.72008514404297,478.77325439453125,153.52728271484375,191.50985717773438,390.112060546875
2012-04-18,265.1498718261719,117.7499771118164,325.4258117675781,136.1853790283203,203.7990264892578,97.91765594482422,475.845458984375,153.97976684570312,190.46685791015625,392.5080871582031
2012-04-19,266.9646301269531,121.3416519165039,327.46527099609375,135.65997314453125,206.7340545654297,98.84925079345703,473.3849182128906,152.5502471923828,188.58023071289062,394.4394226074219
2012-04-20,267.54193115234375,120.6955795288086,325.5413513183594,133.06375122070312,206.90589904785156,99.31504821777344,463.8834228515625,150.32876586914062,187.86550903320312,389.25384521484375
2012-04-23,257.7674255371094,119.43628692626953,321.00067138671875,130.4134521484375,198.61215209960938,99.13278198242188,450.3944091796875,151.44981384277344,182.27638244628906,380.5993957519531
2012-04-24,253.51942443847656,118.66975402832031,323.61737060546875,131.01612854003906,201.93402099609375,99.25430297851562,437.73187255859375,151.20294189453125,182.06861877441406,427.0723571777344
2012-04-25,258.1798095703125,119.72103118896484,322.5398254394531,129.56350708007812,201.96835327148438,99.61882019042969,442.38385009765625,151.44981384277344,180.49368286132812,418.79351806640625
2012-04-26,254.3031005859375,118.3741226196289,319.1535949707031,130.0348358154297,202.50550842285156,100.87445068359375,440.64166259765625,153.2496337890625,179.7124481201172,427.2333068847656
2012-04-27,253.56068420410156,118.51644897460938,319.6922912597656,133.03286743164062,205.4964599609375,99.55809020996094,438.3424987792969,152.62222290039062,176.64987182617188,430.5769348144531
2012-04-30,256.1177673339844,118.81212615966797,321.3855285644531,136.3553924560547,211.60719299316406,99.43656921386719,440.71343994140625,153.25987243652344,177.697021484375,445.8117980957031
2012-05-02,262.2628479003906,120.43278503417969,327.08050537109375,136.3090057373047,212.45809936523438,99.07201385498047,436.2232360839844,152.9410858154297,177.90478515625,453.19677734375
2012-05-03,259.8294982910156,121.3416519165039,334.58404541015625,132.5228729248047,213.39488220214844,97.89741516113281,430.81683349609375,151.97430419921875,173.2091064453125,457.5774841308594
2012-05-04,257.1488037109375,117.71707916259766,334.6995544433594,128.78309631347656,209.8753662109375,96.45954895019531,412.0833435058594,149.4237518310547,165.90786743164062,456.6119384765625
2012-05-07,260.69561767578125,116.5672836303711,330.8900451660156,131.08566284179688,209.50152587890625,95.73046112060547,432.11004638671875,147.21258544921875,168.56326293945312,455.3422546386719
2012-05-08,260.1594543457031,112.86602783203125,331.5826721191406,128.28855895996094,205.74569702148438,91.90287780761719,416.2502746582031,145.7007598876953,162.50872802734375,429.3968811035156
2012-05-09,255.21038818359375,112.27472686767578,332.8909912109375,127.0213623046875,203.36929321289062,97.16835021972656,415.603759765625,142.97537231445312,156.5040283203125,438.28375244140625
2012-05-10,255.78768920898438,113.33692169189453,333.4297180175781,125.81597900390625,201.4741668701172,96.90507507324219,414.8852233886719,142.7799530029297,153.18377685546875,440.7871398925781
2012-05-11,253.3957061767578,111.81480407714844,332.50616455078125,125.66917419433594,198.64657592773438,94.8798828125,408.79638671875,143.4073028564453,154.0522918701172,440.1434631347656
2012-05-14,253.84938049316406,109.62471008300781,333.89141845703125,123.73747253417969,201.02296447753906,94.98117065429688,416.4838562011719,140.13685607910156,152.9012451171875,438.42694091796875
2012-05-15,250.87989807128906,109.3071517944336,332.8140563964844,126.23324584960938,207.57640075683594,93.50277709960938,439.0610046386719,140.2088165283203,154.617431640625,438.552001953125
2012-05-16,245.43582153320312,108.4530258178711,329.1969299316406,122.7638931274414,203.55841064453125,92.06489562988281,433.1697082519531,139.06724548339844,151.89976501464844,437.51495361328125
2012-05-17,246.38438415527344,109.0224380493164,330.8900451660156,121.68985748291016,203.73890686035156,95.08242797851562,417.9746398925781,140.9287567138672,153.615966796875,437.0143127441406
2012-05-18,244.6110076904297,109.62471008300781,332.50616455078125,124.4328842163086,204.79605102539062,97.0265884399414,417.1124267578125,141.6280975341797,161.2786865234375,432.9554138183594
2012-05-21,243.12619018554688,108.94580841064453,328.0040283203125,125.34465026855469,201.15187072753906,95.12290954589844,428.28436279296875,143.05764770507812,167.0091094970703,432.4366760253906
2012-05-22,243.4561767578125,107.14991760253906,326.19549560546875,123.7529067993164,201.2078094482422,94.27234649658203,416.6095275878906,142.152587890625,161.12911987304688,437.7474365234375
2012-05-23,232.69178771972656,106.7009506225586,328.6197204589844,122.59388732910156,201.8179168701172,93.8470458984375,412.8736572265625,141.27841186523438,162.47962951660156,438.14068603515625
2012-05-24,245.64202880859375,109.4385757446289,326.84967041015625,126.81271362304688,207.44677734375,94.5153579711914,419.7347717285156,143.01651000976562,166.38504028320312,436.8175964355469
2012-05-25,246.67312622070312,109.50426483154297,323.88665771484375,125.8855209350586,206.75408935546875,93.9078140258789,426.7575988769531,142.17315673828125,169.83352661132812,436.58526611328125
2012-05-28,249.39508056640625,111.42058563232422,321.2699890136719,128.9453582763672,207.88247680664062,95.20393371582031,432.7206726074219,144.32261657714844,177.8220977783203,437.9798583984375
2012-05-29,247.45668029785156,110.5883560180664,320.34649658203125,129.60986328125,209.947509765625,93.52301788330078,431.840576171875,144.36380004882812,179.4172821044922,443.5765686035156
2012-05-30,249.31260681152344,109.64662170410156,325.1180419921875,126.29503631591797,211.9342041015625,93.92807006835938,426.6139221191406,145.26878356933594,177.55975341796875,443.6479797363281
2012-05-31,249.5601043701172,110.86210632324219,329.38934326171875,123.53491973876953,211.6770782470703,92.89519500732422,421.2256164550781,147.05259704589844,173.99282836914062,445.3647155761719
2012-06-01,248.1579132080078,107.40178680419922,322.84771728515625,123.29046630859375,208.17869567871094,94.71788787841797,407.68280029296875,142.81150817871094,171.64027404785156,437.9441223144531
2012-06-04,242.9612579345703,108.55156707763672,317.3835754394531,124.41818237304688,207.8650360107422,93.19898986816406,421.548828125,144.3745574951172,173.12966918945312,433.8850402832031
2012-06-05,236.89859008789062,109.8327865600586,313.4585266113281,124.92288208007812,208.14822387695312,91.49784088134766,435.0736389160156,146.4169158935547,176.25228881835938,438.6234130859375
2012-06-06,245.22964477539062,113.86253356933594,323.27093505859375,127.5016098022461,210.47032165527344,95.00141906738281,455.1902160644531,149.1991729736328,182.64149475097656,447.4389953613281
2012-06-07,248.69393920898438,117.78279876708984,326.1185302734375,130.91629028320312,213.73345947265625,95.73046112060547,458.0099792480469,150.314208984375,183.4623260498047,449.2683410644531
2012-06-08,250.9623260498047,118.06749725341797,330.38983154296875,130.7743377685547,210.79701232910156,96.88484191894531,470.3853759765625,152.0751953125,184.435546875,445.8994140625
2012-06-11,250.79742431640625,118.69168853759766,335.6615905761719,130.39576721191406,211.35467529296875,99.04264831542969,460.97369384765625,150.5225830078125,183.19578552246094,446.8592224121094
2012-06-12,254.6741943359375,120.3670883178711,332.8909912109375,132.3357391357422,214.17784118652344,100.40587615966797,472.612548828125,150.66848754882812,186.6950225830078,452.13031005859375
2012-06-13,253.47813415527344,118.64790344238281,344.43499755859375,133.96031188964844,215.22775268554688,100.81897735595703,484.9158630371094,149.28253173828125,188.37904357910156,452.9635009765625
2012-06-14,252.36463928222656,117.03815460205078,339.2402038574219,129.1497802734375,217.68499755859375,101.08747863769531,465.8771057128906,149.29298400878906,181.96446228027344,454.267333984375
2012-06-15,257.1075439453125,119.9181137084961,345.8973083496094,133.38461303710938,219.79794311523438,102.45076751708984,475.522216796875,151.46043395996094,184.7444305419922,460.950927734375
2012-06-18,255.04537963867188,117.15860748291016,343.5885009765625,128.78704833984375,218.85250854492188,100.46783447265625,474.1571960449219,149.82443237304688,176.6923828125,455.4085388183594
2012-06-19,259.7882995605469,117.48712921142578,345.70489501953125,130.40370178222656,215.82899475097656,103.02912139892578,477.8751220703125,153.6903839111328,177.76708984375,461.49456787109375
2012-06-20,255.99404907226562,116.99434661865234,350.6303405761719,131.38156127929688,215.22775268554688,101.64517974853516,482.3474426269531,153.67994689941406,179.15493774414062,453.8328857421875
2012-06-21,257.06634521484375,118.89972686767578,354.13201904296875,134.00759887695312,217.0750274658203,103.8553466796875,493.16021728515625,149.78273010253906,184.34243774414062,443.41796875
2012-06-22,256.4477233886719,119.21730041503906,354.2473449707031,134.33091735839844,215.6067657470703,103.48355102539062,489.24456787109375,148.17800903320312,182.60340881347656,446.822998046875
2012-06-25,254.75677490234375,117.54188537597656,354.05499267578125,133.5738525390625,215.057861328125,103.29761505126953,486.90966796875,149.26168823242188,178.98146057128906,440.7735290527344
2012-06-26,252.40585327148438,119.02017974853516,346.8592834472656,133.1322784423828,212.6399383544922,102.05829620361328,484.4488830566406,150.78309631347656,178.8206787109375,447.4209899902344
2012-06-27,251.45729064941406,120.23568725585938,348.2060241699219,134.4571075439453,215.05349731445312,102.36812591552734,484.0718078613281,150.57469177246094,178.8460693359375,451.62298583984375
2012-06-28,250.42623901367188,121.0744857788086,347.5903625488281,135.15899658203125,215.50660705566406,103.81401824951172,482.5631103515625,150.03282165527344,177.56822204589844,456.0243225097656
2012-06-29,251.62220764160156,124.39659118652344,349.7836608886719,141.8699951171875,218.63465881347656,106.95364379882812,502.1226806640625,153.77374267578125,182.7049560546875,462.7620849609375
2012-07-02,255.87030029296875,126.69227600097656,343.7038879394531,141.06564331054688,217.78077697753906,103.29761505126953,502.7513122558594,153.67994689941406,184.64707946777344,456.2417907714844
2012-07-03,262.8815002441406,127.11161804199219,339.6635437011719,142.20118713378906,217.00967407226562,101.83110809326172,504.3319396972656,153.46112060546875,185.10406494140625,448.9786376953125
2012-07-04,269.6866149902344,127.58621978759766,340.12945556640625,142.3904571533203,216.0381622314453,101.68650817871094,509.66650390625,153.02346801757812,188.2732696533203,452.03948974609375
2012-07-05,267.33575439453125,128.9327392578125,342.3817138671875,145.2373504638672,216.1121826171875,103.52483367919922,513.1329345703125,153.9508819580078,189.00527954101562,449.4134521484375
2012-07-06,265.026123046875,128.35882568359375,346.4202575683594,147.48486328125,213.01026916503906,104.41300964355469,504.7091979980469,153.14852905273438,188.09130859375,452.0034484863281
2012-07-09,261.2730712890625,127.61936950683594,344.7893371582031,146.6804962158203,212.42645263671875,103.95862579345703,498.8896789550781,152.5128631591797,186.97427368164062,456.223388671875
2012-07-10,265.1086730957031,129.93710327148438,346.6921081542969,148.71507263183594,214.29547119140625,106.7470932006836,509.0198669433594,154.1593017578125,188.62867736816406,457.05694580078125
2012-07-11,260.4482116699219,129.57286071777344,342.8089294433594,147.71356201171875,215.30616760253906,104.64025115966797,515.8091430664062,151.231201171875,187.75706481933594,455.8251647949219
2012-07-12,252.6533203125,128.04977416992188,344.0126953125,146.34136962890625,197.30450439453125,103.97925567626953,505.64306640625,150.3037567138672,187.96861267089844,447.74688720703125
2012-07-13,254.01431274414062,129.58387756347656,342.575927734375,146.05747985839844,194.28964233398438,104.74349975585938,504.619140625,149.74105834960938,184.3509063720703,452.6012268066406
2012-07-16,263.5826721191406,128.61265563964844,342.61468505859375,145.1190643310547,189.19235229492188,104.12385559082031,496.8958740234375,150.12660217285156,186.12803649902344,437.36822509765625
2012-07-17,267.3770751953125,128.74510192871094,344.9446105957031,145.56068420410156,189.18800354003906,105.54906463623047,495.1717224121094,149.91818237304688,186.09837341308594,429.5978698730469
2012-07-18,267.7481384277344,129.57286071777344,346.61444091796875,148.1315155029297,189.8545684814453,105.32183837890625,503.45196533203125,149.17835998535156,184.94749450683594,433.00323486328125
2012-07-19,261.1080627441406,130.10264587402344,346.88616943359375,149.968994140625,195.6315460205078,104.9707260131836,505.2839660644531,151.67922973632812,182.6287841796875,435.0679626464844
2012-07-20,259.54083251953125,128.6016387939453,346.4202575683594,147.49273681640625,193.32684326171875,104.45433807373047,499.4644775390625,150.60594177246094,180.4200897216797,443.0556640625
2012-07-23,250.9623260498047,126.48255157470703,344.0126953125,143.99920654296875,190.74330139160156,103.091064453125,495.0459289550781,149.8452606201172,177.13238525390625,440.9494323730469
2012-07-24,254.50924682617188,126.71431732177734,369.8360290527344,144.52757263183594,188.9614715576172,103.40091705322266,486.6402282714844,150.99148559570312,177.2889862060547,439.09759521484375
2012-07-25,248.03411865234375,127.15577697753906,360.71044921875,144.77993774414062,188.95277404785156,105.23925018310547,482.0241394042969,149.8973388671875,175.20297241210938,440.5499267578125
2012-07-26,247.86915588378906,124.89321899414062,358.6911926269531,143.01348876953125,185.05355834960938,103.04976654052734,473.510498046875,148.00082397460938,170.72210693359375,435.211669921875
2012-07-27,253.6018829345703,129.0430908203125,360.8269348144531,146.40447998046875,187.2187957763672,105.32183837890625,474.1033020019531,150.2620849609375,164.2567596435547,444.9621887207031
2012-07-30,255.00418090820312,129.62806701660156,361.7200622558594,152.1218719482422,192.53829956054688,106.66446685791016,490.8072509765625,152.05438232421875,171.93641662597656,447.03216552734375
2012-07-31,247.4979705810547,129.73841857910156,362.96270751953125,151.63291931152344,194.0413360595703,106.643798828125,491.920654296875,154.9720916748047,169.68116760253906,451.6259460449219
2012-08-01,245.39456176757812,129.46250915527344,365.13739013671875,151.34902954101562,193.30941772460938,107.01561737060547,496.48297119140625,155.6285858154297,172.0760498046875,444.7261047363281
2012-08-02,246.01318359375,128.57952880859375,363.8169860839844,151.23861694335938,192.19410705566406,108.0070571899414,499.66192626953125,154.1280517578125,170.21011352539062,447.68609619140625
2012-08-03,244.56976318359375,129.83775329589844,362.3802490234375,148.24977111816406,192.4337158203125,107.13954162597656,496.5726623535156,154.7532196044922,169.70236206054688,449.17474365234375
2012-08-06,244.32232666015625,132.49765014648438,362.96270751953125,150.46578979492188,193.15695190429688,106.7470932006836,505.14019775390625,163.81898498535156,170.7940216064453,446.2693786621094
2012-08-07,242.34259033203125,132.4645538330078,364.943115234375,153.66754150390625,196.33729553222656,107.94511413574219,509.27130126953125,163.3396759033203,174.43289184570312,459.03411865234375
2012-08-08,226.2991943359375,132.19964599609375,370.57373046875,151.13612365722656,198.9774169921875,108.04837036132812,504.7449951171875,164.80892944335938,174.39480590820312,453.64129638671875
2012-08-09,211.78172302246094,133.46885681152344,379.1944885253906,150.25283813476562,198.84234619140625,109.72145080566406,509.50469970703125,162.5894012451172,166.60508728027344,456.89141845703125
2012-08-10,210.8331298828125,132.91705322265625,386.5338134765625,150.58407592773438,201.54347229003906,110.60965728759766,511.51641845703125,162.99578857421875,159.7504425048828,464.84429931640625
2012-08-13,214.5037384033203,134.0869903564453,380.78656005859375,149.6693115234375,202.15777587890625,110.25849914550781,517.3716430664062,164.25669860839844,161.34141540527344,459.85101318359375
2012-08-14,215.1223602294922,134.241455078125,385.13568115234375,152.95777893066406,202.96377563476562,110.63030242919922,528.582275390625,166.63250732421875,161.66299438476562,460.61383056640625
2012-08-16,215.28797912597656,132.4534912109375,384.2425842285156,150.8443145751953,201.75259399414062,106.7264404296875,536.867431640625,170.09207153320312,160.3174591064453,458.8525390625
2012-08-17,217.1924285888672,131.36083984375,390.96051025390625,151.75120544433594,204.8546142578125,108.27558135986328,527.5829467773438,170.08169555664062,160.5374755859375,464.3177185058594
2012-08-21,214.0873260498047,131.64779663085938,398.88226318359375,153.80946350097656,209.90396118164062,107.71788024902344,532.9974975585938,169.6961212158203,162.06497192382812,471.5989074707031
2012-08-22,205.8898468017578,131.75819396972656,398.2997741699219,153.59652709960938,212.04742431640625,108.08970642089844,529.5452270507812,168.35191345214844,161.8153076171875,469.0568542480469
2012-08-23,206.1796417236328,131.9347381591797,404.1634826660156,153.59652709960938,215.84637451171875,109.16376495361328,520.4242553710938,165.58004760742188,161.78993225097656,480.60491943359375
2012-08-24,205.31024169921875,131.625732421875,402.2606201171875,150.52099609375,213.02330017089844,109.53556060791016,516.2997436523438,162.99578857421875,160.26669311523438,480.3870849609375
2012-08-27,206.3038330078125,131.19528198242188,404.6682434082031,147.50852966308594,210.15664672851562,109.6181640625,507.50579833984375,164.0899200439453,156.0904541015625,479.5154724121094
2012-08-28,206.01405334472656,130.09161376953125,407.0370178222656,145.47393798828125,210.96266174316406,110.77488708496094,494.82373046875,164.6839141845703,156.06504821777344,490.5733337402344
2012-08-29,200.63185119628906,129.91497802734375,405.83319091796875,144.53549194335938,208.1002655029297,111.27061462402344,490.3358459472656,163.00621032714844,154.8549041748047,487.8135070800781
2012-08-30,201.0872802734375,131.5374298095703,410.60943603515625,145.09536743164062,208.48365783691406,111.78701782226562,492.2617492675781,163.2667236328125,155.6842803955078,496.4742126464844
2012-08-31,205.18600463867188,131.416015625,400.0472412109375,142.28794860839844,205.7781982421875,110.56831359863281,487.9919128417969,159.7238006591797,155.48538208007812,487.9768371582031
2012-09-03,204.39939880371094,130.3343963623047,400.0472412109375,142.3904571533203,206.07879638671875,110.54766082763672,491.3351745605469,159.02561950683594,156.6151580810547,485.8343200683594
2012-09-04,206.80067443847656,130.2571563720703,404.6682434082031,143.94400024414062,205.7041473388672,110.09325408935547,496.3317565917969,162.4748077392578,158.6715087890625,486.923583984375
2012-09-05,213.50772094726562,130.6986541748047,412.5511169433594,138.73922729492188,203.84384155273438,110.60965728759766,481.2329406738281,160.7136993408203,154.884521484375,495.5119323730469
2012-09-06,208.74658203125,129.8267364501953,408.8620910644531,141.38894653320312,211.0366668701172,107.59396362304688,477.81719970703125,160.0989227294922,156.89016723632812,499.54296875
2012-09-07,211.9758758544922,130.32334899902344,418.5700988769531,147.91859436035156,216.7220458984375,108.54409790039062,497.18560791015625,165.00692749023438,160.11436462402344,503.5740661621094
2012-09-10,216.15740966796875,130.48892211914062,415.61895751953125,147.3586883544922,218.90919494628906,109.32899475097656,501.0010681152344,165.0694580078125,157.4994354248047,498.0357360839844
2012-09-11,216.61285400390625,131.20632934570312,413.0559997558594,149.17247009277344,220.40353393554688,110.42373657226562,497.5126647949219,164.85067749023438,157.20750427246094,505.7344055175781
2012-09-12,215.90902709960938,132.26583862304688,420.16217041015625,149.69293212890625,221.29225158691406,111.24996948242188,512.1572265625,166.33030700683594,157.35134887695312,513.8145141601562
2012-09-13,209.94717407226562,132.26583862304688,424.8609313964844,151.32534790039062,222.6297149658203,111.39456176757812,515.3912963867188,166.5491485595703,158.04525756835938,514.831298828125
2012-09-14,211.23065185546875,135.25686645507812,425.63751220703125,158.98272705078125,229.3433074951172,110.81620788574219,541.4461669921875,175.42730712890625,166.83779907226562,513.1610717773438
2012-09-17,219.22113037109375,134.27456665039062,413.0559997558594,167.28671264648438,223.45318603515625,104.72286987304688,565.2297973632812,182.0963592529297,175.98150634765625,487.3775939941406
2012-09-18,222.07785034179688,133.64547729492188,413.4831848144531,165.4571533203125,226.6160888671875,105.01200866699219,564.5757446289062,178.31378173828125,181.8968048095703,472.0163879394531
2012-09-20,222.1192626953125,133.9655303955078,409.67755126953125,161.277587890625,228.04505920410156,105.94152069091797,552.92919921875,173.4995574951172,179.68809509277344,480.0785827636719
2012-09-21,231.2275848388672,137.9940185546875,411.38623046875,168.05166625976562,225.96258544921875,108.06903076171875,576.058837890625,177.20921325683594,187.29164123535156,473.5597839355469
2012-09-24,231.0205535888672,140.1682586669922,402.3383483886719,168.91127014160156,226.55946350097656,105.69367980957031,573.51513671875,174.30191040039062,186.02647399902344,468.2578125
2012-09-25,228.2052764892578,140.58766174316406,410.37664794921875,168.27247619628906,226.37648010253906,107.73853302001953,572.1341552734375,175.010498046875,185.87838745117188,469.61962890625
2012-09-26,219.59373474121094,139.23011779785156,409.1726989746094,168.05166625976562,225.61407470703125,108.97786712646484,567.7554931640625,176.0525360107422,188.62867736816406,466.85992431640625
2012-09-27,216.4472198486328,139.24118041992188,417.6381530761719,166.45077514648438,222.1331024169922,110.2791748046875,580.7464599609375,172.94725036621094,190.173095703125,461.75787353515625
2012-09-28,219.80075073242188,138.87696838378906,423.92889404296875,166.99493408203125,220.87832641601562,112.53057861328125,580.2559204101562,174.47909545898438,189.61033630371094,470.6001892089844
2012-10-01,219.46954345703125,137.48629760742188,421.5989074707031,165.7095184326172,227.38720703125,112.8817367553711,583.8533935546875,173.70794677734375,192.11099243164062,473.1603698730469
2012-10-03,219.676513671875,136.73580932617188,431.423583984375,166.0801544189453,224.6512451171875,111.64241027832031,584.7073364257812,176.33389282226562,194.37472534179688,480.31451416015625
2012-10-04,223.36129760742188,139.35154724121094,431.423583984375,170.87489318847656,224.42471313476562,113.72860717773438,593.7919311523438,177.7510528564453,198.50439453125,478.3171691894531
2012-10-05,220.04916381835938,137.386962890625,439.1122741699219,168.24093627929688,220.17262268066406,113.87319946289062,599.5516967773438,178.77224731445312,197.97549438476562,473.5417175292969
2012-10-08,223.94094848632812,137.01171875,434.95721435546875,165.95399475097656,216.8048553466797,114.74073791503906,579.8743286132812,170.7694091796875,192.05177307128906,469.4382629394531
2012-10-09,219.676513671875,138.12644958496094,441.7916259765625,167.83876037597656,220.99163818359375,115.69086456298828,593.3377075195312,169.91490173339844,193.1603546142578,470.2190856933594
2012-10-10,216.98544311523438,136.40467834472656,437.9472961425781,166.26942443847656,218.19471740722656,116.08333587646484,587.41455078125,170.0608367919922,188.16751098632812,468.22161865234375
2012-10-11,221.3325958251953,137.9277801513672,443.73321533203125,166.86087036132812,220.72584533691406,117.11610412597656,600.7327880859375,170.88404846191406,191.8571014404297,468.2578125
2012-10-12,215.57777404785156,139.3184051513672,446.6066589355469,164.7789764404297,208.71453857421875,117.11610412597656,599.587890625,170.6652069091797,190.5539093017578,471.52630615234375
2012-10-15,218.64149475097656,139.98068237304688,449.3250732421875,166.14324951171875,206.12237548828125,118.45870971679688,594.5188598632812,171.5301055908203,191.62863159179688,470.1462707519531
2012-10-16,221.62240600585938,139.15284729003906,445.98553466796875,164.54237365722656,205.259765625,118.33476257324219,583.5263061523438,169.3209686279297,188.61598205566406,470.6001892089844
2012-10-17,224.023681640625,138.64520263671875,445.0535888671875,165.53604125976562,206.51878356933594,119.07833099365234,590.9577026367188,167.79959106445312,187.4185333251953,465.9701843261719
2012-10-18,220.1733856201172,140.4331512451172,447.0340270996094,167.96495056152344,208.48745727539062,120.46228790283203,600.3511352539062,169.08131408691406,192.792236328125,474.7583312988281
2012-10-19,221.16702270507812,138.73345947265625,440.00537109375,166.7583465576172,208.99163818359375,122.89960479736328,593.4285888671875,167.30982971191406,191.0616455078125,468.3486633300781
2012-10-22,225.14154052734375,141.0511932373047,442.2576599121094,169.6446533203125,209.1845245361328,121.45372772216797,607.2191772460938,169.9774627685547,189.6399688720703,478.9526672363281
2012-10-23,224.56192016601562,139.96957397460938,442.9566650390625,170.2519073486328,206.3390350341797,119.8012924194336,618.2478637695312,168.79995727539062,189.11105346679688,477.3909606933594
2012-10-25,223.27847290039062,140.68701171875,437.9861145019531,171.46630859375,205.60684204101562,120.6481704711914,622.2633056640625,168.8937225341797,186.11953735351562,477.6631774902344
2012-10-29,223.4027099609375,141.40440368652344,424.0843200683594,168.51695251464844,204.79571533203125,119.07833099365234,613.2694702148438,169.06048583984375,183.44119262695312,475.1396179199219
2012-10-30,223.73390197753906,139.8703155517578,427.6180725097656,164.842041015625,206.7993927001953,117.36394500732422,595.51806640625,167.40362548828125,175.53721618652344,476.265380859375
2012-10-31,223.27847290039062,139.99168395996094,424.511474609375,165.63853454589844,207.2071990966797,116.72362518310547,591.175537109375,167.87252807617188,178.57948303222656,478.81317138671875
2012-11-01,232.8008270263672,138.7555389404297,427.174072265625,166.76625061035156,207.3518524169922,115.38101196289062,592.8108520507812,168.20602416992188,179.02377319335938,478.72210693359375
2012-11-02,227.6670684814453,139.13076782226562,423.6371154785156,170.28343200683594,209.408203125,116.99215698242188,608.8179931640625,168.3831329345703,182.15061950683594,484.5274963378906
2012-11-05,226.46641540527344,140.1682586669922,423.6371154785156,169.9679718017578,208.56198120117188,119.24360656738281,609.0904541015625,168.0079803466797,181.4990692138672,483.9451904296875
2012-11-06,226.67343139648438,141.17262268066406,423.5179443359375,170.4490203857422,208.84254455566406,119.45016479492188,605.2385864257812,167.8621368408203,183.9024200439453,480.6512451171875
2012-11-07,224.47915649414062,141.28298950195312,424.8690185546875,172.381103515625,210.83743286132812,119.78063201904297,606.6559448242188,166.90342712402344,187.61318969726562,484.6368408203125
2012-11-08,229.40586853027344,141.0511932373047,423.9151916503906,169.707763671875,208.28578186035156,119.38819122314453,594.2642822265625,166.01768493652344,189.7541961669922,484.5274963378906
2012-11-09,228.37088012695312,141.1284637451172,420.5771484375,167.05801391601562,205.95323181152344,119.03704071044922,589.0861206054688,164.1524658203125,182.3706817626953,482.25274658203125
2012-11-12,231.84860229492188,143.7662811279297,421.0937194824219,166.9318389892578,206.8520050048828,117.2400131225586,583.744384765625,163.94406127929688,185.3537139892578,485.7289123535156
2012-11-15,240.37730407714844,142.65155029296875,424.27294921875,166.3404083251953,201.35836791992188,114.20367431640625,583.2174682617188,163.51681518554688,182.2564239501953,471.04217529296875
2012-11-16,249.56846618652344,141.7686004638672,414.09930419921875,162.02674865722656,205.48414611816406,113.46009063720703,573.5513305664062,161.54734802246094,178.42718505859375,468.3670654296875
2012-11-19,256.2755126953125,142.76190185546875,410.6418762207031,161.05674743652344,206.81695556640625,116.37248992919922,566.31982421875,161.3702392578125,177.1958770751953,459.4677429199219
2012-11-20,255.8615264892578,144.3291778564453,413.4635009765625,161.52203369140625,203.8531036376953,115.89742279052734,563.0313110351562,159.5049591064453,174.87716674804688,463.2715148925781
2012-11-21,254.53662109375,146.50343322753906,416.96063232421875,164.7316436767578,206.05413818359375,118.190185546875,568.9363403320312,160.72415161132812,174.4117431640625,466.6927490234375
2012-11-22,254.8678436279297,147.6954345703125,416.76202392578125,162.8626251220703,208.92587280273438,119.38819122314453,578.0574340820312,159.60914611816406,177.58090209960938,464.5998840332031
2012-11-23,252.92201232910156,147.83888244628906,421.4117126464844,161.67974853515625,208.48301696777344,118.39672088623047,576.8219604492188,161.25559997558594,176.8235321044922,469.0220642089844
2012-11-26,256.8965148925781,146.1061248779297,427.13433837890625,160.60723876953125,211.9773406982422,118.60327911376953,585.2887573242188,161.2347412109375,177.02662658691406,470.87860107421875
2012-11-27,270.51763916015625,150.2118377685547,430.5123291015625,163.0992431640625,216.646728515625,121.55699157714844,589.921875,163.9752960205078,178.99415588378906,471.4243469238281
2012-11-29,273.5399169921875,154.4830780029297,435.67852783203125,170.61465454101562,214.4194793701172,123.10614776611328,604.2756958007812,166.37197875976562,180.40737915039062,472.48004150390625
2012-11-30,279.0463562011719,155.38809204101562,427.6905822753906,173.46939086914062,213.68292236328125,123.31269836425781,606.0927124023438,165.413330078125,183.66122436523438,478.2669372558594
2012-12-03,274.2024230957031,151.63558959960938,426.41900634765625,173.85581970214844,213.88461303710938,122.34190368652344,605.8927612304688,167.55992126464844,186.5172882080078,479.2862854003906
2012-12-04,275.2788391113281,151.23825073242188,424.1935729980469,176.54498291015625,213.735595703125,121.92878723144531,602.8221435546875,171.87399291992188,189.521484375,472.9713439941406
2012-12-05,273.5813293457031,152.88275146484375,422.6435546875,176.61593627929688,208.9170379638672,123.06483459472656,605.6383056640625,173.52040100097656,192.2506103515625,472.4071044921875
2012-12-06,268.8616027832031,153.35736083984375,425.4254150390625,179.12367248535156,205.04129028320312,124.49008178710938,608.490966796875,175.8754119873047,195.24635314941406,466.1468505859375
2012-12-07,266.99853515625,152.9931182861328,421.7693786621094,178.49281311035156,203.53738403320312,124.55204010009766,608.8363037109375,173.9372100830078,196.0079803466797,460.1229248046875
2012-12-10,263.23089599609375,152.9710235595703,425.10748291015625,176.87615966796875,202.87100219726562,124.73793029785156,604.9479370117188,172.6242218017578,196.35069274902344,450.3137512207031
2012-12-11,260.167236328125,152.49644470214844,433.0955505371094,177.06541442871094,201.1610565185547,125.29564666748047,606.0016479492188,170.9048614501953,195.3817596435547,443.94403076171875
2012-12-12,258.26275634765625,153.1586456298828,421.053955078125,175.57498168945312,201.48988342285156,126.39037322998047,598.7159423828125,173.52040100097656,194.2054901123047,446.16436767578125
2012-12-13,263.1481628417969,152.54061889648438,413.1058349609375,176.8446044921875,200.24034118652344,121.9700927734375,591.12109375,173.8642578125,191.47206115722656,444.98138427734375
2012-12-14,258.7182312011719,152.0328826904297,410.6418762207031,179.17889404296875,199.8238067626953,122.25930786132812,595.6451416015625,174.90628051757812,196.35069274902344,452.388427734375
2012-12-17,248.86460876464844,149.32888793945312,415.49029541015625,180.44854736328125,198.72329711914062,121.06127166748047,593.9191284179688,173.8434295654297,198.38592529296875,438.77557373046875
2012-12-18,259.5048522949219,149.20745849609375,417.07989501953125,181.21348571777344,199.139892578125,121.0819320678711,602.1135864257812,173.27027893066406,200.78927612304688,440.65008544921875
2012-12-19,261.6990966796875,151.8673095703125,415.64923095703125,179.60472106933594,201.34518432617188,119.84262084960938,593.5921630859375,174.95838928222656,200.7554168701172,448.65765380859375
2012-12-20,262.4029235839844,150.8519744873047,423.398681640625,179.74667358398438,201.647705078125,118.60327911376953,587.7780151367188,174.6145477294922,201.51280212402344,455.7187805175781
2012-12-21,254.49526977539062,149.218505859375,418.9875183105469,177.26260375976562,201.40660095214844,118.58267211914062,577.8212280273438,171.98861694335938,197.5523681640625,458.13922119140625
2012-12-24,255.53030395507812,149.2405548095703,422.60382080078125,176.884033203125,203.63824462890625,118.58267211914062,576.076904296875,171.04031372070312,197.28582763671875,460.8690185546875
2012-12-26,262.8169860839844,150.16766357421875,416.0068664550781,181.16615295410156,203.0200653076172,120.00782775878906,589.5403442382812,172.6138153076172,200.63272094726562,459.4131164550781
2012-12-27,263.8520202636719,150.12351989746094,411.87384033203125,179.24197387695312,200.60861206054688,119.14031219482422,586.0882568359375,170.41513061523438,202.1136474609375,455.3182373046875
2012-12-28,264.1832580566406,149.58274841308594,414.9735107421875,180.04635620117188,203.71719360351562,119.55342102050781,588.6683959960938,175.11471557617188,201.36473083496094,461.3420715332031
2012-12-31,262.56854248046875,149.79246520996094,417.15936279296875,179.52586364746094,203.3225555419922,118.47935485839844,584.0169067382812,174.9688262939453,201.8724822998047,457.1019287109375
2013-01-01,266.70867919921875,151.09478759765625,421.72955322265625,182.71182250976562,202.45887756347656,118.66523742675781,590.4669189453125,175.20851135253906,205.33786010742188,460.1229248046875
2013-01-02,265.83929443359375,151.723876953125,421.6501159667969,185.16441345214844,202.48948669433594,117.90099334716797,599.424560546875,176.7194366455078,207.37728881835938,459.8137512207031
2013-01-03,271.59405517578125,150.84092712402344,423.12042236328125,184.8568572998047,205.00611877441406,117.13674926757812,594.8093872070312,179.38710021972656,209.15867614746094,466.1102294921875
2013-01-04,270.7660827636719,149.95794677734375,424.9883117675781,186.48922729492188,206.02777099609375,116.66165924072266,591.5933837890625,179.61631774902344,210.43649291992188,472.88018798828125
2013-01-07,270.6004333496094,147.49676513671875,417.59661865234375,186.4498291015625,208.2418975830078,115.27776336669922,577.1124877929688,178.52218627929688,208.82015991210938,471.2971496582031
2013-01-08,273.49853515625,147.94927978515625,417.6759948730469,186.03973388671875,205.5410614013672,118.0249252319336,569.3905639648438,177.28213500976562,210.999267578125,473.2626037597656
2013-01-09,276.355224609375,147.34226989746094,412.7480163574219,186.18170166015625,204.40115356445312,115.46366119384766,563.1403198242188,177.70938110351562,213.49143981933594,464.6544494628906
2013-01-10,273.2914733886719,149.1743621826172,410.6020812988281,186.0318603515625,203.63824462890625,116.08333587646484,562.0137939453125,177.15711975097656,214.87083435058594,458.0300598144531
2013-01-11,269.2755432128906,147.73956298828125,395.89801025390625,183.5161895751953,237.81907653808594,112.94371032714844,556.6902465820312,175.041748046875,210.8046417236328,475.4826965332031
2013-01-14,272.1737060546875,147.73956298828125,401.6207580566406,186.92298889160156,246.0968475341797,114.80266571044922,564.9935913085938,176.63609313964844,211.54086303710938,485.7289123535156
2013-01-15,285.83624267578125,147.51882934570312,400.3490295410156,189.95123291015625,244.39132690429688,117.36394500732422,566.8831176757812,176.55271911621094,210.7030792236328,486.8023376464844
2013-01-16,283.9317321777344,145.79705810546875,397.52740478515625,186.08705139160156,242.67262268066406,117.32264709472656,561.1416625976562,179.51210021972656,205.84140014648438,490.5514831542969
2013-01-17,292.7088623046875,147.1876983642578,397.84527587890625,183.3505859375,245.34718322753906,117.85969543457031,555.1458129882812,185.4829864501953,209.01058959960938,495.7380065917969
2013-01-18,288.8584899902344,146.31578063964844,389.7778625488281,185.5113525390625,244.4790802001953,118.74787139892578,558.5979614257812,187.6087646484375,210.88925170898438,491.7345275878906
2013-01-21,294.4062805175781,145.3666534423828,395.2225036621094,185.7243194580078,245.20240783691406,120.44163513183594,569.5540771484375,191.72482299804688,211.5155029296875,484.0909118652344
2013-01-22,291.177001953125,144.30711364746094,382.22711181640625,184.55712890625,244.08441162109375,119.45016479492188,564.4849243164062,191.7456512451172,208.5536346435547,479.5411376953125
2013-01-23,304.17706298828125,144.9362030029297,365.65521240234375,186.2684326171875,244.6149444580078,120.93731689453125,567.2828979492188,192.37088012695312,209.9033660888672,478.6109313964844
2013-01-24,299.6643371582031,145.75294494628906,372.6098937988281,183.66604614257812,245.3690643310547,122.8789291381836,575.9679565429688,190.80784606933594,208.1051025390625,484.6665954589844
2013-01-25,298.5050964355469,146.80142211914062,378.7299499511719,184.998779296875,246.81158447265625,123.8290786743164,585.5250244140625,190.1096649169922,212.72137451171875,489.02606201171875
2013-01-28,295.8967590332031,147.97134399414062,373.84185791015625,187.72735595703125,246.46075439453125,124.24217987060547,580.3284301757812,187.0564727783203,210.846923828125,490.6859436035156
2013-01-29,289.3967590332031,144.0201416015625,372.41119384765625,189.45437622070312,245.43917846679688,126.05986785888672,579.4564208984375,183.9928741455078,208.38433837890625,490.649658203125
2013-01-30,285.33935546875,144.94723510742188,379.485107421875,191.26820373535156,244.70704650878906,125.6674575805664,568.2459716796875,187.44203186035156,206.1544952392578,491.0872802734375
2013-01-31,281.19921875,141.94520568847656,376.7032470703125,187.86932373046875,244.6061553955078,127.09263610839844,560.2877197265625,184.78482055664062,206.3152618408203,490.3578796386719
2013-02-01,272.75335693359375,141.30506896972656,369.4704284667969,184.71490478515625,242.97959899902344,127.81558227539062,557.1990356445312,186.31663513183594,204.14462280273438,491.7986755371094
2013-02-04,274.11956787109375,142.7950439453125,371.25872802734375,186.38671875,242.68582153320312,126.92739868164062,557.7803955078125,184.79522705078125,199.0883026123047,494.8083190917969
2013-02-05,268.9029541015625,142.18801879882812,366.8077087402344,183.9105224609375,241.65985107421875,124.94451141357422,557.52587890625,182.3048095703125,200.68771362304688,496.1580810546875
2013-02-06,270.4348449707031,141.1615753173828,361.0453796386719,182.20712280273438,243.42239379882812,125.93595123291016,549.803955078125,182.4923553466797,198.75827026367188,499.9886779785156
2013-02-07,265.0526428222656,141.60305786132812,362.4363098144531,180.5668182373047,244.6061553955078,125.60547637939453,543.771728515625,181.91921997070312,196.8880615234375,506.04449462890625
2013-02-08,266.4602966308594,143.4903564453125,359.8132629394531,178.2483367919922,244.60179138183594,124.65531158447266,549.1135864257812,179.97061157226562,193.46499633789062,518.9769897460938
2013-02-11,261.8232727050781,145.01345825195312,366.0526428222656,177.07333374023438,244.82984924316406,123.58124542236328,541.3916015625,180.98141479492188,194.15890502929688,516.0949096679688
2013-02-12,266.8743591308594,146.83456420898438,365.615478515625,178.0432891845703,241.60284423828125,123.95304107666016,543.2630004882812,182.45065307617188,194.3323974609375,514.3986206054688
2013-02-13,269.8965759277344,146.61376953125,362.237548828125,180.21194458007812,244.61062622070312,124.07695007324219,538.557373046875,183.19052124023438,190.80355834960938,523.6465454101562
2013-02-14,258.0971374511719,148.95361328125,369.2319641113281,177.62533569335938,246.64483642578125,124.24217987060547,523.676513671875,178.40756225585938,187.50738525390625,528.1338500976562
2013-02-15,262.19586181640625,149.38409423828125,367.2846374511719,176.93922424316406,244.5272216796875,124.18025970458984,524.7302856445312,176.27139282226562,189.00527954101562,526.1090087890625
2013-02-18,259.7533264160156,149.218505859375,373.7226867675781,176.96290588378906,243.78189086914062,124.05630493164062,533.7969360351562,176.6256561279297,191.48052978515625,519.9800415039062
2013-02-19,254.6608428955078,148.95361328125,378.8094787597656,178.44544982910156,247.32015991210938,124.614013671875,531.5982666015625,176.81324768066406,192.39450073242188,526.6197509765625
2013-02-20,251.7213897705078,149.42822265625,379.2466125488281,176.89195251464844,247.2323760986328,123.93236541748047,529.5272216796875,182.31521606445312,190.5792999267578,529.9942016601562
2013-02-21,245.26271057128906,147.06629943847656,372.1727600097656,170.27554321289062,246.21087646484375,122.5278091430664,518.135009765625,179.06402587890625,187.0673370361328,529.3558349609375
2013-02-22,256.39971923828125,145.53219604492188,361.9593505859375,172.3180389404297,249.0826416015625,120.62751007080078,521.56884765625,179.7726287841797,185.83607482910156,530.833251953125
2013-02-25,254.2053985595703,144.903076171875,359.0185852050781,172.5309600830078,255.85667419433594,120.89604949951172,509.41357421875,178.05325317382812,187.94322204589844,537.6184692382812
2013-02-26,258.179931640625,143.75523376464844,359.3364562988281,167.81507873535156,259.5395202636719,120.15243530273438,496.27716064453125,171.62391662597656,186.0391845703125,545.8999633789062
2013-02-27,266.4188537597656,141.87899780273438,360.2504577636719,170.83543395996094,255.22076416015625,121.78422546386719,512.2479248046875,173.24942016601562,187.3085174560547,541.0844116210938
2013-02-28,267.37109375,138.03814697265625,352.1434020996094,164.09286499023438,254.90948486328125,121.78422546386719,497.0403137207031,169.61276245117188,176.09579467773438,553.4150390625
2013-03-01,257.6003723144531,137.4090576171875,359.8929138183594,166.60850524902344,255.50588989257812,120.31765747070312,508.9049377441406,168.8937225341797,176.66697692871094,547.8880615234375
2013-03-04,261.6990966796875,138.54586791992188,350.47430419921875,166.97132873535156,254.59820556640625,120.83406066894531,495.9319152832031,169.35226440429688,177.66976928710938,552.0286254882812
2013-03-05,266.70867919921875,139.71575927734375,357.587890625,172.48362731933594,256.1634826660156,120.87537384033203,507.1424255371094,172.21786499023438,180.12808227539062,561.8602905273438
2013-03-06,265.34246826171875,139.17495727539062,350.1166076660156,174.81002807617188,260.442626953125,118.58267211914062,520.4785766601562,174.07266235351562,183.51734924316406,569.5394897460938
2013-03-07,265.1768798828125,141.66928100585938,344.3144836425781,176.1979522705078,263.4459533691406,120.7720947265625,531.9254150390625,174.33314514160156,183.3100128173828,580.0094604492188
2013-03-08,267.37109375,145.09071350097656,347.9705505371094,179.6914520263672,260.4557189941406,122.98222351074219,544.1896362304688,177.4176483154297,186.97848510742188,577.5471801757812
2013-03-11,266.08770751953125,144.63818359375,348.9641418457031,178.53224182128906,258.30743408203125,122.92024230957031,548.7864990234375,176.00045776367188,186.57228088378906,571.3634643554688
2013-03-12,260.4570007324219,142.1549072265625,353.256103515625,177.13638305664062,255.88287353515625,123.45731353759766,545.3343505859375,176.6986083984375,186.75424194335938,569.2841186523438
2013-03-13,262.7341613769531,140.14620971679688,355.0841979980469,171.23764038085938,251.09071350097656,124.614013671875,543.4265747070312,176.1046600341797,184.4270782470703,566.0740356445312
2013-03-14,260.49847412109375,143.3137969970703,362.4760437011719,175.17279052734375,252.0245361328125,124.71720886230469,553.0927124023438,179.24118041992188,190.83319091796875,571.9105834960938
2013-03-15,256.93798828125,141.13951110839844,364.5027770996094,168.36712646484375,252.3885040283203,124.71720886230469,548.0416259765625,175.82327270507812,191.42132568359375,572.8411254882812
2013-03-18,254.61936950683594,142.00039672851562,368.3576965332031,165.8278045654297,250.85394287109375,125.68809509277344,548.841064453125,173.8746795654297,190.38890075683594,571.6370849609375
2013-03-19,242.94422912597656,139.40670776367188,360.44915771484375,162.8626251220703,250.4373779296875,126.53495788574219,534.41455078125,171.93649291992188,186.47499084472656,564.2680053710938
2013-03-20,231.88999938964844,138.07125854492188,372.49066162109375,157.96539306640625,251.28363037109375,126.90673828125,521.859619140625,171.4571533203125,179.43844604492188,568.2442626953125
2013-03-21,246.67034912109375,133.9876251220703,366.2514343261719,163.29637145996094,251.9105987548828,125.9979019165039,506.7061462402344,169.35226440429688,179.35806274414062,569.0834350585938
2013-03-22,243.4824676513672,133.60130310058594,364.90032958984375,162.1923370361328,251.0687713623047,126.24578857421875,508.4324035644531,168.93540954589844,176.35386657714844,562.5899047851562
2013-03-25,238.9696502685547,134.51739501953125,366.6487121582031,159.7082061767578,250.1523895263672,124.9238052368164,496.5496826171875,168.654052734375,174.17898559570312,563.027587890625
2013-03-26,245.8423309326172,135.6431427001953,375.709716796875,161.01730346679688,250.31027221679688,126.55562591552734,486.0115661621094,163.25631713867188,173.50624084472656,567.7702026367188
2013-03-28,241.57797241210938,138.03814697265625,371.1395263671875,164.84994506835938,253.36183166503906,127.83626556396484,496.4589538574219,161.0784149169922,175.4060516357422,574.8475341796875
2013-04-01,243.15121459960938,137.70706176757812,374.6366271972656,165.85147094726562,258.1715393066406,126.90673828125,508.2507019042969,162.2976531982422,176.9166259765625,567.9526977539062
2013-04-02,241.61936950683594,139.0425262451172,374.27899169921875,165.1180877685547,260.3506164550781,126.8860855102539,517.9713745117188,165.45501708984375,181.13516235351562,571.782958984375
2013-04-03,232.5110321044922,137.66290283203125,367.8410339355469,162.67340087890625,260.2979431152344,127.072021484375,501.328369140625,161.83914184570312,178.1013946533203,563.0458984375
2013-04-04,226.5491943359375,136.0073699951172,373.6034240722656,159.10888671875,252.5463409423828,123.74646759033203,494.8780822753906,159.96348571777344,174.97023010253906,550.0586547851562
2013-04-05,223.77532958984375,137.06690979003906,374.91485595703125,157.42918395996094,251.3012237548828,120.33831787109375,490.49932861328125,162.57894897460938,174.04783630371094,546.6113891601562
2013-04-08,232.34542846679688,137.8394775390625,379.88250732421875,156.0017852783203,248.32418823242188,120.97864532470703,481.72357177734375,164.51718139648438,172.10147094726562,540.1905517578125
2013-04-09,229.36451721191406,136.98963928222656,375.2725524902344,156.15162658691406,242.5762176513672,118.64459991455078,479.7793273925781,161.9224853515625,168.25527954101562,546.2647705078125
2013-04-10,233.21484375,139.5060577392578,371.93426513671875,158.399169921875,246.89913940429688,117.6738052368164,491.98919677734375,162.43307495117188,171.20867919921875,558.3214721679688
2013-04-11,227.87403869628906,141.1063995361328,374.8751525878906,164.06134033203125,255.7601776123047,117.85969543457031,501.328369140625,160.70327758789062,172.83348083496094,560.6747436523438
2013-04-12,226.46641540527344,142.08871459960938,380.7567443847656,164.87359619140625,201.38900756835938,120.99931335449219,494.11505126953125,161.5890350341797,176.171875,551.499755859375
2013-04-15,231.55877685546875,141.61410522460938,377.53778076171875,165.1496124267578,205.10702514648438,123.91171264648438,502.2004089355469,165.3924560546875,181.63023376464844,537.1624755859375
2013-04-16,235.9887237548828,146.42616271972656,386.121826171875,170.16513061523438,201.35400390625,127.2165756225586,518.5528564453125,167.7579345703125,184.7444305419922,541.066162109375
2013-04-17,236.85821533203125,145.70877075195312,383.9360046386719,173.1223907470703,200.26669311523438,129.34408569335938,517.51708984375,161.2451629638672,189.99539184570312,531.3986206054688
2013-04-18,248.11941528320312,148.688720703125,384.05535888671875,177.06541442871094,201.30575561523438,130.25294494628906,536.1588745117188,162.8916015625,194.607421875,529.97607421875
2013-04-22,249.03028869628906,154.14093017578125,383.81689453125,181.1346435546875,196.82052612304688,130.95523071289062,557.380615234375,164.59011840820312,196.93038940429688,519.9620361328125
2013-04-23,247.9538116455078,152.08810424804688,380.9951477050781,183.1613311767578,198.37255859375,131.2030487060547,546.7879028320312,167.49740600585938,193.57923889160156,521.8772583007812
2013-04-25,251.59716796875,152.20948791503906,380.4388732910156,185.6927947998047,195.34291076660156,132.13255310058594,552.0751953125,170.8214874267578,197.56082153320312,511.57135009765625
2013-04-26,263.6864013671875,152.11016845703125,369.6293640136719,180.51161193847656,193.9662322998047,131.74008178710938,559.9243774414062,165.14239501953125,193.61732482910156,499.55084228515625
2013-04-29,263.4793395996094,153.44561767578125,395.30194091796875,181.8838348388672,195.48330688476562,134.11549377441406,555.9089965820312,165.19451904296875,192.3987274169922,500.0617980957031
2013-04-30,263.9348449707031,150.60914611816406,464.0137634277344,183.531982421875,196.0225067138672,135.8505401611328,549.51318359375,164.26708984375,191.61593627929688,502.8523864746094
2013-05-02,262.2787170410156,152.8606719970703,454.5157470703125,184.8016357421875,200.51654052734375,137.79214477539062,563.9942626953125,167.3306884765625,194.59051513671875,523.0992431640625
2013-05-03,263.0654296875,150.31117248535156,454.9530029296875,178.21678161621094,202.37989807128906,136.6147918701172,570.6624755859375,166.8304901123047,187.3424072265625,517.4811401367188
2013-05-06,265.3838195800781,149.10812377929688,455.54901123046875,180.21983337402344,205.28680419921875,134.75582885742188,566.7197265625,171.22792053222656,188.38328552246094,535.2474365234375
2013-05-07,274.2437744140625,151.87840270996094,460.47674560546875,183.5792999267578,205.96202087402344,138.5150909423828,573.4424438476562,172.5929718017578,190.9812774658203,536.8528442382812
2013-05-08,268.447509765625,153.88711547851562,466.5571594238281,182.6329803466797,206.12417602539062,141.6134033203125,567.791748046875,172.90554809570312,190.80355834960938,539.9532470703125
2013-05-09,269.1100158691406,152.31985473632812,464.8484191894531,181.79705810546875,207.06686401367188,142.315673828125,567.8460693359375,170.4984893798828,193.87118530273438,546.6474609375
2013-05-10,268.4889831542969,155.25564575195312,464.9675598144531,183.80010986328125,207.95689392089844,145.88906860351562,567.6280517578125,171.46890258789062,194.09547424316406,545.7176513671875
2013-05-13,258.1385498046875,152.91586303710938,462.7420654296875,181.1898193359375,205.15530395507812,138.72164916992188,551.4029541015625,169.37020874023438,192.74990844726562,529.5562133789062
2013-05-14,262.6927185058594,152.09912109375,464.0535583496094,180.97689819335938,206.0716094970703,138.74227905273438,552.8380737304688,168.34725952148438,194.0489044189453,531.8729248046875
2013-05-15,267.16412353515625,157.79417419433594,465.3650207519531,187.88510131835938,206.98353576660156,141.4687957763672,574.3507690429688,172.74496459960938,201.63975524902344,536.8345336914062
2013-05-16,266.2118835449219,159.5490264892578,463.17926025390625,190.44805908203125,204.5413818359375,139.21737670898438,578.7841796875,177.31141662597656,204.73703002929688,530.4503173828125
2013-05-17,261.28509521484375,158.6881561279297,465.7622985839844,194.0677490234375,206.22067260742188,138.34983825683594,589.921875,176.2251739501953,205.20245361328125,537.6550903320312
2013-05-20,254.8678436279297,157.71688842773438,466.0802917480469,190.81080627441406,208.000732421875,138.24656677246094,589.57666015625,175.30763244628906,204.09805297851562,537.14453125
2013-05-21,252.0939483642578,156.23794555664062,465.6033020019531,191.00006103515625,210.24119567871094,136.73870849609375,583.4353637695312,174.76983642578125,199.77377319335938,544.604736328125
2013-05-22,258.3869934082031,155.27774047851562,465.04693603515625,190.85812377929688,209.16259765625,138.6183624267578,550.131103515625,172.69223022460938,199.9684295654297,546.629638671875
2013-05-23,249.41555786132812,154.20712280273438,465.1662292480469,184.89625549316406,206.9309844970703,137.3583526611328,515.3549194335938,165.45762634277344,184.27896118164062,544.5501098632812
2013-05-24,247.96180725097656,154.81419372558594,465.881591796875,189.91966247558594,205.88304138183594,136.2843017578125,529.3816528320312,165.8794403076172,182.0448760986328,536.1046752929688
2013-05-27,256.8087158203125,157.83827209472656,470.21331787109375,192.32492065429688,208.05772399902344,137.9367218017578,533.2881469726562,174.70654296875,182.96730041503906,546.4833984375
2013-05-28,261.5020751953125,157.4519805908203,470.0146484375,194.30433654785156,207.48777770996094,140.45668029785156,528.673095703125,177.8914794921875,183.76107788085938,552.35693359375
2013-05-29,261.668212890625,158.0369873046875,472.24005126953125,191.6151580810547,206.2776641845703,141.5514678955078,525.5298461914062,178.84059143066406,181.73348999023438,546.246337890625
2013-05-30,262.0005187988281,160.06776428222656,473.3528747558594,189.67483520507812,207.7013702392578,146.36412048339844,518.7163696289062,176.49935913085938,180.20199584960938,546.9942626953125
2013-05-31,250.8276824951172,154.62655639648438,470.92877197265625,185.1285858154297,213.9330291748047,142.6099395751953,509.0138854980469,170.06625366210938,176.595458984375,546.6474609375
2013-06-03,252.0321807861328,152.12123107910156,470.6107177734375,183.63720703125,223.01658630371094,140.99462890625,504.1263122558594,166.185302734375,178.58853149414062,536.0501098632812
2013-06-04,252.6966552734375,150.77468872070312,469.4978942871094,182.52273559570312,221.40213012695312,141.51907348632812,512.1934814453125,164.5612030029297,174.99493408203125,534.5725708007812
2013-06-05,251.24302673339844,151.8563232421875,469.1801452636719,181.913330078125,218.32839965820312,140.13450622558594,515.9183349609375,169.15931701660156,175.30120849609375,535.4662475585938
2013-06-06,245.13746643066406,150.5870819091797,469.6171875,185.15264892578125,215.5252685546875,140.51214599609375,520.2061767578125,167.05007934570312,176.7723388671875,541.337158203125
2013-06-07,239.4887237548828,149.2516326904297,469.85577392578125,183.08396911621094,217.04661560058594,140.07159423828125,513.2109985351562,165.27833557128906,174.6455078125,559.078125
2013-06-10,235.70904541015625,149.2957763671875,471.0876159667969,179.2513427734375,220.59039306640625,141.39320373535156,510.3584289550781,166.4911346435547,173.55833435058594,561.3232421875
2013-06-11,231.51406860351562,146.76832580566406,471.72344970703125,172.62843322753906,219.59249877929688,140.28134155273438,509.84967041015625,165.7001495361328,172.3461151123047,552.6735229492188
2013-06-12,230.72491455078125,146.55860900878906,471.84283447265625,173.39016723632812,214.7890625,138.87579345703125,507.50579833984375,166.7969512939453,173.08377075195312,540.3616943359375
2013-06-13,238.99032592773438,145.8129425048828,472.67730712890625,171.4016876220703,211.11221313476562,137.1975555419922,506.4700927734375,166.58602905273438,174.1838836669922,532.0986328125
2013-06-14,240.4440460205078,148.02764892578125,471.8029479980469,176.74171447753906,212.4472198486328,139.1904754638672,523.54931640625,171.82745361328125,176.51780700683594,533.9570922851562
2013-06-17,245.8850860595703,148.5395965576172,473.63104248046875,176.62945556640625,214.8999481201172,139.23243713378906,528.8003540039062,174.1265106201172,178.23910522460938,534.601318359375
2013-06-18,242.520751953125,146.33604431152344,473.4325256347656,174.94566345214844,217.02444458007812,138.51922607421875,522.4954833984375,173.6730194091797,176.32366943359375,531.4173583984375
2013-06-19,248.83399963378906,148.06103515625,472.71710205078125,174.26412963867188,216.29710388183594,138.41429138183594,522.4773559570312,175.42364501953125,176.51345825195312,525.49169921875
2013-06-20,239.90403747558594,141.69520568847656,471.56451416015625,167.7615203857422,210.1541748046875,135.3934326171875,507.21502685546875,168.31561279296875,172.35040283203125,516.9522705078125
2013-06-21,242.520751953125,141.3947296142578,469.4583435058594,167.5530548095703,214.5583953857422,135.24656677246094,506.12493896484375,167.2293701171875,171.621337890625,523.48583984375
2013-06-24,235.45986938476562,139.19119262695312,464.1330261230469,168.2425994873047,211.15647888183594,131.9110565185547,492.2435607910156,167.18716430664062,168.11404418945312,519.2342529296875
2013-06-25,245.3035888671875,141.11651611328125,467.1532897949219,165.6287078857422,210.57994079589844,134.13473510742188,496.858642578125,169.5389404296875,164.6067352294922,512.4619750976562
2013-06-26,230.6833953857422,138.63470458984375,467.6300354003906,164.55429077148438,212.8419189453125,135.49835205078125,491.4987487792969,169.49676513671875,163.93804931640625,529.1724243164062
2013-06-27,233.21702575683594,143.89877319335938,468.1070861816406,165.2598876953125,220.24002075195312,134.97386169433594,490.71746826171875,175.06509399414062,165.01222229003906,549.12158203125
2013-06-28,242.35462951660156,149.0181121826172,465.08685302734375,171.7063751220703,221.6637725830078,136.08567810058594,511.61212158203125,181.94114685058594,168.5756378173828,558.7835083007812
2013-07-01,246.0096435546875,148.85118103027344,466.87506103515625,171.24935913085938,217.41917419433594,136.7570343017578,527.5103149414062,186.81346130371094,173.90780639648438,549.2870483398438
2013-07-02,251.5753173828125,146.1356964111328,467.2327575683594,173.04537963867188,213.24557495117188,136.29550170898438,519.461181640625,183.8921661376953,171.69039916992188,552.305419921875
2013-07-03,244.68055725097656,144.822509765625,467.2327575683594,170.62393188476562,213.29434204101562,136.9248504638672,506.0704650878906,179.46282958984375,163.8258819580078,548.3487548828125
2013-07-04,250.1631317138672,145.8240966796875,478.0025939941406,170.57579040527344,218.92718505859375,142.16940307617188,509.5226135253906,181.7407684326172,163.92938232421875,566.1998901367188
2013-07-05,245.7604522705078,148.6286163330078,484.3213806152344,168.62745666503906,217.8804168701172,143.74276733398438,511.939208984375,185.68502807617188,163.45486450195312,563.2185668945312
2013-07-08,243.8914337158203,147.0037841796875,484.59954833984375,164.8429412841797,218.94044494628906,145.46298217773438,509.84967041015625,182.85867309570312,161.6214141845703,554.5507202148438
2013-07-09,242.27154541015625,149.19619750976562,480.8241882324219,165.86923217773438,221.6061248779297,145.7776641845703,519.025146484375,184.51438903808594,163.47210693359375,553.9065551757812
2013-07-10,240.9840087890625,146.74781799316406,477.6130065917969,166.5428009033203,221.86778259277344,144.98046875,513.7196044921875,180.549072265625,161.88888549804688,556.5015258789062
2013-07-11,249.24932861328125,152.07859802246094,482.5098571777344,169.6537628173828,224.2806396484375,148.27406311035156,525.9203491210938,183.5125274658203,164.91299438476562,575.86181640625
2013-07-12,253.77662658691406,154.8608856201172,482.95147705078125,170.046630859375,248.75025939941406,147.09927368164062,542.6272583007812,187.7098846435547,163.36424255371094,592.5352783203125
2013-07-15,261.2113037109375,154.7941131591797,493.0665588378906,170.15084838867188,243.29486083984375,147.93841552734375,548.5684814453125,189.1652069091797,164.99497985839844,604.2767333984375
2013-07-16,266.7354431152344,151.06588745117188,500.2113342285156,160.9141082763672,242.06179809570312,151.06417846679688,529.408935546875,189.95616149902344,157.69129943847656,607.0740356445312
2013-07-17,262.5404052734375,147.5491180419922,549.943359375,157.19371032714844,244.01776123046875,154.54656982421875,527.7465209960938,192.98291015625,155.88372802734375,617.8033447265625
2013-07-18,268.85369873046875,152.26783752441406,552.3516845703125,157.86721801757812,248.44422912597656,154.67242431640625,537.0675048828125,193.46803283691406,157.39791870117188,611.141357421875
2013-07-19,274.0040588378906,151.355224609375,550.7862548828125,153.83416748046875,252.58676147460938,154.8402557373047,530.9078369140625,194.8284912109375,156.28062438964844,641.469970703125
2013-07-22,279.19580078125,151.81155395507812,559.6568603515625,156.26364135742188,255.18588256835938,154.73533630371094,491.38970947265625,191.7384796142578,157.43678283691406,642.8319702148438
2013-07-23,274.2117004394531,152.15652465820312,577.0369873046875,158.70111083984375,257.4212951660156,157.65135192871094,491.1716003417969,191.8439483642578,160.564453125,644.0465698242188
2013-07-24,280.2757263183594,146.89248657226562,569.5311889648438,152.63145446777344,258.01123046875,157.67233276367188,472.7751159667969,191.8017578125,155.4134979248047,656.1929931640625
2013-07-25,280.026611328125,145.53472900390625,552.2715454101562,149.91334533691406,258.60552978515625,150.5816650390625,465.6890869140625,187.8785858154297,155.14602661132812,660.9595336914062
2013-07-26,280.1095886230469,143.3645782470703,532.8040161132812,149.3841552734375,258.4281311035156,154.46266174316406,461.0014343261719,187.75204467773438,152.30735778808594,653.1378784179688
2013-07-29,277.45135498046875,140.78260803222656,512.6141357421875,148.91107177734375,259.12884521484375,150.18310546875,458.4940185546875,186.81346130371094,150.13308715820312,656.34716796875
2013-07-30,266.7354431152344,139.19119262695312,503.3420715332031,148.50216674804688,262.1892395019531,147.09927368164062,463.2635192871094,180.8338165283203,148.68789672851562,661.1801147460938
2013-07-31,286.1736145019531,135.71888732910156,491.74188232421875,145.77603149414062,263.4267578125,143.36517333984375,461.7645263671875,183.9344024658203,147.4022979736328,669.73828125
2013-08-01,285.13525390625,140.71583557128906,509.92498779296875,146.60189819335938,263.8702392578125,142.40016174316406,460.5925598144531,179.2835235595703,145.22804260253906,669.7012939453125
2013-08-02,286.796630859375,140.50439453125,494.4713134765625,142.25613403320312,266.8995361328125,139.69395446777344,452.49810791015625,180.8338165283203,145.0037078857422,680.9344482421875
2013-08-05,279.40350341796875,140.82713317871094,496.75927734375,144.7176513671875,266.9217529296875,140.721923828125,443.558837890625,181.7196807861328,145.1460723876953,688.8103637695312
2013-08-06,268.2306823730469,135.4740753173828,488.3702392578125,138.92861938476562,264.99676513671875,138.5611572265625,433.4748840332031,177.3957977294922,141.6214599609375,689.88037109375
2013-08-07,271.01348876953125,133.8158416748047,484.23602294921875,139.23330688476562,262.86785888671875,135.1417236328125,424.6173095703125,184.01873779296875,148.06668090820312,672.394287109375
2013-08-08,280.1926574707031,135.8858184814453,481.6669921875,140.3237762451172,262.9743347167969,136.5052947998047,425.16241455078125,182.58445739746094,143.5843505859375,680.7684326171875
2013-08-12,283.9308166503906,134.03842163085938,494.2305603027344,139.0408477783203,266.597900390625,140.82681274414062,434.8648376464844,178.3660430908203,138.5110626220703,669.184814453125
2013-08-13,287.7519836425781,138.11163330078125,499.0070495605469,143.13006591796875,273.5347900390625,140.21844482421875,444.98529052734375,179.8951873779297,139.77076721191406,671.3247680664062
2013-08-14,285.17681884765625,138.30084228515625,494.9931640625,145.27894592285156,272.2973327636719,140.49111938476562,442.60467529296875,182.4473419189453,140.15469360351562,676.37841796875
2013-08-16,278.822021484375,130.8555145263672,480.8642578125,137.68582153320312,264.202880859375,134.42845153808594,419.3519592285156,174.3690643310547,135.51278686523438,656.9744262695312
2013-08-19,263.8280029296875,130.14324951171875,473.0772705078125,130.75022888183594,266.5624694824219,131.7012481689453,408.3622741699219,173.00860595703125,132.05291748046875,655.7017211914062
2013-08-20,264.5340881347656,130.1543731689453,474.120849609375,133.1636505126953,266.7088623046875,132.2886962890625,405.5387268066406,174.08428955078125,134.08485412597656,640.5584106445312
2013-08-21,248.16940307617188,132.06854248046875,473.1575622558594,133.02734375,262.4598083496094,126.22599792480469,392.7497253417969,165.27833557128906,133.56285095214844,633.6967163085938
2013-08-22,260.0068359375,131.03358459472656,475.7665710449219,133.27590942382812,267.91082763671875,129.20486450195312,401.0542297363281,170.02406311035156,135.00804138183594,656.2552490234375
2013-08-23,256.64251708984375,135.22921752929688,482.750732421875,136.7958221435547,266.1809997558594,129.43563842773438,409.1373596191406,172.85044860839844,134.52056884765625,674.8843994140625
2013-08-26,255.06422424316406,136.06390380859375,488.4908142089844,133.17166137695312,268.84228515625,129.01605224609375,413.20660400390625,173.50424194335938,134.36093139648438,679.5140380859375
2013-08-27,244.1405792236328,125.0683822631836,478.0946960449219,128.7056427001953,271.0909729003906,124.98825073242188,390.6736145019531,169.4229736328125,131.14698791503906,678.3336181640625
2013-08-28,239.07337951660156,125.07953643798828,477.2919616699219,127.70336151123047,276.43109130859375,125.11412048339844,390.3413391113281,171.22633361816406,129.23583984375,703.8246459960938
2013-08-29,248.66790771484375,127.32760620117188,487.286376953125,129.4432830810547,275.3975830078125,128.19793701171875,400.5006408691406,178.2816619873047,128.36874389648438,718.2857055664062
2013-08-30,248.46023559570312,132.21324157714844,506.9143981933594,128.89004516601562,275.5085754394531,129.51954650878906,401.13726806640625,180.09559631347656,131.05641174316406,750.0479125976562
2013-09-02,249.45700073242188,131.2116241455078,514.8217163085938,132.55430603027344,273.73876953125,134.42845153808594,402.85357666015625,187.03492736816406,130.83204650878906,758.7724609375
2013-09-03,236.74742126464844,125.21308898925781,492.3841247558594,125.6507568359375,269.10833740234375,126.1630630493164,384.4451904296875,175.27601623535156,127.32041931152344,738.2061767578125
2013-09-04,246.88192749023438,125.5469741821289,494.9129333496094,131.13510131835938,276.11614990234375,125.8063735961914,386.9918518066406,179.14645385742188,128.9209442138672,763.2913818359375
2013-09-05,246.05123901367188,135.6632537841797,504.14495849609375,143.3144989013672,266.5447692871094,130.967041015625,402.93658447265625,181.93063354492188,141.34107971191406,734.3881225585938
2013-09-06,260.6298522949219,137.154541015625,495.7957763671875,153.68983459472656,268.6959228515625,132.7501678466797,417.4972839355469,183.0801239013672,141.0304412841797,733.6688232421875
2013-09-10,281.0649108886719,142.00682067871094,524.6157836914062,155.4859161376953,280.2143859863281,140.93165588378906,446.8953552246094,187.79421997070312,140.9398651123047,733.3367309570312
2013-09-11,278.36517333984375,144.06570434570312,516.6680297851562,155.50990295410156,276.6838684082031,138.43527221679688,453.0961608886719,187.24581909179688,145.81903076171875,735.5131225585938
2013-09-12,272.9656677246094,141.10537719726562,502.7801513671875,152.5352325439453,271.96026611328125,141.1834259033203,451.18603515625,184.64096069335938,143.08824157714844,725.9588012695312
2013-09-13,270.5982360839844,140.04811096191406,499.1274108886719,151.0519256591797,268.60711669921875,139.0226593017578,463.0615234375,184.13473510742188,143.3212127685547,720.7388916015625
2013-09-16,278.90509033203125,143.07521057128906,497.8028564453125,155.54200744628906,265.53338623046875,140.11355590820312,458.6324157714844,181.76187133789062,142.04856872558594,701.8511962890625
2013-09-17,280.1926574707031,142.9528045654297,504.6666564941406,154.3393096923828,268.1236877441406,142.10647583007812,454.6739501953125,181.00253295898438,140.95281982421875,718.4147338867188
2013-09-18,280.44189453125,144.7891082763672,515.544189453125,156.04713439941406,267.64031982421875,144.14137268066406,463.3661193847656,183.91326904296875,144.40406799316406,721.0155639648438
2013-09-19,294.314453125,152.06748962402344,543.9627075195312,166.1739501953125,267.8043518066406,149.13414001464844,491.8506164550781,187.84695434570312,155.9743194580078,725.3685913085938
2013-09-20,285.9244384765625,146.6921844482422,522.6488647460938,158.31626892089844,265.6887512207031,149.0712432861328,468.5978088378906,186.01194763183594,150.78021240234375,719.4661865234375
2013-09-23,278.4067077636719,142.88600158691406,515.865234375,151.2683868408203,267.83978271484375,146.7846221923828,449.5527648925781,184.4194793701172,142.7646942138672,721.2367553710938
2013-09-24,274.3778076171875,142.1069793701172,516.2666625976562,151.51695251464844,267.4584045410156,146.40701293945312,457.7465515136719,184.47218322753906,141.92774963378906,715.4817504882812
2013-09-25,279.1127624511719,138.13392639160156,508.64044189453125,149.9694366455078,266.97491455078125,144.64483642578125,460.2657165527344,179.08319091796875,146.0433807373047,722.6939697265625
2013-09-26,278.0743713378906,138.25636291503906,504.8675537109375,151.71742248535156,267.2099914550781,146.5538787841797,459.0200500488281,176.8052215576172,144.6154327392578,716.7362060546875
2013-09-27,270.22430419921875,135.52972412109375,498.52545166015625,148.06117248535156,266.7043762207031,145.9664764404297,451.684326171875,177.1532440185547,141.56109619140625,718.654296875
2013-09-30,264.7002258300781,132.00180053710938,503.70330810546875,141.70285034179688,267.27215576171875,142.81971740722656,436.6807861328125,173.4620819091797,139.3350372314453,711.165771484375
2013-10-01,267.9814453125,136.14183044433594,497.0805969238281,146.04867553710938,267.44952392578125,143.9105987548828,442.90911865234375,173.26173400878906,141.78970336914062,719.005126953125
2013-10-03,269.3936462402344,141.60618591308594,489.41387939453125,150.39443969726562,269.4143371582031,142.1274871826172,458.7709045410156,178.64024353027344,143.24354553222656,746.8753051757812
2013-10-04,272.7579650878906,142.5521697998047,487.0858154296875,149.23178100585938,267.5737609863281,142.58897399902344,453.926513671875,180.2115936279297,142.41957092285156,750.1954956054688
2013-10-07,268.52142333984375,141.1832733154297,490.5779113769531,146.92259216308594,268.0572204589844,142.67288208007812,447.9749450683594,178.02854919433594,140.9010009765625,770.9090576171875
2013-10-08,275.87310791015625,140.8160400390625,489.41387939453125,150.27413940429688,269.1482238769531,145.861572265625,458.6324157714844,178.21839904785156,138.70086669921875,760.469482421875
2013-10-09,277.57598876953125,144.48861694335938,489.85540771484375,152.40695190429688,275.86334228515625,146.2391815185547,467.90582275390625,181.5825958251953,138.82598876953125,771.31494140625
2013-10-10,276.53765869140625,142.68569946289062,482.750732421875,152.03009033203125,277.4378967285156,145.6517791748047,468.2103271484375,181.39276123046875,140.89239501953125,767.3124389648438
2013-10-11,277.9082336425781,147.19297790527344,484.7979736328125,159.8877716064453,290.4688720703125,143.57496643066406,488.83331298828125,182.09933471679688,142.60508728027344,782.8245239257812
2013-10-14,276.7037353515625,148.57298278808594,478.777099609375,159.90382385253906,294.890869140625,142.5679931640625,485.3453674316406,183.5652618408203,142.9846954345703,816.283935546875
2013-10-15,281.6878662109375,145.22314453125,483.83447265625,156.27964782714844,297.5919189453125,142.65191650390625,482.6048889160156,183.03797912597656,140.0166473388672,817.2614135742188
2013-10-17,289.6210632324219,145.61264038085938,485.680908203125,154.73216247558594,291.6754455566406,144.95948791503906,463.3383483886719,185.68502807617188,139.88722229003906,777.8076171875
2013-10-18,296.349609375,150.5984344482422,486.5639343261719,161.7800750732422,295.78485107421875,148.756591796875,482.79864501953125,191.02130126953125,143.6231689453125,782.3082885742188
2013-10-21,293.1929931640625,149.40765380859375,488.89202880859375,162.00454711914062,297.6499328613281,144.6238555908203,512.418212890625,192.61378479003906,144.2228546142578,764.2322387695312
2013-10-22,292.5284423828125,148.90684509277344,488.8518981933594,161.98854064941406,298.2657165527344,143.30226135253906,517.8713989257812,190.71551513671875,144.5420684814453,770.7616577148438
2013-10-23,288.9565124511719,146.9481201171875,493.4278869628906,164.49014282226562,296.69952392578125,143.32322692871094,525.5948486328125,189.14413452148438,148.10545349121094,760.358642578125
2013-10-24,290.4517517089844,148.97361755371094,489.2934265136719,163.71238708496094,295.2673034667969,143.80572509765625,534.6190185546875,186.5603485107422,148.25648498535156,741.0098876953125
2013-10-25,285.3429870605469,149.69700622558594,476.810302734375,163.92086791992188,297.302001953125,142.67288208007812,524.5704956054688,187.08763122558594,148.48512268066406,764.3155517578125
2013-10-28,281.9371337890625,148.66201782226562,473.0371398925781,162.76625061035156,296.5791320800781,137.59616088867188,534.4806518554688,187.8785858154297,144.55502319335938,762.910888671875
2013-10-29,283.4323425292969,152.80201721191406,485.3998718261719,172.33180236816406,297.66339111328125,137.5751953125,540.9305419921875,189.15467834472656,150.1676025390625,765.0730590820312
2013-10-30,299.04937744140625,151.21055603027344,492.62493896484375,176.23655700683594,296.61920166015625,139.7569122314453,537.8302001953125,189.43943786621094,148.49375915527344,773.260498046875
2013-10-31,304.9472961425781,151.53330993652344,494.00213623046875,179.75650024414062,295.3698425292969,140.5540771484375,539.075927734375,192.93017578125,155.0252227783203,780.6903076171875
2013-11-01,305.03045654296875,152.2010498046875,493.2324523925781,181.76100158691406,292.40716552734375,137.63812255859375,543.7817993164062,191.56973266601562,162.12181091308594,775.3489379882812
2013-11-05,298.71710205078125,150.52056884765625,482.74249267578125,175.75550842285156,291.4389953613281,133.84104919433594,535.587890625,191.87557983398438,161.858642578125,754.797119140625
2013-11-06,295.3943176269531,148.88461303710938,476.3837585449219,173.2538604736328,295.0352478027344,133.71517944335938,533.5947875976562,189.53433227539062,156.12962341308594,772.9465942382812
2013-11-07,289.2886962890625,148.1055450439453,477.8822326660156,168.61141967773438,299.6265563964844,134.4494171142578,530.0791625976562,186.85560607910156,151.21591186523438,784.3496704101562
2013-11-08,285.7583312988281,145.23428344726562,473.9941101074219,168.36285400390625,299.8451843261719,134.0718231201172,539.740234375,184.75697326660156,150.49977111816406,772.8539428710938
2013-11-11,283.2662658691406,145.62376403808594,465.81268310546875,166.3262939453125,300.0727844238281,132.85508728027344,522.4390258789062,182.21534729003906,147.05287170410156,774.2586059570312
2013-11-12,280.56646728515625,143.77635192871094,465.3266906738281,162.40542602539062,297.77490234375,134.21865844726562,514.2451782226562,179.8319549560547,144.34364318847656,771.4861450195312
2013-11-13,276.2053527832031,141.04971313476562,472.050048828125,162.75022888183594,297.3465270996094,131.80618286132812,509.2347106933594,178.10238647460938,146.42300415039062,757.3846435546875
2013-11-14,282.3524475097656,142.94168090820312,470.02490234375,168.71568298339844,299.32763671875,131.9320526123047,520.1690673828125,179.6315460205078,148.6706085205078,748.9572143554688
2013-11-18,286.796630859375,148.86233520507812,483.3095397949219,172.17141723632812,303.77618408203125,136.81996154785156,541.484130859375,184.50384521484375,152.51014709472656,755.5367431640625
2013-11-19,292.0716247558594,146.91476440429688,479.7454528808594,173.9915313720703,307.24310302734375,135.72911071777344,551.3388671875,185.26316833496094,157.32460021972656,750.3245239257812
2013-11-20,286.0906066894531,144.57763671875,471.0374755859375,168.2425994873047,303.6065979003906,134.57530212402344,540.6259765625,181.9200439453125,154.9346160888672,747.995849609375
2013-11-21,281.3141174316406,141.92892456054688,465.12420654296875,165.21177673339844,298.4441833496094,131.3026885986328,524.9027709960938,178.77732849121094,152.10894775390625,734.3193969726562
2013-11-22,279.0296325683594,142.93055725097656,463.01806640625,163.65625,298.7342224121094,129.51954650878906,533.78857421875,177.9652862548828,149.951904296875,739.5868530273438
2013-11-25,279.2373962402344,146.84799194335938,470.6324768066406,172.32379150390625,296.8066101074219,132.66629028320312,555.1036987304688,179.64212036132812,155.87939453125,744.1701049804688
2013-11-26,271.6780700683594,145.3344268798828,476.86981201171875,167.3766326904297,295.93212890625,130.37965393066406,556.1277465820312,177.43797302246094,154.03298950195312,736.9439086914062
2013-11-27,267.3999938964844,145.46798706054688,472.8600769042969,167.20022583007812,293.8885498046875,131.80618286132812,557.2628173828125,176.74195861816406,152.17361450195312,734.2638549804688
2013-11-28,268.8121643066406,145.43458557128906,477.7203674316406,166.47059631347656,296.96728515625,131.53343200683594,566.3147583007812,178.8511505126953,152.16500854492188,733.5802001953125
2013-11-29,271.6365661621094,147.19297790527344,481.7704772949219,171.36962890625,299.3544921875,134.42845153808594,579.0759887695312,179.95851135253906,156.9838104248047,740.880615234375
2013-12-02,276.2884826660156,147.19297790527344,471.52337646484375,174.52073669433594,297.93994140625,134.8899688720703,592.4185791015625,180.4014129638672,157.21673583984375,744.4105834960938
2013-12-03,274.9592590332031,145.95761108398438,469.0123596191406,174.0556640625,298.8367919921875,133.9250030517578,583.8927001953125,181.79351806640625,156.47044372558594,746.9613037109375
2013-12-04,275.9976806640625,146.36941528320312,463.3421630859375,170.98477172851562,300.3182373046875,131.2606964111328,575.36669921875,180.5596160888672,156.8026123046875,739.2911987304688
2013-12-05,278.5727844238281,153.1581268310547,457.95526123046875,182.14590454101562,299.0643310546875,129.54051208496094,601.4983520507812,183.71290588378906,160.13304138183594,734.5228271484375
2013-12-06,276.1223449707031,151.95623779296875,453.3382263183594,183.436767578125,296.788818359375,130.50552368164062,607.007080078125,182.80592346191406,160.44369506835938,739.3834838867188
2013-12-09,279.40350341796875,155.06121826171875,453.4190979003906,192.7056427001953,297.948974609375,131.34463500976562,634.9656372070312,185.3896942138672,163.14427185058594,741.0652465820312
2013-12-10,278.48974609375,155.0723419189453,456.2137145996094,185.75396728515625,300.8089904785156,133.37953186035156,609.2215576171875,186.59197998046875,159.04161071777344,769.8599853515625
2013-12-11,272.5502624511719,154.81637573242188,458.0362854003906,185.75396728515625,301.1213073730469,134.6172637939453,598.2597045898438,186.15957641601562,155.00796508789062,760.7301025390625
2013-12-12,268.8121643066406,154.73846435546875,455.84918212890625,181.6247100830078,300.18426513671875,132.9180145263672,589.6504516601562,183.54415893554688,153.32115173339844,749.9550170898438
2013-12-13,266.5277404785156,153.56993103027344,454.30999755859375,173.9915313720703,301.07672119140625,132.2886962890625,581.2905883789062,182.3840789794922,150.43939208984375,739.9378662109375
2013-12-16,260.29754638671875,152.32347106933594,451.353515625,176.00404357910156,308.07293701171875,131.23976135253906,585.9411010742188,178.239501953125,149.4471435546875,746.3508911132812
2013-12-17,271.9272766113281,146.36941528320312,451.0699768066406,176.1243133544922,308.4388427734375,132.2886962890625,589.3460693359375,177.0055389404297,148.25648498535156,756.0355834960938
2013-12-18,272.259521484375,148.29473876953125,452.0418701171875,175.72344970703125,308.5370178222656,132.3935546875,604.9586181640625,181.38223266601562,152.14773559570312,759.8983154296875
2013-12-19,268.7706298828125,145.245361328125,449.5309753417969,170.5437469482422,313.4272766113281,131.59634399414062,587.3805541992188,180.1377716064453,149.35653686523438,769.3980102539062
2013-12-20,272.38421630859375,147.92747497558594,460.66888427734375,174.42449951171875,316.9164733886719,132.24673461914062,587.4637451171875,188.806640625,151.09512329101562,783.8321533203125
2013-12-23,272.6749267578125,147.8940887451172,457.8338317871094,176.084228515625,309.5185852050781,133.9250030517578,591.8374633789062,189.0386962890625,151.72067260742188,779.5816040039062
2013-12-24,270.51507568359375,146.30262756347656,457.7527770996094,176.21250915527344,311.1204833984375,133.8620147705078,595.7128295898438,189.41831970214844,151.78968811035156,780.1912841796875
2013-12-26,273.75469970703125,148.91795349121094,456.53765869140625,176.3408203125,314.1768798828125,134.36550903320312,593.8858642578125,187.20364379882812,151.2892608642578,776.3471069335938
2013-12-27,273.46405029296875,149.05152893066406,460.70947265625,178.04061889648438,317.8044128417969,135.28854370117188,596.7924194335938,185.36862182617188,152.72581481933594,798.654541015625
2013-12-30,273.837890625,149.0181121826172,464.43560791015625,175.8677520751953,312.5437927246094,135.267578125,589.0691528320312,187.10873413085938,152.2512969970703,796.9544067382812
2013-12-31,274.33624267578125,148.20570373535156,462.24853515625,176.19647216796875,311.0534973144531,135.0368194580078,592.529541015625,188.81719970703125,152.41522216796875,802.8684692382812
2014-01-01,280.56646728515625,148.04991149902344,463.6255187988281,176.02809143066406,309.4784851074219,135.267578125,591.5883178710938,187.46728515625,152.29010009765625,795.9380493164062
2014-01-02,273.0487060546875,146.23585510253906,455.5657043457031,172.484130859375,310.5984802246094,132.141845703125,573.5951538085938,184.55657958984375,150.35311889648438,801.0017700195312
2014-01-03,273.5886535644531,147.59361267089844,457.67181396484375,171.07296752929688,318.1479797363281,132.05789184570312,560.3078002929688,182.28916931152344,148.37295532226562,821.4059448242188
2014-01-06,273.5886535644531,147.28201293945312,456.4566650390625,166.90357971191406,313.9315185546875,132.4355010986328,559.4495849609375,180.32760620117188,145.6551055908203,827.83740234375
2014-01-07,275.5407409667969,147.88296508789062,452.7710266113281,168.37887573242188,308.5102844238281,132.87606811523438,564.432373046875,177.6172637939453,143.34707641601562,815.4732055664062
2014-01-08,276.1223449707031,147.9497528076172,452.9331970214844,169.0684356689453,305.9179382324219,132.93898010253906,552.7229614257812,179.08319091796875,142.9804229736328,825.2684326171875
2014-01-09,273.79632568359375,147.5602264404297,448.8829650878906,168.5152130126953,307.943603515625,132.41452026367188,538.0792846679688,179.43118286132812,141.48341369628906,828.7061157226562
2014-01-10,274.58551025390625,147.35989379882812,445.359130859375,164.2896728515625,316.9076843261719,135.35150146484375,529.3040771484375,181.00253295898438,138.75265502929688,843.1033325195312
2014-01-13,274.9592590332031,149.7637481689453,442.03802490234375,169.16468811035156,327.05841064453125,136.5472412109375,542.8683471679688,185.69554138183594,141.60853576660156,875.5761108398438
2014-01-14,272.4256896972656,149.64137268066406,436.1248474121094,166.2060089111328,328.99932861328125,136.12767028808594,538.1346435546875,185.92759704589844,140.42218017578125,860.0509643554688
2014-01-15,275.3746643066406,151.4776611328125,441.633056640625,169.71788024902344,331.2570495605469,137.97377014160156,553.1381225585938,186.76072692871094,141.56109619140625,869.975830078125
2014-01-16,262.12506103515625,149.80831909179688,447.2222900390625,169.8061065673828,332.4171142578125,136.56822204589844,555.8509521484375,186.90835571289062,141.1728057861328,868.7562866210938
2014-01-17,258.2623596191406,148.0165252685547,452.7306213378906,165.90133666992188,332.8366394042969,136.29550170898438,555.2144165039062,186.61309814453125,139.90878295898438,818.0234375
2014-01-20,256.3102722167969,149.1405792236328,449.65234375,167.41673278808594,334.58123779296875,138.54019165039062,553.05517578125,183.44923400878906,141.6603240966797,864.283447265625
2014-01-21,253.27825927734375,150.48716735839844,453.4595642089844,172.87701416015625,335.3888244628906,138.05764770507812,560.0032958984375,182.0360870361328,143.18316650390625,842.8815307617188
2014-01-22,257.3070373535156,150.7097625732422,458.8464050292969,174.46456909179688,336.0625305175781,137.34442138671875,556.2938842773438,184.01873779296875,142.09170532226562,840.5713500976562
2014-01-23,261.3774719238281,151.24395751953125,459.3730163574219,173.10154724121094,338.43634033203125,138.01571655273438,571.8788452148438,182.6160888671875,143.07962036132812,832.5872192382812
2014-01-24,260.13140869140625,149.88619995117188,458.3197326660156,169.69384765625,335.3710021972656,136.0437469482422,557.152099609375,183.00631713867188,139.8786163330078,831.2010498046875
2014-01-27,254.9396209716797,144.49974060058594,465.97467041015625,161.93240356445312,333.0552978515625,136.02276611328125,542.6468505859375,177.8387451171875,137.5749053955078,825.6095581054688
2014-01-28,254.19195556640625,143.44247436523438,461.4790344238281,163.35157775878906,327.959716796875,137.0507354736328,544.5015258789062,178.19728088378906,137.73020935058594,819.2222900390625
2014-01-29,250.7861328125,143.66506958007812,461.39801025390625,160.58538818359375,331.770263671875,136.35842895507812,549.8441162109375,176.45718383789062,135.77593994140625,818.2780151367188
2014-01-30,256.3933410644531,140.62681579589844,462.04595947265625,156.27964782714844,330.5610656738281,136.1906280517578,542.812744140625,174.01048278808594,130.85362243652344,821.1661987304688
2014-01-31,261.668212890625,139.8922882080078,461.8030700683594,158.38841247558594,330.27996826171875,136.400390625,545.8302001953125,175.30763244628906,131.47915649414062,829.8494873046875
2014-02-03,254.0674285888672,139.44711303710938,461.51947021484375,154.50767517089844,323.85919189453125,134.386474609375,542.17626953125,173.14572143554688,128.41619873046875,812.5938720703125
2014-02-04,262.70654296875,140.3596954345703,461.9244689941406,155.33352661132812,317.78656005859375,136.31649780273438,544.2246704101562,173.2828369140625,130.7500762939453,796.6340942382812
2014-02-05,261.0867004394531,141.88441467285156,461.7218933105469,154.94866943359375,319.5846862792969,133.82009887695312,545.5533447265625,172.3758544921875,131.2936553955078,812.5753173828125
2014-02-06,261.75128173828125,144.01004028320312,475.128173828125,153.6337127685547,318.0185546875,136.16964721679688,539.9339599609375,172.08056640625,129.83984375,805.4840698242188
2014-02-07,262.12506103515625,144.177001953125,467.918701171875,154.01858520507812,318.2729187011719,135.7081298828125,544.8612060546875,171.7852783203125,131.80270385742188,794.0606079101562
2014-02-10,255.0226593017578,143.32005310058594,456.8617858886719,154.0346221923828,318.9198913574219,136.35842895507812,551.3666381835938,173.36717224121094,130.63790893554688,775.2308349609375
2014-02-11,253.0290069580078,143.5203857421875,455.6063232421875,155.3656005859375,320.9233093261719,136.400390625,550.120849609375,169.8447723388672,131.12110900878906,778.2489624023438
2014-02-12,255.81182861328125,143.66506958007812,461.2764892578125,160.23255920410156,321.26690673828125,134.4913787841797,559.4495849609375,172.512939453125,132.2255096435547,779.637451171875
2014-02-13,251.6168212890625,140.78260803222656,451.39398193359375,157.7309112548828,319.9907531738281,132.95999145507812,546.4114990234375,170.2982940673828,129.46881103515625,790.116943359375
2014-02-14,253.6935577392578,142.8526153564453,453.8241882324219,158.50869750976562,325.2112731933594,134.1767120361328,549.6224365234375,173.38827514648438,127.27297973632812,802.76220703125
2014-02-17,253.07054138183594,144.76686096191406,453.8241882324219,161.828125,326.4471130371094,134.30258178710938,552.6952514648438,171.33177185058594,127.14353942871094,801.836669921875
2014-02-18,251.0768585205078,146.9926300048828,455.44415283203125,166.42250061035156,328.57550048828125,132.95999145507812,563.2696533203125,171.5110626220703,129.50331115722656,802.0590209960938
2014-02-19,251.32608032226562,149.1405792236328,452.5684814453125,165.3159942626953,334.94708251953125,132.85508728027344,570.9652709960938,171.32125854492188,130.11593627929688,813.8899536132812
2014-02-20,246.6326904296875,147.5157012939453,448.8017883300781,161.61965942382812,331.1856994628906,130.84115600585938,572.820068359375,169.88699340820312,127.74751281738281,810.705078125
2014-02-21,239.3641357421875,147.88296508789062,449.8548583984375,164.41798400878906,334.7062072753906,133.25364685058594,584.1694946289062,171.16307067871094,129.60255432128906,816.7594604492188
2014-02-24,234.9198760986328,149.3520050048828,449.49041748046875,166.16590881347656,334.6347351074219,134.2816162109375,600.5017700195312,171.34234619140625,130.3273162841797,806.4653930664062
2014-02-25,238.4918670654297,149.37425231933594,449.1258544921875,165.34808349609375,337.57965087890625,135.0787811279297,602.3011474609375,170.96267700195312,129.9390411376953,810.53857421875
2014-02-26,239.40567016601562,150.7765350341797,449.3689880371094,166.2060089111328,339.7749328613281,137.93182373046875,607.1454467773438,170.9943389892578,131.1814727783203,808.0390625
2014-02-28,238.9072723388672,149.0404052734375,444.9136047363281,167.3926544189453,341.3232421875,137.4702911376953,614.3427124023438,168.7269287109375,132.29022216796875,842.6985473632812
2014-03-03,238.11807250976562,148.28359985351562,440.0130310058594,165.13958740234375,338.949462890625,138.12060546875,607.6437377929688,169.45460510253906,131.00462341308594,829.4793090820312
2014-03-04,238.69956970214844,149.5078125,449.49041748046875,171.44178771972656,339.06536865234375,139.14854431152344,618.245849609375,171.46890258789062,133.76560974121094,829.701416015625
2014-03-05,234.87840270996094,149.07379150390625,446.4932556152344,176.30072021484375,341.0420837402344,139.84083557128906,621.9276123046875,170.2139129638672,136.03048706054688,833.8670654296875
2014-03-06,237.4535675048828,150.37586975097656,444.75164794921875,181.84121704101562,341.9523010253906,140.3652801513672,632.5296630859375,173.4726104736328,136.0994873046875,829.7384643554688
2014-03-07,250.7861328125,158.3554229736328,445.84527587890625,192.73770141601562,333.77801513671875,141.875732421875,663.6162719726562,183.3754119873047,142.3332977294922,825.2024536132812
2014-03-10,253.48590087890625,163.47479248046875,451.353515625,191.4066925048828,327.6474304199219,140.80581665039062,684.7928466796875,186.76072692871094,146.000244140625,793.4125366210938
2014-03-11,251.74143981933594,161.40478515625,453.905029296875,192.13636779785156,327.9820556640625,140.13450622558594,681.0004272460938,184.50384521484375,145.79566955566406,796.7454223632812
2014-03-12,249.33241271972656,161.4938201904297,453.8241882324219,194.30125427246094,327.6206359863281,143.07144165039062,674.467529296875,183.78671264648438,143.21018981933594,807.0396118164062
2014-03-13,249.9554901123047,165.23316955566406,455.1201477050781,195.6402130126953,299.6265563964844,144.07843017578125,678.3154296875,185.51626586914062,143.819580078125,795.9674072265625
2014-03-14,245.05435180664062,162.96286010742188,448.47784423828125,194.83843994140625,302.8882141113281,145.67276000976562,694.7860107421875,186.90835571289062,143.99801635742188,792.2646484375
2014-03-18,245.13746643066406,163.37461853027344,450.42193603515625,193.1546630859375,298.99749755859375,149.32298278808594,686.8136596679688,189.08082580566406,148.1025848388672,785.7659301757812
2014-03-19,248.9585723876953,164.36512756347656,454.9176025390625,194.0286102294922,291.9654541015625,150.91732788085938,689.8309936523438,190.46240234375,148.7598114013672,755.1797485351562
2014-03-20,245.4697265625,162.52882385253906,463.7875061035156,192.55328369140625,294.7586364746094,149.28103637695312,674.9105834960938,191.0951385498047,146.06991577148438,780.6557006835938
2014-03-21,242.93609619140625,163.34121704101562,463.0990295410156,192.36090087890625,294.99066162109375,150.07818603515625,673.5541381835938,186.83456420898438,148.1765594482422,787.6173706054688
2014-03-24,244.18212890625,167.0806121826172,471.7260437011719,199.2002410888672,292.3268737792969,151.31594848632812,681.1665649414062,190.9686279296875,150.2179412841797,797.0969848632812
2014-03-25,244.92979431152344,166.96932983398438,480.15045166015625,200.86000061035156,290.4171142578125,152.21795654296875,691.1873779296875,185.4635467529297,151.7674560546875,794.893798828125
2014-03-26,248.00328063964844,166.05673217773438,479.1783447265625,201.493408203125,289.9263916015625,150.6446075439453,706.3295288085938,187.97354125976562,153.86544799804688,775.21240234375
2014-03-27,258.0962219238281,166.2125244140625,485.8611755371094,201.89430236816406,288.3335266113281,151.00125122070312,710.6478271484375,189.98785400390625,159.91558837890625,775.4902954101562
2014-03-28,263.661865234375,165.8118896484375,485.8611755371094,201.9263458251953,291.14892578125,150.39288330078125,713.1668090820312,193.2360382080078,165.5696563720703,778.3970336914062
2014-03-31,263.95257568359375,166.6688232421875,490.51873779296875,199.6572723388672,292.9515686035156,148.04331970214844,704.1702270507812,196.3154754638672,166.9407501220703,789.8946533203125
2014-04-01,261.9589538574219,164.28720092773438,487.4407043457031,196.27362060546875,295.7314147949219,147.66571044921875,708.128662109375,198.8148956298828,164.84710693359375,806.021240234375
2014-04-02,270.6812438964844,162.90719604492188,481.6488342285156,199.33656311035156,296.45416259765625,144.47702026367188,719.9765625,202.1052703857422,168.43804931640625,804.3732299804688
2014-04-03,266.40313720703125,162.21719360351562,491.12640380859375,197.84518432617188,297.8908996582031,145.1273193359375,714.246337890625,200.93467712402344,165.069091796875,802.243896484375
2014-04-04,262.66510009765625,161.47154235839844,490.31640625,197.31600952148438,295.9187927246094,144.64483642578125,707.0492553710938,199.16290283203125,165.6436309814453,792.0054321289062
2014-04-07,263.70343017578125,161.44931030273438,489.9112548828125,193.90032958984375,293.8974914550781,144.93853759765625,711.0629272460938,199.14181518554688,167.34988403320312,797.5413208007812
2014-04-09,265.90478515625,165.1219024658203,493.39447021484375,202.0226287841797,290.4305725097656,145.98741149902344,718.6478881835938,202.9384307861328,172.7993621826172,792.5792846679688
2014-04-10,265.6140441894531,164.57656860351562,500.5230712890625,200.026123046875,285.6697692871094,144.2672119140625,727.61669921875,204.39378356933594,176.54698181152344,787.3027954101562
2014-04-11,267.69073486328125,164.29833984375,493.6376037597656,198.2140350341797,288.69927978515625,144.12037658691406,718.8969116210938,201.16668701171875,173.5959014892578,801.3556518554688
2014-04-15,270.18280029296875,161.13768005371094,495.8652648925781,195.55203247070312,290.8990478515625,143.0504608154297,718.5370483398438,200.18589782714844,170.97560119628906,834.1820068359375
2014-04-16,268.8951721191406,161.58285522460938,492.13897705078125,196.0491485595703,281.7522277832031,145.1902618408203,697.5265502929688,198.54071044921875,170.57083129882812,813.27880859375
2014-04-17,270.4320068359375,159.96914672851562,493.6780700683594,202.51171875,284.8531799316406,148.21115112304688,702.537109375,202.2950897216797,175.6111602783203,823.1285400390625
2014-04-21,278.1159362792969,159.4683380126953,485.2941589355469,205.58261108398438,284.04107666015625,148.27406311035156,732.2119750976562,202.40057373046875,180.38165283203125,822.7027587890625
2014-04-22,278.48974609375,161.93896484375,483.14764404296875,206.84945678710938,281.15875244140625,147.16220092773438,745.4992065429688,204.11956787109375,178.33155822753906,822.44384765625
2014-04-23,281.4386901855469,163.15203857421875,482.3780822753906,208.39694213867188,283.1219177246094,148.1901397705078,761.9974975585938,203.9930419921875,179.78099060058594,819.7403564453125
2014-04-24,281.4386901855469,163.15203857421875,482.3780822753906,208.39694213867188,283.1219177246094,148.1901397705078,761.9974975585938,203.9930419921875,179.78099060058594,819.7403564453125
2014-04-25,283.84765625,161.68301391601562,470.551513671875,203.7384796142578,283.3852233886719,144.09942626953125,747.3538818359375,200.00662231445312,181.5264129638672,816.5928344726562
2014-04-28,280.4833984375,161.41590881347656,470.6324768066406,204.54025268554688,283.60382080078125,143.49102783203125,735.5059814453125,199.3211212158203,183.35015869140625,811.44580078125
2014-04-29,278.28204345703125,159.32362365722656,455.6063232421875,202.50369262695312,283.57696533203125,142.7777557373047,731.5752563476562,198.3297882080078,179.83323669433594,812.5194702148438
2014-04-30,272.50872802734375,160.54783630371094,459.69683837890625,199.3926544189453,283.8492736816406,142.96656799316406,716.4609375,197.38063049316406,180.94747924804688,810.6499633789062
2014-05-02,270.4736022949219,159.61297607421875,455.3632507324219,200.83590698242188,287.3205871582031,142.75680541992188,699.54736328125,195.7565460205078,178.3011016845703,817.77783203125
2014-05-05,266.0709228515625,159.5240020751953,451.3131103515625,200.84396362304688,283.5011901855469,144.6238555908203,710.8414916992188,199.71128845214844,177.98336791992188,819.7219848632812
2014-05-06,261.58514404296875,160.30300903320312,448.5182800292969,204.5563201904297,282.4526062011719,145.98741149902344,719.7274169921875,203.19151306152344,178.64932250976562,814.2416381835938
2014-05-07,258.3454284667969,159.27911376953125,448.07293701171875,203.76251220703125,273.7252197265625,145.44198608398438,717.2913818359375,202.6642303466797,180.70375061035156,801.89208984375
2014-05-08,255.85333251953125,159.880126953125,447.38433837890625,206.7051239013672,273.5422668457031,143.55397033691406,719.2568359375,202.54823303222656,182.0922393798828,800.59619140625
2014-05-09,257.0578308105469,168.44947814941406,450.6245422363281,221.073486328125,277.6605224609375,144.98046875,743.36767578125,210.41561889648438,189.18702697753906,799.7998657226562
2014-05-12,263.7864685058594,176.31773376464844,462.9371032714844,224.29673767089844,283.340576171875,150.6865692138672,768.0321655273438,216.9752655029297,195.2328338623047,799.5963745117188
2014-05-13,265.1571044921875,175.4274139404297,467.8782958984375,224.63345336914062,291.3853759765625,151.39981079101562,780.2399291992188,224.29428100585938,198.140380859375,818.70361328125
2014-05-14,268.4798889160156,172.60064697265625,467.7972717285156,226.01260375976562,290.390380859375,153.41372680664062,772.0460815429688,220.5187530517578,198.70187377929688,820.610595703125
2014-05-15,266.98468017578125,175.47190856933594,477.0722961425781,223.7194061279297,292.0279235839844,154.46266174316406,763.1325073242188,222.18502807617188,198.41458129882812,812.1123657226562
2014-05-16,274.75164794921875,179.1111297607422,470.389404296875,234.97677612304688,283.5592346191406,149.76348876953125,790.4267578125,229.88348388671875,210.42352294921875,800.1149291992188
2014-05-19,280.94024658203125,180.7136993408203,450.21954345703125,235.47384643554688,269.0579833984375,141.85475158691406,844.0465698242188,238.5740509033203,223.55972290039062,754.1797485351562
2014-05-20,288.707275390625,181.63743591308594,455.727783203125,232.5072479248047,278.6199645996094,143.00852966308594,835.6311645507812,230.0113067626953,219.95140075683594,765.843994140625
2014-05-21,281.85406494140625,180.1795196533203,454.7152404785156,231.0078125,281.73431396484375,143.3441619873047,817.1951293945312,229.7024688720703,214.08840942382812,771.2689819335938
2014-05-22,276.2884826660156,178.64369201660156,455.9707946777344,232.7637939453125,277.879150390625,145.08534240722656,819.7418212890625,234.4737091064453,218.64561462402344,782.0445556640625
2014-05-23,285.4675598144531,175.7612762451172,454.8367614746094,234.25515747070312,273.9214782714844,143.9525146484375,838.20556640625,240.15025329589844,239.69931030273438,787.9506225585938
2014-05-26,282.02020263671875,177.43064880371094,453.5001525878906,233.2528533935547,276.1793212890625,144.60287475585938,857.167724609375,234.6654052734375,235.20738220214844,797.6154174804688
2014-05-27,279.0296325683594,179.15562438964844,453.7432556152344,232.05824279785156,279.6773681640625,144.2462615966797,867.0223388671875,231.7366485595703,228.89169311523438,789.2650756835938
2014-05-28,283.7646484375,183.28453063964844,455.1607360839844,233.51748657226562,283.17987060546875,143.84765625,873.1400756835938,231.93896484375,227.22463989257812,796.3381958007812
2014-05-29,280.40032958984375,180.34645080566406,450.7460632324219,230.4305419921875,264.56243896484375,143.70082092285156,857.9428100585938,228.6693878173828,227.77186584472656,799.8185424804688
2014-05-30,285.8414001464844,176.4512939453125,488.73675537109375,227.39967346191406,265.9103698730469,143.38612365722656,855.6450805664062,226.7843475341797,222.5885772705078,792.93115234375
2014-06-02,300.3785095214844,182.383056640625,486.8331298828125,234.8003692626953,270.7727966308594,141.24636840820312,911.2855224609375,230.5118408203125,231.55865478515625,788.672607421875
2014-06-03,299.2155456542969,183.48483276367188,480.7174072265625,233.8622283935547,272.948486328125,142.5207061767578,915.3547973632812,233.323486328125,231.6024169921875,788.2097778320312
2014-06-04,293.9822082519531,181.78213500976562,490.0329895019531,239.41004943847656,269.9903564453125,141.473388671875,927.1471557617188,229.51075744628906,234.8813934326172,773.6387329101562
2014-06-05,295.0621337890625,180.79441833496094,510.4052429199219,242.18252563476562,275.1150817871094,142.67031860351562,931.1334228515625,232.1519775390625,236.21661376953125,779.156005859375
2014-06-06,295.6435546875,182.99417114257812,518.3840942382812,246.01431274414062,271.6684265136719,143.93138122558594,936.2269897460938,239.07456970214844,239.88519287109375,779.1936645507812
2014-06-09,296.0588684082031,183.93695068359375,512.511474609375,246.9909210205078,270.1666564941406,144.46572875976562,970.0540161132812,239.12782287597656,237.08779907226562,790.24072265625
2014-06-10,300.3370056152344,183.30845642089844,518.627197265625,245.17845153808594,278.1907653808594,144.20925903320312,962.74609375,238.20126342773438,233.4060821533203,806.8207397460938
2014-06-11,295.18670654296875,184.17262268066406,512.9716796875,243.29978942871094,288.8836975097656,142.4779510498047,950.8428955078125,234.75064086914062,236.16842651367188,825.0645141601562
2014-06-12,284.0968933105469,188.5159912109375,516.455078125,241.5618133544922,287.2282409667969,142.81993103027344,953.5834350585938,233.0572509765625,236.51431274414062,836.4296875
2014-06-13,276.86993408203125,187.5171356201172,520.4304809570312,236.4224090576172,288.3092956542969,142.17872619628906,933.4033203125,230.44798278808594,228.3365936279297,827.5320434570312
2014-06-16,276.3299560546875,188.32522583007812,520.2662353515625,234.03883361816406,293.4793395996094,143.71762084960938,913.7770385742188,226.94406127929688,225.95069885253906,848.542236328125
2014-06-17,280.98187255859375,190.01991271972656,516.6600341796875,239.9231719970703,293.7235107421875,143.65353393554688,932.6282958984375,232.18392944335938,232.31163024902344,852.3184204101562
2014-06-18,282.6431579589844,187.3936767578125,507.23419189453125,235.28854370117188,293.14910888671875,142.3283233642578,925.3203125,227.22097778320312,231.28286743164062,832.5789794921875
2014-06-19,280.89874267578125,185.35107421875,512.8898315429688,233.67474365234375,299.6081848144531,143.73902893066406,917.2096557617188,221.97044372558594,228.1220703125,850.89794921875
2014-06-20,281.39715576171875,184.49810791015625,511.7011413574219,231.20846557617188,300.0334167480469,143.50387573242188,912.3653564453125,220.77760314941406,226.1652374267578,857.0099487304688
2014-06-23,283.7231750488281,184.38587951660156,506.2505798339844,234.08023071289062,292.42987060546875,134.6337127685547,917.4588012695312,221.08648681640625,227.6623992919922,848.2058715820312
2014-06-24,283.2246398925781,186.08056640625,505.1031188964844,238.23483276367188,289.82904052734375,137.00628662109375,924.8221435546875,225.75125122070312,233.17840576171875,863.2347412109375
2014-06-25,279.94342041015625,184.98068237304688,512.5208740234375,235.12306213378906,290.5030212402344,135.10397338867188,913.5277709960938,223.8661651611328,235.69129943847656,863.79541015625
2014-06-26,281.1479797363281,182.35447692871094,507.0703430175781,232.16847229003906,287.90216064453125,135.1894989013672,926.538330078125,215.5377655029297,232.2459716796875,862.7113647460938
2014-06-27,275.5407409667969,183.20742797851562,505.2261047363281,229.18911743164062,291.60211181640625,136.68563842773438,923.077880859375,215.58035278320312,231.05520629882812,897.0679321289062
2014-06-30,279.8603820800781,184.4083251953125,508.4636535644531,234.73406982421875,294.5105285644531,138.95123291015625,942.1231689453125,216.2832794189453,235.1965789794922,906.7322998046875
2014-07-01,278.69744873046875,184.80113220214844,515.4306030273438,238.02793884277344,291.38958740234375,139.015380859375,955.7703247070312,214.70704650878906,234.6668701171875,893.7783203125
2014-07-02,280.89874267578125,188.5272216796875,517.3157348632812,240.3369598388672,290.86944580078125,140.78939819335938,971.050537109375,216.8903045654297,236.59747314453125,897.8342895507812
2014-07-03,279.9019470214844,187.8313751220703,511.5373229980469,240.67630004882812,290.4533386230469,141.64437866210938,970.1649169921875,214.38754272460938,236.06776428222656,903.927978515625
2014-07-04,281.8125,192.28700256347656,512.39794921875,242.1328125,293.64215087890625,142.5207061767578,964.8221435546875,219.8084716796875,236.23411560058594,901.1611938476562
2014-07-07,286.1321716308594,188.6506805419922,514.406005859375,240.22935485839844,302.643310546875,143.1191864013672,968.50390625,218.7967071533203,235.0608673095703,930.3407592773438
2014-07-08,282.8924255371094,186.13668823242188,514.2011108398438,233.58364868164062,302.3447265625,143.54666137695312,925.9845581054688,211.94863891601562,225.47352600097656,915.7227783203125
2014-07-09,283.6816101074219,186.37237548828125,516.250244140625,232.2346954345703,299.4680480957031,145.98326110839844,914.41357421875,213.20538330078125,226.09078979492188,896.5443115234375
2014-07-10,277.492919921875,184.81234741210938,517.8893432617188,229.90908813476562,297.87139892578125,146.26113891601562,916.1298217773438,212.40658569335938,222.89064025878906,879.2166748046875
2014-07-11,278.69744873046875,182.2198028564453,526.0858764648438,224.54620361328125,300.9426574707031,147.86416625976562,871.6175537109375,205.86740112304688,212.3445281982422,895.1611328125
2014-07-14,275.87310791015625,183.488037109375,510.5947265625,222.50204467773438,291.76947021484375,147.45803833007812,884.406494140625,204.85565185546875,211.10125732421875,907.049560546875
2014-07-15,277.9082336425781,185.58673095703125,507.2751770019531,230.8360137939453,291.80572509765625,146.34661865234375,904.4482421875,207.08152770996094,220.43031311035156,896.974365234375
2014-07-16,279.27886962890625,187.59568786621094,509.2424011230469,241.80186462402344,292.1631164550781,147.13746643066406,918.5105590820312,210.80911254882812,225.32907104492188,897.9276733398438
2014-07-17,279.6111145019531,186.7090606689453,513.79150390625,240.105224609375,293.04058837890625,147.15879821777344,923.9915771484375,209.2754669189453,227.8419189453125,890.4881591796875
2014-07-18,279.32037353515625,186.85499572753906,510.22601318359375,245.04603576660156,294.1486511230469,147.0947265625,933.7079467773438,208.05068969726562,224.36155700683594,912.6384887695312
2014-07-21,280.1095886230469,185.73265075683594,514.364990234375,245.4019012451172,289.5485534667969,149.5526885986328,924.7113647460938,212.50247192382812,220.92063903808594,921.069091796875
2014-07-22,294.1898498535156,188.5159912109375,519.3239135742188,245.509521484375,292.533935546875,150.8564910888672,916.24072265625,219.59547424316406,221.00816345214844,946.7337036132812
2014-07-23,294.3560485839844,187.7191925048828,519.7337646484375,249.27508544921875,303.0051574707031,151.17710876464844,915.4657592773438,220.08535766601562,222.42221069335938,966.827880859375
2014-07-24,294.5635681152344,189.05471801757812,526.9466552734375,249.34130859375,305.972412109375,152.37405395507812,920.9464111328125,221.7467803955078,223.88877868652344,970.2116088867188
2014-07-25,294.72979736328125,187.53958129882812,544.0360717773438,244.2515411376953,303.25396728515625,152.73739624023438,917.9293823242188,217.65711975097656,218.93748474121094,974.1554565429688
2014-07-28,294.023681640625,186.20401000976562,562.9287109375,240.17140197753906,304.9637756347656,152.69464111328125,908.5728149414062,214.19581604003906,217.983154296875,985.016357421875
2014-07-30,309.9729919433594,188.28033447265625,569.3628540039062,246.3701934814453,305.0632019042969,153.57098388671875,843.7972412109375,214.31298828125,216.2188720703125,987.2039794921875
2014-07-31,309.7652893066406,187.20289611816406,562.7647094726562,243.5232696533203,304.6516418457031,152.2030487060547,832.060302734375,214.3768768310547,213.57034301757812,981.4973754882812
2014-08-01,315.7048034667969,183.03909301757812,568.4613647460938,244.2515411376953,302.2679748535156,149.42445373535156,813.1259155273438,207.95481872558594,213.3908233642578,957.28369140625
2014-08-04,313.0881652832031,182.4891357421875,573.4612426757812,246.85845947265625,313.5080871582031,151.54046630859375,827.1050415039062,209.8079833984375,215.50967407226562,960.9547119140625
2014-08-05,311.30206298828125,184.10528564453125,577.7232666015625,246.05572509765625,317.80059814453125,152.1816864013672,824.946044921875,209.56300354003906,216.6041259765625,960.0610961914062
2014-08-06,305.4042053222656,181.81573486328125,580.18212890625,239.5259552001953,323.4862060546875,147.92828369140625,821.2090454101562,210.4789581298828,212.4320831298828,953.5748901367188
2014-08-07,303.86737060546875,182.1524200439453,575.3463745117188,239.15347290039062,317.2895202636719,148.01377868652344,820.4338989257812,210.723876953125,213.2945098876953,939.5560302734375
2014-08-08,310.6790771484375,178.70692443847656,575.4281616210938,237.8789520263672,315.054931640625,148.99696350097656,798.7866821289062,208.84942626953125,211.7053985595703,942.942138671875
2014-08-11,312.7142639160156,177.9886474609375,572.0677490234375,238.4996795654297,323.2737121582031,148.6336212158203,809.831787109375,208.84942626953125,211.39895629882812,939.023681640625
2014-08-12,307.3147888183594,181.18727111816406,574.48583984375,242.2073211669922,323.572265625,148.35577392578125,824.4200439453125,209.68017578125,212.68600463867188,940.2981567382812
2014-08-13,306.1933898925781,182.35447692871094,589.0751342773438,240.37005615234375,326.4308166503906,152.73739624023438,812.5415649414062,210.9049530029297,207.41517639160156,951.0643920898438
2014-08-14,303.3690185546875,185.56427001953125,585.6737670898438,244.91363525390625,326.8063049316406,152.54502868652344,829.5906982421875,213.63137817382812,206.8504180908203,950.9501342773438
2014-08-18,312.5896911621094,186.83248901367188,594.074951171875,253.3634796142578,322.0343017578125,149.89468383789062,847.4222412109375,215.78273010253906,211.98995971679688,946.3279418945312
2014-08-19,313.2957763671875,184.92459106445312,589.7719116210938,255.38284301757812,320.94879150390625,149.0183563232422,856.7294311523438,214.98390197753906,213.83299255371094,927.6493530273438
2014-08-20,311.1360168457031,184.18382263183594,583.4608154296875,255.35797119140625,321.5593566894531,147.45803833007812,848.4843139648438,212.65158081054688,211.42523193359375,926.7744750976562
2014-08-21,311.11920166015625,186.8662109375,582.231201171875,255.7221221923828,321.05279541015625,147.97103881835938,857.1766357421875,211.9592742919922,216.04815673828125,925.3477172851562
2014-08-22,306.08905029296875,190.0648193359375,577.1905517578125,254.82835388183594,325.7614440917969,146.90235900878906,860.837890625,212.6409149169922,221.0519561767578,937.426025390625
2014-08-25,309.44244384765625,189.32406616210938,587.4359130859375,250.64889526367188,328.1858825683594,149.31759643554688,853.8226928710938,212.10838317871094,219.4278106689453,959.4329833984375
2014-08-26,309.86163330078125,189.11082458496094,596.1651611328125,249.6144561767578,327.8556213378906,150.66415405273438,841.9442749023438,211.58653259277344,218.53912353515625,963.9029541015625
2014-08-27,309.3586730957031,187.7864990234375,602.3125,254.95252990722656,328.4346008300781,150.62139892578125,840.5187377929688,211.66111755371094,219.3271026611328,970.0468139648438
2014-08-28,310.0292663574219,189.3465118408203,608.541748046875,257.6835632324219,325.5624084472656,151.88246154785156,853.2916259765625,212.7261199951172,215.44839477539062,959.547607421875
2014-09-01,315.0595397949219,188.81903076171875,606.8615112304688,264.5527038574219,325.6392517089844,149.8519287109375,881.7161254882812,216.00636291503906,219.2702178955078,965.177978515625
2014-09-02,328.3057556152344,192.85940551757812,600.5502319335938,263.3609619140625,326.9148254394531,151.6259765625,882.833984375,218.0724639892578,220.81556701660156,965.4629516601562
2014-09-03,339.1207580566406,192.28700256347656,600.6322021484375,261.6560974121094,337.81585693359375,149.14659118652344,893.3709106445312,219.65939331054688,219.3271026611328,991.5213623046875
2014-09-04,339.1207580566406,191.20956420898438,604.1566162109375,260.1416320800781,335.5088806152344,149.78782653808594,888.7592163085938,218.51980590820312,217.6766815185547,983.2853393554688
2014-09-05,336.2702941894531,190.4464111328125,601.4107055664062,256.0697937011719,337.4992370605469,149.95880126953125,901.420166015625,218.46653747558594,220.268310546875,988.554443359375
2014-09-08,338.49200439453125,194.10516357421875,611.287353515625,259.5043029785156,342.103759765625,151.3053436279297,910.8114624023438,221.0332489013672,224.6592559814453,1005.3307495117188
2014-09-09,340.4621276855469,194.29595947265625,616.2872314453125,255.85455322265625,337.9786376953125,153.12213134765625,897.3117065429688,220.0321044921875,224.78619384765625,1000.9747924804688
2014-09-10,341.845458984375,192.43287658691406,613.9920654296875,259.885009765625,331.7591552734375,150.06568908691406,886.0481567382812,216.3791046142578,223.26275634765625,989.1441650390625
2014-09-11,340.42022705078125,191.770751953125,619.31982421875,259.1815490722656,333.2835693359375,150.1298065185547,891.6660766601562,217.13526916503906,227.91632080078125,988.458984375
2014-09-12,347.0852355957031,192.0737762451172,620.877197265625,258.9415588378906,331.99444580078125,152.03207397460938,882.4706420898438,216.32586669921875,230.30661010742188,991.9782104492188
2014-09-15,345.03125,193.1175079345703,618.7052001953125,257.1125793457031,329.4071350097656,150.34353637695312,872.3251342773438,213.58877563476562,229.6805877685547,973.2235107421875
2014-09-16,345.6600646972656,191.01878356933594,619.6478881835938,252.5441436767578,330.3072204589844,150.96337890625,847.2266235351562,208.61514282226562,224.4141082763672,970.389404296875
2014-09-17,347.37872314453125,189.98623657226562,618.541259765625,253.20619201660156,338.43096923828125,151.64735412597656,849.1831665039062,210.58543395996094,224.3484344482422,985.7390747070312
2014-09-18,348.6781921386719,192.62368774414062,614.4430541992188,259.0408020019531,334.4459533691406,153.33587646484375,879.955322265625,214.04673767089844,229.43106079101562,1005.1787109375
2014-09-19,347.8818054199219,193.09506225585938,604.2794799804688,260.2326354980469,334.90283203125,153.63507080078125,856.61767578125,212.03382873535156,224.84312438964844,1032.530517578125
2014-09-22,348.0494079589844,192.33187866210938,607.927001953125,261.33331298828125,330.24847412109375,158.48695373535156,857.0369873046875,211.203125,227.78062438964844,1035.4217529296875
2014-09-23,340.7974853515625,190.5362091064453,608.2136840820312,254.65455627441406,326.31329345703125,158.50831604003906,836.1028442382812,205.72891235351562,223.80996704101562,1022.6400756835938
2014-09-24,337.98895263671875,192.01763916015625,626.2869262695312,250.99652099609375,329.72381591796875,161.24417114257812,818.3551025390625,205.55857849121094,217.69419860839844,1005.4447021484375
2014-09-25,340.5879211425781,190.78309631347656,622.3936767578125,242.53839111328125,333.9032287597656,161.00909423828125,808.908203125,198.06085205078125,208.18124389648438,1030.4005126953125
2014-09-26,339.5819091796875,195.65394592285156,615.9183959960938,244.63226318359375,332.9216613769531,158.89306640625,825.06298828125,198.78506469726562,214.09564208984375,1021.0418701171875
2014-09-29,338.0728454589844,194.18373107910156,611.861083984375,241.412841796875,339.1546936035156,156.49920654296875,820.9263305664062,198.76377868652344,214.48529052734375,1052.9779052734375
2014-09-30,339.7076721191406,195.87844848632812,611.4513549804688,237.2830810546875,339.037109375,158.2518310546875,815.140869140625,201.43692016601562,214.13507080078125,1041.0518798828125
2014-10-01,338.0308837890625,194.8346405029297,603.3780517578125,236.50515747070312,348.0427551269531,155.64425659179688,808.7684936523438,197.4963836669922,212.1781768798828,1055.88818359375
2014-10-07,338.19854736328125,193.5889129638672,603.0911254882812,236.63755798339844,346.5953674316406,155.06715393066406,790.8529663085938,197.2727508544922,207.19187927246094,1039.05517578125
2014-10-08,335.0965881347656,194.74485778808594,602.23046875,239.76593017578125,330.207763671875,156.32818603515625,808.9921264648438,199.51992797851562,211.1187744140625,1020.7377319335938
2014-10-09,339.49798583984375,199.23416137695312,605.7957763671875,246.36195373535156,329.9046936035156,156.24269104003906,831.1558837890625,203.3433380126953,217.09884643554688,1029.43017578125
2014-10-10,328.8926696777344,194.67752075195312,590.4276123046875,241.48733520507812,351.783447265625,150.9419708251953,817.0693359375,204.62132263183594,214.6166229248047,1018.9498901367188
2014-10-13,328.2638244628906,196.80995178222656,590.4685668945312,244.62391662597656,356.6593933105469,149.8519287109375,808.181396484375,204.0355682373047,217.6154022216797,1033.424560546875
2014-10-14,334.00665283203125,194.91322326660156,599.3617553710938,244.64877319335938,354.4658203125,148.33436584472656,804.883544921875,204.74916076660156,220.9512939453125,1026.824462890625
2014-10-15,334.00665283203125,194.91322326660156,599.3617553710938,244.64877319335938,354.4658203125,148.33436584472656,804.883544921875,204.74916076660156,220.9512939453125,1026.824462890625
2014-10-16,325.4134826660156,192.78082275390625,598.8290405273438,241.75213623046875,352.3689880371094,150.66415405273438,795.827880859375,198.3057861328125,215.9474639892578,1018.7974853515625
2014-10-17,331.95263671875,198.7066650390625,595.3045043945312,249.1427001953125,351.1246337890625,151.3053436279297,812.1502685546875,199.77552795410156,220.8068084716797,928.6577758789062
2014-10-20,336.7732849121094,200.6258087158203,603.7058715820312,254.3896942138672,347.54193115234375,150.4717559814453,835.8233032226562,199.16848754882812,224.9700927734375,921.8670654296875
2014-10-21,344.27679443359375,201.0186309814453,614.5252075195312,261.8712463378906,343.9501953125,150.19393920898438,845.1864013671875,197.95436096191406,226.2571563720703,925.7089233398438
2014-10-22,343.27069091796875,200.59217834472656,620.7952880859375,260.03399658203125,346.0560302734375,149.18934631347656,868.5242309570312,201.42633056640625,225.4779052734375,932.727783203125
2014-10-27,347.5464172363281,201.4002227783203,590.5096435546875,260.373291015625,346.69415283203125,149.42445373535156,876.126220703125,200.5103759765625,227.4522705078125,934.7444458007812
2014-10-28,341.8035888671875,200.96253967285156,587.722900390625,265.041015625,345.344970703125,149.68092346191406,881.2409057617188,198.95545959472656,232.61367797851562,942.9041748046875
2014-10-29,339.623779296875,200.1207733154297,593.3784790039062,265.8023986816406,353.84130859375,151.5190887451172,881.6322021484375,202.6936492919922,231.47547912597656,955.2738037109375
2014-10-30,341.6358642578125,201.26556396484375,599.648681640625,267.15966796875,359.77593994140625,151.71144104003906,893.0913696289062,208.58322143554688,230.97201538085938,975.15283203125
2014-10-31,334.4259033203125,204.6774139404297,610.1854858398438,269.24530029296875,369.32061767578125,151.83969116210938,925.3728637695312,213.12017822265625,236.64564514160156,994.0784301757812
2014-11-03,331.7850341796875,204.41928100585938,611.4249267578125,272.3984069824219,372.4794006347656,151.94656372070312,926.6864013671875,213.50357055664062,238.4536590576172,987.4075927734375
2014-11-05,322.395263671875,204.89064025878906,617.9537963867188,276.6440734863281,376.025634765625,153.52822875976562,931.2142333984375,211.1498565673828,243.57130432128906,990.8956298828125
2014-11-07,327.6770324707031,201.89404296875,629.3170776367188,278.853759765625,379.83612060546875,152.03207397460938,924.4503173828125,208.84942626953125,240.12159729003906,980.737060546875
2014-11-10,328.0123596191406,203.06130981445312,637.1678466796875,275.924072265625,379.73577880859375,158.89306640625,905.2213745117188,206.47447204589844,239.85894775390625,979.5169067382812
2014-11-11,322.7725524902344,203.79075622558594,638.2423095703125,278.9944763183594,376.0621032714844,155.64425659179688,915.1715087890625,208.25306701660156,239.93333435058594,983.7291259765625
2014-11-12,324.7008056640625,204.65496826171875,636.3414916992188,282.7021789550781,374.31170654296875,157.95260620117188,901.9234008789062,207.47557067871094,240.4324188232422,987.9412231445312
2014-11-13,327.7189025878906,205.59768676757812,631.67236328125,280.1448059082031,380.9301452636719,157.4610137939453,903.54443359375,206.45314025878906,238.09031677246094,986.6832275390625
2014-11-14,325.5811462402344,208.7738800048828,624.8956909179688,280.1116943359375,382.11981201171875,157.8243865966797,906.47900390625,206.43186950683594,244.0922393798828,993.544921875
2014-11-17,329.6471862792969,206.2711181640625,625.7633666992188,277.057861328125,384.5628967285156,158.2518310546875,903.2369995117188,209.85055541992188,257.4664306640625,998.0621337890625
2014-11-18,334.928955078125,209.2452392578125,621.342041015625,278.2744445800781,381.27197265625,158.2732391357422,919.3079833984375,210.58543395996094,257.9173583984375,985.6923217773438
2014-11-19,336.8152770996094,207.97702026367188,628.24267578125,278.55584716796875,380.451416015625,157.247314453125,927.1336669921875,208.34890747070312,254.8309783935547,981.0794677734375
2014-11-20,333.4618225097656,206.102783203125,629.1105346679688,279.3916931152344,385.2147216796875,158.18772888183594,919.5034790039062,208.9027099609375,260.1280822753906,993.16357421875
2014-11-21,336.6475830078125,209.39112854003906,622.2925415039062,286.4677734375,377.9718933105469,160.7953643798828,931.43798828125,212.51309204101562,267.4827880859375,999.5294189453125
2014-11-24,334.8869934082031,212.1632537841797,619.895751953125,293.5189208984375,389.7271423339844,160.2823486328125,933.4221801757812,209.88250732421875,270.4159240722656,1013.0807495117188
2014-11-25,338.3662109375,214.0375518798828,632.7879028320312,287.5519714355469,392.28887939453125,151.92518615722656,914.9479370117188,211.51199340820312,266.5634460449219,1004.80908203125
2014-11-26,329.77294921875,213.53250122070312,636.1349487304688,283.107666015625,392.0381774902344,155.34500122070312,911.705810546875,210.24462890625,268.139404296875,1001.4927978515625
2014-11-27,323.1079406738281,212.825439453125,652.9112548828125,285.2263488769531,398.0047302246094,154.14808654785156,905.0816650390625,210.58543395996094,267.7891845703125,1011.4036254882812
2014-11-28,320.5090026855469,214.84564208984375,649.64697265625,290.39056396484375,397.4532775878906,155.23814392089844,916.3731689453125,211.21380615234375,281.40411376953125,1007.4771728515625
2014-12-01,316.73626708984375,213.24070739746094,668.2826538085938,291.01129150390625,396.5415954589844,155.8579864501953,906.6749267578125,204.82371520996094,279.8280944824219,1026.517333984375
2014-12-02,322.22760009765625,211.73680114746094,665.92724609375,293.0555114746094,387.73077392578125,156.3709259033203,916.5408935546875,205.0473175048828,279.0401306152344,1012.9283447265625
2014-12-03,317.2392883300781,209.447265625,676.8360595703125,296.96185302734375,387.1655578613281,155.28089904785156,919.0564575195312,206.26148986816406,278.3834228515625,1004.5611572265625
2014-12-04,310.11309814453125,211.31028747558594,681.5053100585938,299.7591247558594,383.209228515625,163.78768920898438,910.7551879882812,204.17404174804688,280.4410095214844,1005.55224609375
2014-12-05,308.3525390625,211.61334228515625,678.19970703125,297.7728576660156,377.4659118652344,167.29298400878906,910.30810546875,203.91842651367188,278.033203125,983.0624389648438
2014-12-08,309.98736572265625,208.11170959472656,677.6622924804688,292.80718994140625,359.20611572265625,170.0502471923828,895.3832397460938,201.20262145996094,273.9619140625,957.8466186523438
2014-12-09,296.90887451171875,208.02191162109375,671.8363037109375,289.99334716796875,358.230712890625,168.5753936767578,871.7939453125,200.1908721923828,268.4021301269531,958.6282348632812
2014-12-10,296.19622802734375,209.06568908691406,659.3160400390625,291.35894775390625,358.03924560546875,168.85328674316406,863.24169921875,198.6359405517578,276.6323547363281,955.97900390625
2014-12-11,287.81256103515625,209.55950927734375,657.8696899414062,287.96575927734375,350.2539978027344,169.5371856689453,859.7759399414062,193.01268005371094,274.96875,949.9754028320312
2014-12-12,291.7109375,209.08811950683594,659.274658203125,286.60009765625,353.46295166015625,169.15252685546875,844.5995483398438,187.9432373046875,272.60479736328125,934.1749267578125
2014-12-15,293.3876647949219,211.33274841308594,652.95263671875,285.731201171875,350.9377746582031,167.80596923828125,839.1494140625,187.18704223632812,271.904296875,899.0865478515625
2014-12-16,293.47149658203125,207.79745483398438,633.5732421875,273.6894836425781,353.3443603515625,162.69761657714844,829.17138671875,184.1624298095703,258.8147277832031,931.2587890625
2014-12-17,286.7645568847656,206.9220428466797,633.3250732421875,275.0550231933594,353.4355773925781,158.93582153320312,820.8705444335938,185.2061004638672,264.19940185546875,931.6587524414062
2014-12-18,291.9205322265625,209.66049194335938,632.9945678710938,286.1449279785156,358.4313049316406,160.2396240234375,842.0560913085938,187.4639434814453,268.8836364746094,937.9866333007812
2014-12-19,287.64483642578125,211.321533203125,624.0693969726562,294.6279296875,364.4023742675781,157.65338134765625,858.126953125,191.81985473632812,266.30078125,956.9891357421875
2014-12-22,292.423583984375,216.31585693359375,634.564697265625,297.2762756347656,364.57562255859375,159.91900634765625,852.0059814453125,192.74642944335938,269.4090270996094,958.0753173828125
2014-12-23,297.7890930175781,215.4292449951172,633.1185302734375,292.1451110839844,359.4796447753906,160.1541290283203,837.2487182617188,190.37142944335938,268.97125244140625,959.3333740234375
2014-12-24,296.02850341796875,212.1744842529297,625.5980834960938,292.22784423828125,351.986083984375,158.7648162841797,826.096923828125,188.3266143798828,267.7016906738281,945.305908203125
2014-12-26,297.0346374511719,212.9376678466797,620.1024169921875,290.44854736328125,355.9425354003906,157.29000854492188,833.0004272460938,189.3277587890625,269.3652648925781,954.8735961914062
2014-12-29,294.4356384277344,213.62232971191406,627.126953125,288.9588623046875,356.9544372558594,158.10223388671875,833.0563354492188,191.06369018554688,269.2776184082031,961.6966552734375
2014-12-30,293.2200012207031,214.68850708007812,627.6640625,289.86920166015625,358.5133361816406,157.4396514892578,837.5003662109375,187.474609375,271.20391845703125,964.4223022460938
2014-12-31,295.69317626953125,213.59983825683594,628.1599731445312,292.22784423828125,359.64373779296875,157.61062622070312,835.4879150390625,189.81765747070312,273.0425720214844,975.17138671875
2015-01-01,304.24456787109375,213.70086669921875,626.7964477539062,291.5658264160156,359.98101806640625,156.94802856445312,840.1276245117188,189.12538146972656,274.925048828125,970.3306274414062
2015-01-02,306.0470886230469,216.6750030517578,624.73046875,299.8418884277344,367.05511474609375,157.4396514892578,857.847412109375,188.62481689453125,276.0194396972656,983.2526245117188
2015-01-05,299.2561950683594,214.84564208984375,628.3252563476562,300.4625549316406,363.9009704589844,158.0594940185547,869.7817993164062,186.55868530273438,273.83056640625,968.310302734375
2015-01-06,296.90887451171875,211.50112915039062,640.2256469726562,287.7174377441406,356.298095703125,153.99844360351562,840.7705078125,178.09181213378906,262.5796203613281,932.6119384765625
2015-01-07,297.62139892578125,212.11837768554688,662.704345703125,279.93792724609375,358.0028076171875,151.13436889648438,838.758056640625,181.968505859375,262.79852294921875,921.5955810546875
2015-01-08,302.7774658203125,216.57398986816406,675.2245483398438,287.5519714355469,359.8078308105469,154.9175262451172,844.096435546875,179.3591766357422,266.9136657714844,931.54443359375
2015-01-09,298.2920837402344,218.9982452392578,714.5206298828125,282.91729736328125,378.2225646972656,152.56639099121094,838.6183471679688,183.2465057373047,265.4689636230469,957.6559448242188
2015-01-12,292.5492858886719,217.0677947998047,740.9659423828125,286.80706787109375,385.7890625,152.97251892089844,857.5958862304688,181.11647033691406,268.8836364746094,956.6651611328125
2015-01-13,290.3276062011719,216.2373046875,731.0076293945312,282.131103515625,380.857177734375,153.93431091308594,849.3787231445312,179.59349060058594,267.132568359375,952.1669921875
2015-01-14,289.908447265625,216.3607177734375,763.6513061523438,278.8206787109375,388.1044921875,148.67636108398438,848.5402221679688,177.84686279296875,266.78228759765625,961.3341674804688
2015-01-15,292.88458251953125,222.9263458251953,761.5851440429688,292.0210266113281,389.12554931640625,152.993896484375,879.6756591796875,184.08786010742188,280.4410095214844,967.8717651367188
2015-01-16,287.4352722167969,224.76690673828125,777.7001953125,292.8486022949219,386.2175598144531,153.93431091308594,889.7655029296875,185.2487335205078,276.1946105957031,965.2229614257812
2015-01-19,293.8069152832031,225.48521423339844,737.619140625,298.6004638671875,383.33673095703125,153.37863159179688,902.677978515625,187.36813354492188,274.1808166503906,957.16064453125
2015-01-20,297.53765869140625,229.16641235351562,740.0155029296875,304.352294921875,387.2931823730469,158.6365966796875,910.895263671875,192.35238647460938,278.55859375,953.1384887695312
2015-01-21,309.3586730957031,228.9419708251953,778.4440307617188,304.9316711425781,395.6254577636719,150.77101135253906,924.8697509765625,193.14047241210938,285.6068420410156,958.2279663085938
2015-01-22,310.197021484375,229.23374938964844,780.6753540039062,306.0489807128906,400.46612548828125,149.89468383789062,929.7609252929688,188.24142456054688,284.24969482421875,958.1323852539062
2015-01-23,322.01800537109375,234.07098388671875,797.740966796875,306.7938232421875,403.8573913574219,149.3817138671875,956.59228515625,188.91236877441406,286.70123291015625,954.3397827148438
2015-01-27,330.48553466796875,241.08546447753906,778.4440307617188,317.3871154785156,389.53582763671875,153.9556884765625,973.7530517578125,189.37033081054688,288.9776916503906,955.6572875976562
2015-01-28,313.21514892578125,237.56137084960938,771.7499389648438,317.8423156738281,391.0035400390625,154.874755859375,949.3532104492188,193.16175842285156,292.9615173339844,969.9996948242188
2015-01-29,315.0595397949219,245.7879638671875,778.15478515625,314.73876953125,391.1767578125,158.2518310546875,963.6356201171875,197.96499633789062,286.3072204589844,971.9282836914062
2015-01-30,313.2989807128906,241.82615661621094,770.6757202148438,298.5177307128906,390.5204162597656,157.54649353027344,950.5830688476562,194.9510040283203,270.50347900390625,948.0185546875
2015-02-02,301.2264099121094,242.78012084960938,750.3870239257812,291.19342041015625,389.5995788574219,154.16946411132812,969.8958740234375,193.41737365722656,269.2338562011719,960.2981567382812
2015-02-03,311.4964904785156,238.85206604003906,752.7424926757812,286.84844970703125,386.69146728515625,156.4778289794922,962.8529052734375,199.71163940429688,262.92987060546875,977.1229248046875
2015-02-04,309.31671142578125,239.66006469726562,743.6931762695312,285.23455810546875,390.6934814453125,157.14044189453125,943.7914428710938,197.83721923828125,256.5820617675781,960.336181640625
2015-02-05,305.7536315917969,241.6353759765625,751.2548828125,277.7447814941406,399.98297119140625,157.69615173339844,940.4376220703125,196.75088500976562,254.61209106445312,974.8885498046875
2015-02-06,308.7298889160156,236.47271728515625,748.5277709960938,272.572265625,406.6743469238281,159.66253662109375,941.08056640625,193.81146240234375,254.17430114746094,983.8067626953125
2015-02-09,298.5436706542969,233.46485900878906,743.8998413085938,264.87548828125,410.02899169921875,157.26866149902344,878.97705078125,190.9998016357422,244.71827697753906,959.801513671875
2015-02-10,298.5855712890625,236.68594360351562,733.6521606445312,273.9791259765625,415.3892822265625,158.1236114501953,878.5578002929688,187.86866760253906,251.54763793945312,932.3966064453125
2015-02-11,298.5436706542969,237.57261657714844,744.0236206054688,276.9999084472656,416.58367919921875,158.65792846679688,901.4761962890625,191.85182189941406,250.36561584472656,939.5581665039062
2015-02-12,295.69317626953125,241.52313232421875,733.6934814453125,280.6827697753906,421.38787841796875,158.33734130859375,922.3543701171875,193.6516876220703,248.9209747314453,940.4176025390625
2015-02-13,297.62139892578125,239.2335968017578,737.8255004882812,284.5725402832031,418.6347351074219,161.60751342773438,929.1180419921875,195.4302978515625,268.7523193359375,969.6753540039062
2015-02-16,302.945068359375,239.62643432617188,749.5606689453125,279.7724609375,415.4714050292969,166.5448760986328,921.4600219726562,192.2991180419922,268.533447265625,987.2637939453125
2015-02-18,295.1063232421875,241.2538604736328,754.4365844726562,283.37249755859375,418.7076721191406,168.1051788330078,929.7888793945312,192.05413818359375,267.6579284667969,1006.685791015625
2015-02-19,299.046630859375,242.3761444091797,750.5111694335938,280.18621826171875,423.84918212890625,166.39529418945312,949.465087890625,192.1393585205078,264.72479248046875,1024.0267333984375
2015-02-20,292.88458251953125,240.86102294921875,743.9823608398438,273.8963928222656,416.2644958496094,169.3021240234375,937.7544555664062,185.97293090820312,264.6809997558594,1021.9257202148438
2015-02-23,291.16595458984375,239.6151885986328,732.3299560546875,272.2825622558594,413.0739440917969,166.82276916503906,943.0087280273438,181.36141967773438,259.64654541015625,1029.98486328125
2015-02-24,286.7645568847656,239.6488494873047,755.0977783203125,269.84112548828125,414.38665771484375,169.15252685546875,962.0704345703125,179.2313690185547,259.38385009765625,1033.078369140625
2015-02-25,292.2558898925781,236.2370147705078,745.3458862304688,266.903076171875,422.5546875,170.86239624023438,949.1018676757812,179.59349060058594,258.7709655761719,1020.6463623046875
2015-02-26,292.88458251953125,233.0271759033203,732.53662109375,265.9100036621094,411.70654296875,169.131103515625,938.0057983398438,179.3485565185547,253.38624572753906,1014.63037109375
2015-02-27,297.7890930175781,236.58494567871094,733.1563110351562,277.4551086425781,413.1011962890625,168.2975616455078,983.2277221679688,182.23472595214844,262.5796203613281,1016.88427734375
2015-03-02,292.6331481933594,242.99339294433594,773.2377319335938,288.8760986328125,417.8324890136719,146.73135375976562,1031.9432373046875,184.08786010742188,264.4183044433594,1019.57666015625
2015-03-03,292.8008117675781,243.17295837402344,768.3203735351562,288.5450744628906,418.95391845703125,146.00465393066406,1035.0458984375,191.87310791015625,264.94366455078125,1060.2928466796875
2015-03-04,294.4775085449219,239.1214141845703,757.0811767578125,289.1243591308594,414.7239074707031,147.15879821777344,1027.35986328125,189.11471557617188,257.28253173828125,1048.833984375
2015-03-05,291.66900634765625,243.56573486328125,776.5847778320312,287.8002014160156,409.79205322265625,148.01377868652344,1020.7360229492188,188.49700927734375,257.23876953125,1029.9085693359375
2015-03-09,287.938232421875,237.70726013183594,806.5834350585938,275.42742919921875,399.2992858886719,144.63673400878906,985.1004638671875,185.238037109375,254.4807586669922,1010.94482421875
2015-03-10,308.47833251953125,236.25946044921875,791.0054931640625,276.13092041015625,400.748779296875,144.72219848632812,979.5945434570312,183.0015411376953,251.81031799316406,1009.3787841796875
2015-03-11,326.587158203125,237.1348876953125,800.7161254882812,275.3033142089844,397.8680114746094,144.5725860595703,972.4673461914062,182.31996154785156,249.66514587402344,995.5714111328125
2015-03-12,333.503662109375,236.7196044921875,793.8153076171875,279.89654541015625,404.44989013671875,148.1847686767578,976.7716674804688,183.9919891357422,251.1536407470703,1000.3455200195312
2015-03-13,335.55767822265625,234.03729248046875,778.2374877929688,273.2757568359375,404.8327331542969,145.08558654785156,945.8876953125,181.0738525390625,245.81271362304688,986.328125
2015-03-16,325.6230163574219,236.0350341796875,770.0146484375,274.3101806640625,413.2652587890625,143.37567138671875,938.9842529296875,179.36984252929688,246.60073852539062,978.6700439453125
2015-03-17,324.072021484375,237.4940643310547,770.055908203125,277.1240234375,408.49755859375,145.34207153320312,959.0238037109375,182.51162719726562,247.8702850341797,986.8433227539062
2015-03-18,320.4670104980469,238.7285919189453,762.0394897460938,277.0826721191406,406.4919738769531,143.9100341796875,949.74462890625,185.02503967285156,251.54763793945312,977.5431518554688
2015-03-19,320.21551513671875,236.180908203125,762.494140625,273.2757568359375,406.66522216796875,142.49935913085938,940.4376220703125,182.36253356933594,246.5569610595703,991.6367797851562
2015-03-20,318.79022216796875,237.01145935058594,740.263671875,263.6754150390625,411.58795166015625,139.9772186279297,933.701904296875,181.92587280273438,243.62384033203125,997.2515258789062
2015-03-23,321.305419921875,235.1820831298828,745.75927734375,259.7029724121094,407.21209716796875,139.9558868408203,935.09912109375,179.33787536621094,240.5593719482422,999.6195068359375
2015-03-24,330.1921081542969,232.98228454589844,733.19775390625,258.13043212890625,403.20098876953125,139.5924835205078,934.7079467773438,180.61590576171875,236.88204956054688,989.7465209960938
2015-03-25,331.1562194824219,232.15176391601562,732.53662109375,262.2685546875,404.5957336425781,139.67799377441406,912.6838989257812,179.9662322998047,232.37290954589844,983.0430297851562
2015-03-26,335.0547180175781,226.02391052246094,715.59521484375,254.8614959716797,391.3317565917969,137.81845092773438,913.634033203125,176.64340209960938,224.71177673339844,959.8778076171875
2015-03-27,315.64642333984375,227.7523193359375,703.5292358398438,260.3236389160156,401.5054016113281,135.7238311767578,937.838134765625,172.89453125,230.79689025878906,960.527099609375
2015-03-30,326.4613952636719,232.74661254882812,712.413330078125,263.7582702636719,406.2185363769531,140.01995849609375,966.3463745117188,172.69219970703125,234.5618133544922,979.3765258789062
2015-03-31,329.7310485839844,229.55923461914062,721.9171142578125,261.10992431640625,404.45904541015625,139.29327392578125,961.259765625,175.94049072265625,233.81756591796875,975.4805908203125
2015-04-01,337.2763671875,231.92730712890625,730.1400756835938,267.4410705566406,396.3638000488281,142.1146240234375,969.4209594726562,178.0811767578125,239.42117309570312,971.1649169921875
2015-04-06,336.018798828125,231.63551330566406,750.3458862304688,265.86859130859375,397.13873291015625,145.76954650878906,982.6409912109375,175.65293884277344,240.47181701660156,972.9406127929688
2015-04-07,339.330322265625,231.8151092529297,754.8914184570312,262.6822814941406,393.729248046875,145.59852600097656,989.2369995117188,177.3995819091797,238.1953582763672,987.3399658203125
2015-04-08,351.40289306640625,232.44363403320312,754.1473999023438,260.77886962890625,401.2137451171875,148.01377868652344,994.6869506835938,184.43930053710938,239.81515502929688,1008.882080078125
2015-04-09,341.3843688964844,237.05628967285156,765.6346435546875,265.3306579589844,403.8482360839844,148.39849853515625,989.85205078125,190.6589813232422,245.9002685546875,1017.724365234375
2015-04-10,345.36663818359375,234.03729248046875,771.7088012695312,263.42718505859375,407.3032531738281,148.1847686767578,986.0509033203125,192.62925720214844,250.19049072265625,1013.5993041992188
2015-04-13,356.8941955566406,233.17311096191406,784.394287109375,262.2685546875,408.1875915527344,150.25804138183594,1008.1307983398438,196.49526977539062,250.67202758789062,1014.2676391601562
2015-04-15,348.0494079589844,231.56817626953125,772.452392578125,260.6960754394531,403.6112060546875,151.73284912109375,999.27099609375,196.74026489257812,253.91165161132812,1003.6685180664062
2015-04-16,350.4387512207031,231.1192626953125,771.1301879882812,258.6270751953125,400.13800048828125,149.65956115722656,980.6286010742188,197.74134826660156,256.012939453125,986.5
2015-04-17,340.3363952636719,228.56036376953125,774.8905029296875,256.64080810546875,397.3302001953125,150.40762329101562,972.495361328125,197.42184448242188,255.44386291503906,945.2681274414062
2015-04-20,337.2763671875,225.60865783691406,754.8914184570312,257.5097961425781,388.7427062988281,146.15426635742188,949.4093017578125,188.6461181640625,251.8540496826172,927.6799926757812
2015-04-21,333.9228820800781,225.13729858398438,721.545166015625,257.2615051269531,390.64801025390625,146.17564392089844,943.9871215820312,186.6864776611328,253.21119689941406,927.010986328125
2015-04-22,334.8450622558594,227.40435791015625,749.6847534179688,258.9995422363281,389.75457763671875,146.7954559326172,975.765380859375,187.389404296875,248.52696228027344,933.9055786132812
2015-04-23,335.2223205566406,227.49415588378906,745.9658813476562,258.08917236328125,386.89202880859375,146.23973083496094,963.7471923828125,186.8142852783203,243.09848022460938,938.5458984375
2015-04-24,334.635498046875,225.9116668701172,735.098388671875,255.1096954345703,363.7733459472656,148.7405242919922,938.3132934570312,187.20834350585938,241.25982666015625,952.2199096679688
2015-04-27,327.8027648925781,225.68722534179688,716.2149047851562,250.18545532226562,361.84979248046875,147.415283203125,932.2205200195312,186.4415283203125,233.81756591796875,954.9507446289062
2015-04-28,335.9769287109375,225.48521423339844,711.2149047851562,270.5032043457031,357.5196838378906,144.2947540283203,930.9627075195312,184.29022216796875,238.58937072753906,952.9647216796875
2015-04-29,324.74273681640625,222.9263458251953,708.8185424804688,273.23431396484375,357.5652160644531,140.2764434814453,925.2610473632812,181.0525360107422,238.0640411376953,950.0234375
2015-04-30,319.5028991699219,221.9499053955078,702.7443237304688,274.0618591308594,354.1192932128906,137.79708862304688,911.8733520507812,183.68313598632812,236.18161010742188,941.0097045898438
2015-05-04,329.39569091796875,224.67713928222656,712.1653442382812,272.5308532714844,363.3905029296875,141.1527862548828,910.7551879882812,189.77505493164062,242.6606903076172,947.8275146484375
2015-05-05,324.4912109375,221.6918182373047,726.46240234375,271.8273620605469,357.85699462890625,139.46426391601562,918.0782470703125,190.03065490722656,238.1953582763672,961.6925048828125
2015-05-06,327.132080078125,217.8646697998047,709.231689453125,258.33740234375,350.4363708496094,136.08717346191406,874.6168212890625,187.4958953857422,232.37290954589844,940.7615966796875
2015-05-07,330.0244140625,213.53250122070312,715.8842163085938,252.08897399902344,354.4383850097656,137.88259887695312,876.9926147460938,185.4723663330078,228.4766845703125,972.157470703125
2015-05-08,333.62945556640625,220.42355346679688,739.8090209960938,262.35125732421875,356.98175048828125,140.2123260498047,895.0759887695312,191.89642333984375,229.35226440429688,965.2825317382812
2015-05-11,332.1623229980469,222.28660583496094,714.6033325195312,267.7307434082031,363.49072265625,139.54971313476562,902.9298095703125,193.24447631835938,241.69757080078125,976.2638549804688
2015-05-12,328.2638244628906,218.1676788330078,697.455078125,255.068359375,355.003662109375,138.60928344726562,871.6823120117188,187.36700439453125,234.1240234375,963.6209106445312
2015-05-13,320.718505859375,222.2753448486328,695.0584716796875,262.8892517089844,356.75384521484375,140.14820861816406,888.6195068359375,190.904296875,240.1653594970703,960.7562866210938
2015-05-14,323.6109313964844,222.4549560546875,699.521240234375,260.6546630859375,352.7610168457031,138.8016815185547,881.4365844726562,189.41603088378906,245.98782348632812,954.5880737304688
2015-05-15,328.64111328125,222.24169921875,698.157470703125,258.5029296875,357.6746520996094,139.5283660888672,889.877197265625,188.49935913085938,251.67897033691406,959.133056640625
2015-05-18,333.210205078125,226.6748504638672,704.6864013671875,261.7306213378906,363.3813781738281,142.3497314453125,901.2807006835938,192.2954559326172,253.6927490234375,962.6663818359375
2015-05-19,333.6713562011719,226.15858459472656,698.1162719726562,260.9857482910156,368.7235107421875,142.1573486328125,905.9481811523438,193.158203125,252.55453491210938,959.7251586914062
2015-05-20,335.8092041015625,229.8623046875,707.0828857421875,263.7996520996094,373.2724609375,141.90087890625,901.392333984375,196.02682495117188,256.1881103515625,976.6646728515625
2015-05-21,332.3718566894531,230.0081329345703,714.3141479492188,259.4960632324219,373.48211669921875,139.9558868408203,915.786376953125,193.4170379638672,254.13050842285156,976.0728759765625
2015-05-22,331.0724182128906,229.91836547851562,713.8182983398438,259.5374450683594,373.1175537109375,140.7039337158203,924.2548217773438,194.9484100341797,247.3011932373047,999.9060668945312
2015-05-25,335.26422119140625,229.75001525878906,704.4797973632812,258.33740234375,367.7116394042969,135.4246063232422,911.286376953125,192.93173217773438,243.09848022460938,993.4515991210938
2015-05-26,335.8092041015625,230.61422729492188,706.876220703125,256.3097229003906,365.9795227050781,134.22764587402344,904.6622924804688,190.7964324951172,242.6606903076172,996.449951171875
2015-05-27,342.68389892578125,233.0271759033203,708.8185424804688,259.1650390625,358.9053649902344,135.809326171875,914.165283203125,190.94740295410156,245.81271362304688,998.8941040039062
2015-05-28,337.8631286621094,231.06312561035156,699.3146362304688,260.2822570800781,367.6750793457031,137.41238403320312,909.330078125,188.8983917236328,246.123046875,996.697998046875
2015-05-29,356.8103942871094,235.81056213378906,710.3472290039062,262.5582275390625,368.86932373046875,139.82762145996094,924.81396484375,189.15725708007812,246.6106719970703,997.0033569335938
2015-06-01,349.2650451660156,232.58946228027344,727.9086303710938,261.8961181640625,373.3636474609375,141.943603515625,953.3779296875,194.60330200195312,246.655029296875,999.849365234375
2015-06-02,350.5226745605469,226.43919372558594,704.7274780273438,252.0062255859375,366.2256164550781,136.21542358398438,935.4906005859375,193.8268585205078,236.06002807617188,993.0314331054688
2015-06-03,352.7023620605469,225.70965576171875,687.1249389648438,244.7646484375,368.4591064453125,132.82952880859375,924.36669921875,193.33074951171875,228.21351623535156,997.232666015625
2015-06-04,349.097412109375,227.81961059570312,679.8523559570312,244.21743774414062,369.7627258300781,131.60772705078125,929.2857055664062,196.85720825195312,228.39083862304688,995.2274169921875
2015-06-05,348.4267272949219,227.1013641357422,685.1827392578125,239.1664276123047,366.7726135253906,132.785888671875,941.108154296875,195.78956604003906,228.56813049316406,992.9915161132812
2015-06-08,344.1929016113281,225.23834228515625,671.2575073242188,238.36668395996094,364.65771484375,132.80772399902344,938.397216796875,190.979736328125,226.04132080078125,993.6080932617188
2015-06-09,342.01312255859375,224.87916564941406,677.455810546875,241.69192504882812,363.2081298828125,131.17135620117188,931.7733154296875,190.602294921875,228.39083862304688,987.5172729492188
2015-06-10,347.965576171875,227.9655303955078,678.0343017578125,246.2378692626953,369.4801025390625,131.3895263671875,953.6575927734375,195.36900329589844,231.05067443847656,1002.5906372070312
2015-06-11,344.1929016113281,224.50880432128906,674.935302734375,242.8705291748047,364.2200927734375,129.62225341796875,936.9440307617188,189.1895751953125,225.1990203857422,991.2374877929688
2015-06-12,347.7560119628906,226.51776123046875,673.1172485351562,249.14219665527344,360.099609375,129.84043884277344,926.4907836914062,191.92880249023438,225.15469360351562,965.987060546875
2015-06-15,346.7918701171875,225.63108825683594,679.1087036132812,251.87820434570312,366.64239501953125,130.25497436523438,932.6116943359375,194.49549865722656,221.874267578125,965.60205078125
2015-06-16,347.33685302734375,226.3494110107422,690.017333984375,254.27743530273438,369.93701171875,130.4513702392578,937.6426391601562,194.969970703125,225.7310028076172,968.3776245117188
2015-06-17,354.04376220703125,225.5188751220703,712.413330078125,253.6881866455078,368.5859069824219,131.3895263671875,956.3406372070312,200.84742736816406,226.17430114746094,969.0712890625
2015-06-18,357.5229797363281,228.86337280273438,712.8676147460938,255.37181091308594,370.8995056152344,131.73863220214844,959.8622436523438,211.146484375,228.83413696289062,975.335693359375
2015-06-19,363.85272216796875,231.3100128173828,716.2918090820312,256.3819580078125,368.4562683105469,133.09136962890625,959.2753295898438,214.96412658691406,230.65164184570312,982.8526611328125
2015-06-22,355.88818359375,235.04739379882812,729.445068359375,265.2213134765625,379.00634765625,135.44772338867188,968.4426879882812,213.89646911621094,235.83834838867188,999.0244750976562
2015-06-23,360.7507629394531,236.15847778320312,731.3241577148438,263.91644287109375,370.3257141113281,137.25868225097656,987.4760131835938,214.60826110839844,237.3899383544922,992.5093383789062
2015-06-24,356.2654724121094,234.74435424804688,748.7367553710938,267.49432373046875,368.36383056640625,136.86593627929688,980.0416870117188,213.7239532470703,232.60223388671875,990.8521728515625
2015-06-25,357.7325744628906,239.05406188964844,737.629638671875,265.0108642578125,366.64239501953125,136.29864501953125,1011.6242065429688,216.66806030273438,234.77439880371094,983.0262451171875
2015-06-26,350.3968505859375,238.57147216796875,741.5545654296875,262.4011535644531,372.12103271484375,134.378662109375,995.3856811523438,215.83766174316406,235.12908935546875,999.525390625
2015-06-29,347.0014343261719,237.17977905273438,751.9519653320312,261.98028564453125,366.5313720703125,135.25135803222656,1000.891845703125,213.71315002441406,230.20838928222656,999.5641479492188
2015-06-30,352.157470703125,239.53663635253906,765.5645751953125,259.2863464355469,364.3843688964844,137.52044677734375,996.5598754882812,215.70822143554688,232.95687866210938,983.3924560546875
2015-07-01,355.8462219238281,240.70384216308594,766.90087890625,262.8221130371094,369.2151794433594,136.8441162109375,1012.7145385742188,216.9053192138672,237.3899383544922,999.6416015625
2015-07-02,363.1401062011719,239.3130340576172,771.2017822265625,263.4955749511719,365.73553466796875,137.47682189941406,1006.36962890625,218.0269012451172,237.4785919189453,993.7240600585938
2015-07-03,364.7748718261719,242.94273376464844,772.0785522460938,264.80047607421875,366.58697509765625,137.7168426513672,1010.2548828125,217.23960876464844,238.8528289794922,1003.8050537109375
2015-07-06,363.09814453125,245.03465270996094,774.542236328125,265.3055114746094,363.9957275390625,138.93865966796875,1015.14599609375,219.04058837890625,240.09408569335938,1015.138427734375
2015-07-07,362.05023193359375,245.79222106933594,771.9534301757812,263.1588134765625,362.95916748046875,138.48048400878906,1012.518798828125,216.38763427734375,241.95594787597656,1008.5656127929688
2015-07-08,360.7507629394531,241.72154235839844,774.7092895507812,258.9075622558594,354.44512939453125,136.5604705810547,1009.780029296875,214.95333862304688,237.03530883789062,1000.4125366210938
2015-07-09,363.76885986328125,242.8975372314453,769.614990234375,260.5491638183594,347.2265625,135.5349884033203,1033.508544921875,212.96900939941406,237.3899383544922,972.4249877929688
2015-07-10,351.5286560058594,246.6742706298828,751.8268432617188,263.6218566894531,347.04150390625,135.22952270507812,1048.8807373046875,216.07492065429688,239.87242126464844,953.8634033203125
2015-07-13,355.2174987792969,247.89544677734375,760.553955078125,266.35784912109375,351.724365234375,137.28048706054688,1038.4276123046875,217.19647216796875,242.66526794433594,967.4326171875
2015-07-14,354.04376220703125,246.9229736328125,774.4168701171875,263.8743896484375,359.5350646972656,136.27684020996094,1038.3441162109375,215.21218872070312,237.78890991210938,963.5584716796875
2015-07-15,354.58868408203125,248.0198211669922,775.836669921875,264.8846130371094,364.2547912597656,137.01864624023438,1044.9677734375,218.09156799316406,237.65591430664062,981.3878784179688
2015-07-16,356.0139465332031,252.09051513671875,782.3923950195312,266.9471130371094,366.12420654296875,138.74229431152344,1044.2135009765625,220.7984619140625,241.33535766601562,979.248291015625
2015-07-17,357.02001953125,251.1520538330078,771.91162109375,267.2417297363281,370.8623962402344,140.64047241210938,1046.197509765625,220.36705017089844,240.3600616455078,988.5771484375
2015-07-20,360.0381164550781,252.21495056152344,762.55810546875,265.85272216796875,370.6404113769531,139.85504150390625,1043.7940673828125,221.02493286132812,237.1239776611328,996.4006958007812
2015-07-21,373.2843322753906,248.32513427734375,744.3521728515625,262.1907043457031,411.8780822753906,136.7568359375,1031.3006591796875,217.3690185546875,234.33111572265625,989.5433959960938
2015-07-22,368.3798828125,252.02272033691406,768.7380981445312,266.6945495605469,408.3615417480469,137.23684692382812,1036.61083984375,226.55728149414062,238.09922790527344,976.6590576171875
2015-07-23,362.9304504394531,250.55276489257812,755.167236328125,263.411376953125,406.4550476074219,137.49864196777344,1023.53076171875,225.45730590820312,239.4291229248047,961.4183349609375
2015-07-24,363.76885986328125,250.54141235351562,757.2967529296875,253.05679321289062,402.6051330566406,137.25868225097656,1007.4878540039062,221.08961486816406,233.40016174316406,967.81201171875
2015-07-27,350.3968505859375,247.82763671875,751.7014770507812,245.05926513671875,394.3502502441406,135.99317932128906,974.507568359375,216.840576171875,229.14447021484375,964.6834106445312
2015-07-28,343.7318115234375,250.6884307861328,755.5847778320312,239.92408752441406,393.44329833984375,135.7968292236328,983.2277221679688,217.89747619628906,229.8094024658203,966.6151123046875
2015-07-29,350.1452941894531,250.654541015625,750.9498291015625,243.5018768310547,401.790771484375,132.65499877929688,1000.7522583007812,214.8239288330078,224.84439086914062,968.430419921875
2015-07-30,349.5584411621094,251.1520538330078,768.9049682617188,244.97508239746094,396.0901184082031,137.86956787109375,991.5007934570312,215.7190399169922,227.6815185546875,958.3472900390625
2015-07-31,351.1094970703125,251.40078735351562,769.6985473632812,254.57208251953125,398.69989013671875,142.25502014160156,1001.2830200195312,216.08570861816406,239.4291229248047,969.9756469726562
2015-08-03,351.1932678222656,247.72584533691406,759.7185668945312,263.411376953125,399.4030456542969,144.6768341064453,994.6591796875,216.21511840820312,249.18185424804688,969.5316772460938
2015-08-04,346.4565124511719,245.7017822265625,758.3823852539062,264.37945556640625,391.37017822265625,143.95687866210938,992.0597534179688,213.0984344482422,255.87571716308594,969.261474609375
2015-08-05,350.0615539550781,247.00216674804688,758.800048828125,262.1065368652344,402.1424560546875,144.7859344482422,994.7710571289062,213.0445098876953,253.03857421875,984.037841796875
2015-08-06,347.9237060546875,247.8502197265625,758.0900268554688,261.85400390625,402.3645935058594,142.3641357421875,1023.3629760742188,211.146484375,256.27471923828125,994.1407470703125
2015-08-07,345.07318115234375,247.1039581298828,755.6682739257812,261.0963134765625,405.5666198730469,141.57867431640625,1024.872314453125,212.31118774414062,249.40347290039062,985.9314575195312
2015-08-10,343.89947509765625,247.5562286376953,756.7539672851562,260.63330078125,402.01287841796875,140.05137634277344,1017.7732543945312,208.9788360595703,250.68905639648438,993.6766357421875
2015-08-11,339.4141845703125,247.56756591796875,741.7633666992188,254.4458465576172,410.58251953125,139.68048095703125,1006.817138671875,208.35333251953125,238.3208465576172,1006.0782470703125
2015-08-12,334.2581787109375,242.08338928222656,723.5156860351562,245.5222930908203,423.6313171386719,138.21865844726562,985.2120971679688,203.3709716796875,227.2825927734375,1032.155517578125
2015-08-13,324.4112243652344,243.68905639648438,723.6828002929688,245.73277282714844,428.66558837890625,138.0441131591797,983.8985595703125,201.31117248535156,229.8980712890625,1018.209228515625
2015-08-14,333.0947570800781,249.1732177734375,727.0232543945312,254.74046325683594,425.42657470703125,138.82955932617188,1005.8948364257812,208.55821228027344,238.05490112304688,1044.3248291015625
2015-08-17,328.9637756347656,246.84384155273438,728.7770385742188,254.99301147460938,422.79833984375,138.2841339111328,995.1903686523438,205.0532989501953,248.0292510986328,1037.1971435546875
2015-08-18,325.0434875488281,245.67916870117188,728.944091796875,253.47769165039062,431.016357421875,137.38955688476562,1006.2581787109375,203.6298065185547,252.50662231445312,1058.889404296875
2015-08-19,322.5142822265625,244.66146850585938,731.7417602539062,256.3399353027344,435.1622314453125,138.2841339111328,1014.3914794921875,205.89450073242188,246.47769165039062,1056.0689697265625
2015-08-20,320.3645324707031,243.04452514648438,728.2760009765625,251.0784454345703,419.9850769042969,143.71682739257812,996.028564453125,197.63369750976562,239.87242126464844,1038.0089111328125
2015-08-21,311.5545349121094,240.01409912109375,738.3810424804688,249.60520935058594,425.667236328125,144.3277587890625,972.6351318359375,195.8327178955078,237.1682586669922,1033.87451171875
2015-08-24,293.6393737792969,230.45921325683594,710.8218383789062,227.25439453125,404.2525329589844,139.72412109375,912.0130004882812,178.92286682128906,217.57418823242188,996.2075805664062
2015-08-25,293.6815185546875,230.3235321044922,723.1817626953125,238.66128540039062,401.8832092285156,139.5932159423828,908.1560668945312,182.9346160888672,224.6227569580078,991.764892578125
2015-08-26,285.9674377441406,229.2041015625,714.0370483398438,234.07327270507812,394.0910339355469,138.61134338378906,890.0170288085938,184.06700134277344,217.84017944335938,995.4736328125
2015-08-27,292.7962951660156,231.14895629882812,716.3753662109375,237.7773895263672,400.8283386230469,142.12411499023438,905.584716796875,187.4640655517578,221.16494750976562,994.662109375
2015-08-28,305.61090087890625,232.47195434570312,713.619384765625,238.8296661376953,411.2858581542969,142.69140625,903.5724487304688,188.16505432128906,220.72166442871094,993.1943359375
2015-08-31,298.69781494140625,232.35891723632812,718.9644165039062,233.947021484375,405.1224365234375,141.88414001464844,895.9982299804688,184.606201171875,219.30308532714844,990.5672607421875
2015-09-01,291.1944274902344,226.1736297607422,712.9931030273438,228.09622192382812,403.1234436035156,137.65138244628906,879.7626342773438,181.1444549560547,211.98854064941406,980.2714233398438
2015-09-02,289.3819274902344,225.05422973632812,693.6597290039062,222.9610137939453,406.9917297363281,139.68048095703125,862.6802978515625,183.2366180419922,204.4080047607422,1001.2877807617188
2015-09-03,292.3326416015625,228.48037719726562,696.2904663085938,224.64468383789062,406.95477294921875,139.63685607910156,885.9181518554688,184.16404724121094,205.9152374267578,1006.6190795898438
2015-09-04,295.0725402832031,225.25772094726562,693.1586303710938,216.9839630126953,397.5522155761719,138.3714141845703,866.181396484375,180.29248046875,199.6203155517578,984.1538696289062
2015-09-07,292.6276550292969,222.6343994140625,684.68212890625,209.70204162597656,391.9255676269531,136.7786407470703,852.4307861328125,179.71011352539062,196.02957153320312,981.1793823242188
2015-09-08,293.1756896972656,227.0669708251953,669.0234375,219.5515899658203,391.9441223144531,136.53863525390625,883.4898071289062,183.03170776367188,202.45748901367188,981.3916015625
2015-09-09,298.8663635253906,229.83729553222656,670.65185546875,222.70848083496094,403.0123596191406,137.19320678710938,899.3015747070312,188.5209503173828,205.38328552246094,985.0428466796875
2015-09-10,295.4520263671875,228.638671875,659.878662109375,225.1077117919922,399.9583435058594,136.73500061035156,912.2053833007812,187.00033569335938,201.65953063964844,983.362060546875
2015-09-11,293.9765930175781,228.52565002441406,664.137939453125,225.2339630126953,403.77130126953125,136.9095458984375,905.202880859375,185.6954345703125,204.00906372070312,985.9119873046875
2015-09-14,298.5713195800781,230.6062469482422,663.720458984375,229.31689453125,407.10284423828125,136.86593627929688,906.8970336914062,186.32093811035156,208.5750732421875,985.776611328125
2015-09-15,295.9156799316406,229.12490844726562,671.9463500976562,226.0337371826172,406.8992004394531,138.3495635986328,879.9038696289062,187.00033569335938,206.49156188964844,980.2135620117188
2015-09-16,303.0816345214844,231.43165588378906,673.8253173828125,229.69573974609375,407.80615234375,140.57498168945312,874.5673217773438,188.19740295410156,209.94932556152344,985.2744140625
2015-09-18,300.88970947265625,237.4020233154297,666.3090209960938,233.90492248535156,408.8426513671875,138.76412963867188,869.9932861328125,193.1258544921875,214.55972290039062,985.6221313476562
2015-09-21,297.0116271972656,238.12570190429688,660.338134765625,235.12559509277344,408.9167785644531,137.1277313232422,875.4425659179688,189.39447021484375,217.44119262695312,985.5448608398438
2015-09-22,289.8456115722656,233.08255004882812,656.3295288085938,227.75949096679688,409.9532165527344,136.2113800048828,838.5670166015625,182.88072204589844,210.96893310546875,976.176025390625
2015-09-23,284.8714904785156,237.2776641845703,655.5776977539062,230.1166229248047,413.2107238769531,137.93502807617188,844.4118041992188,183.40919494628906,212.6534881591797,978.4362182617188
2015-09-24,280.6983337402344,237.77516174316406,652.8218994140625,225.86538696289062,422.20611572265625,140.74957275390625,825.861083984375,180.60523986816406,211.9442138671875,996.8837280273438
2015-09-28,276.18792724609375,236.6444549560547,660.2964477539062,225.69700622558594,409.24993896484375,139.30955505371094,807.5643920898438,179.9365692138672,212.2988739013672,1002.0221557617188
2015-09-29,272.0147705078125,240.80560302734375,655.0348510742188,226.45465087890625,415.2838134765625,139.81138610839844,816.7128295898438,181.3385467529297,214.47105407714844,999.9165649414062
2015-09-30,284.8293151855469,241.71026611328125,680.4229736328125,227.5911407470703,430.1278381347656,143.47686767578125,828.0070190429688,185.9866180419922,210.2596435546875,999.8394165039062
2015-10-01,286.1782531738281,241.45016479492188,681.8008422851562,224.8551788330078,434.23687744140625,143.45506286621094,841.4754028320312,186.50425720214844,208.48641967773438,1021.686279296875
2015-10-05,291.9111328125,248.3930206298828,676.2889404296875,236.51463317871094,437.45745849609375,143.78231811523438,875.6685791015625,191.52976989746094,212.78646850585938,1047.5889892578125
2015-10-06,294.1030578613281,245.58868408203125,692.5739135742188,238.02993774414062,427.4070739746094,149.60777282714844,878.0404052734375,193.6974334716797,212.87515258789062,1043.08837890625
2015-10-07,288.8760986328125,245.99575805664062,687.7721557617188,238.2404022216797,419.4853820800781,151.52780151367188,872.3367309570312,197.09449768066406,215.9339599609375,1025.29833984375
2015-10-08,287.94873046875,244.9441680908203,686.3941650390625,234.41001892089844,419.0966796875,147.9713897705078,866.0966796875,191.7670440673828,215.71231079101562,1017.5136108398438
2015-10-09,293.0491943359375,245.63392639160156,683.1370849609375,240.85009765625,432.14532470703125,149.86959838867188,873.2685546875,191.38955688476562,215.8452911376953,1015.9100341796875
2015-10-12,294.65106201171875,244.36749267578125,680.5064086914062,242.1128692626953,415.6724853515625,148.69142150878906,877.5602416992188,192.3385772705078,216.82057189941406,1001.5967407226562
2015-10-13,291.23663330078125,243.41766357421875,678.8781127929688,241.986572265625,406.97332763671875,150.13145446777344,872.9297485351562,192.73760986328125,216.1555938720703,1003.8953857421875
2015-10-14,291.9532165527344,245.3173370361328,665.7664184570312,238.1562042236328,406.306884765625,150.1532745361328,869.8521118164062,194.75428771972656,216.55459594726562,959.5253295898438
2015-10-15,296.12640380859375,245.18162536621094,661.0479736328125,241.060546875,406.21441650390625,152.46597290039062,881.2310180664062,194.9160614013672,220.72166442871094,953.3638305664062
2015-10-16,294.7774963378906,248.77745056152344,655.5776977539062,243.6702423095703,409.0350036621094,152.22596740722656,906.3323364257812,197.31016540527344,227.6815185546875,955.0055541992188
2015-10-19,306.6225891113281,248.2686309814453,668.5462646484375,241.77613830566406,415.40460205078125,153.16415405273438,892.6945190429688,207.81410217285156,225.642333984375,961.4765625
2015-10-20,305.0628662109375,247.61279296875,662.8200073242188,240.9342803955078,420.6346740722656,152.13870239257812,888.6004638671875,206.34744262695312,225.95266723632812,976.1571044921875
2015-10-21,313.1985168457031,247.6354217529297,665.5567016601562,237.9878387451172,425.285888671875,152.0950469970703,875.5556030273438,205.9807891845703,221.47528076171875,977.41259765625
2015-10-23,302.74444580078125,250.6884307861328,673.8515014648438,240.97633361816406,429.5818786621094,156.3714599609375,852.8824462890625,206.12095642089844,224.6670379638672,982.3098754882812
2015-10-26,296.9273376464844,249.10536193847656,680.9251708984375,240.2187042236328,430.4224853515625,155.5641632080078,851.8377075195312,203.3601837158203,222.76083374023438,982.0782470703125
2015-10-27,297.3066711425781,251.23121643066406,683.9147338867188,238.8296661376953,429.3951416015625,155.34600830078125,844.1012573242188,202.64840698242188,220.5886688232422,979.9679565429688
2015-10-28,302.0699462890625,251.36691284179688,689.2620239257812,228.30670166015625,430.8147888183594,154.9969024658203,842.9717407226562,202.0876007080078,214.60403442382812,979.1937255859375
2015-10-29,299.6250915527344,249.56898498535156,674.9041748046875,228.5171661376953,427.7701721191406,152.72779846191406,830.5481567382812,202.96115112304688,210.08230590820312,966.1265258789062
2015-10-30,294.27166748046875,248.6757049560547,674.2304077148438,233.1893768310547,424.1836853027344,146.0296173095703,796.6656494140625,204.40626525878906,210.17098999023438,966.0686645507812
2015-11-02,295.19903564453125,244.9441680908203,675.9989624023438,235.33604431152344,422.59588623046875,147.14231872558594,784.1853637695312,207.0160675048828,210.03799438476562,974.6444702148438
2015-11-03,293.09136962890625,245.3512725830078,677.4306030273438,235.25189208984375,427.938232421875,146.1168670654297,775.51708984375,208.61215209960938,209.1957244873047,984.74951171875
2015-11-04,292.0375671386719,244.62754821777344,674.5252685546875,230.1166229248047,424.6880187988281,146.4877471923828,772.58056640625,205.1827392578125,211.89987182617188,981.0130615234375
2015-11-05,283.73333740234375,244.2091827392578,675.91455078125,227.3385772705078,419.4952697753906,147.12051391601562,773.0606689453125,202.01214599609375,207.37814331054688,961.2093505859375
2015-11-06,285.9674377441406,244.44668579101562,672.8831787109375,224.8551788330078,425.2485046386719,147.36045837402344,777.7477416992188,205.4199981689453,215.4463348388672,970.1530151367188
2015-11-09,282.6372985839844,240.80560302734375,675.87255859375,221.52987670898438,423.8661193847656,149.69508361816406,767.469970703125,207.32882690429688,218.19480895996094,956.8344116210938
2015-11-10,279.60235595703125,238.49887084960938,676.672607421875,221.2352294921875,412.3784484863281,146.9459686279297,761.4558715820312,199.02487182617188,213.8504180908203,951.7236938476562
2015-11-13,281.49920654296875,237.92218017578125,670.9041137695312,220.351318359375,411.2391357421875,143.9132080078125,751.7428588867188,201.24644470214844,213.00814819335938,928.2030029296875
2015-11-16,283.05889892578125,239.93492126464844,660.2935791015625,224.98141479492188,403.54327392578125,147.622314453125,766.3971557617188,201.51602172851562,220.1453399658203,919.3756713867188
2015-11-17,282.0050964355469,239.90103149414062,672.2515258789062,225.48654174804688,396.55731201171875,152.33505249023438,763.34765625,200.10330200195312,219.74636840820312,925.5510864257812
2015-11-18,281.5413818359375,237.14198303222656,668.2094116210938,219.25692749023438,381.0536804199219,151.7896270751953,759.2251586914062,196.70626831054688,213.673095703125,910.4129028320312
2015-11-19,286.2625732421875,241.73284912109375,669.1356201171875,224.265869140625,391.4393005371094,153.6223602294922,767.4135131835938,201.61309814453125,216.2442626953125,914.7102661132812
2015-11-20,287.7801208496094,242.17385864257812,672.1251220703125,223.0452117919922,393.15777587890625,150.30596923828125,771.8748168945312,204.22293090820312,215.40199279785156,928.5712280273438
2015-11-23,285.79888916015625,241.08828735351562,666.2725830078125,223.8870391845703,393.643310546875,147.1641387939453,773.0323486328125,205.71115112304688,215.1803436279297,925.744873046875
2015-11-24,287.94873046875,240.703857421875,683.7462158203125,221.6982879638672,388.95489501953125,146.57505798339844,757.5875854492188,208.719970703125,214.02774047851562,916.8011474609375
2015-11-26,288.4544982910156,240.61341857910156,684.167236328125,222.24546813964844,393.15777587890625,149.58596801757812,752.5616455078125,213.23863220214844,215.00302124023438,908.1285400390625
2015-11-27,288.4966735839844,244.10743713378906,687.3250732421875,227.3385772705078,398.3692321777344,150.2623291015625,770.8300170898438,211.1680450439453,221.3865966796875,911.148193359375
2015-11-30,281.87860107421875,243.7342987060547,683.7883911132812,230.2850341796875,406.41986083984375,151.04779052734375,776.2513427734375,208.590576171875,220.45567321777344,918.96923828125
2015-12-01,272.0990905761719,244.92156982421875,701.8093872070312,230.57965087890625,403.094970703125,151.09141540527344,770.7454223632812,208.331787109375,221.82989501953125,914.4584350585938
2015-12-02,272.22552490234375,243.74563598632812,698.8619995117188,227.63320922851562,396.2584228515625,152.46597290039062,764.6182861328125,210.93080139160156,216.86488342285156,915.7364501953125
2015-12-03,269.4012756347656,243.50814819335938,687.6620483398438,223.76075744628906,395.1564025878906,149.82595825195312,761.1452026367188,210.7689971923828,213.7617645263672,910.1419067382812
2015-12-04,270.8766174316406,239.47134399414062,686.2725830078125,220.09877014160156,391.90625,146.59686279296875,756.6275634765625,208.2347412109375,213.7617645263672,901.4885864257812
2015-12-07,269.864990234375,240.1610870361328,701.8934326171875,221.44570922851562,390.8602600097656,136.822265625,757.3616333007812,205.344482421875,211.5895538330078,898.1588745117188
2015-12-08,267.9681091308594,237.28895568847656,695.3671875,220.09877014160156,390.1690368652344,137.34593200683594,746.6039428710938,202.93960571289062,209.1957244873047,901.720947265625
2015-12-09,262.066650390625,236.88189697265625,690.6514892578125,218.4150848388672,384.1170959472656,138.50228881835938,734.5191650390625,197.5474090576172,207.82144165039062,916.6848754882812
2015-12-10,263.5841064453125,239.8557891845703,687.0724487304688,217.994140625,391.2712097167969,140.1822967529297,740.3074340820312,204.9778289794922,205.64926147460938,923.2280883789062
2015-12-11,260.9706115722656,236.6331329345703,692.29345703125,209.8704376220703,393.30718994140625,140.07318115234375,726.0767211914062,205.53860473632812,201.52655029296875,923.7900390625
2015-12-14,258.104248046875,238.60069274902344,706.5250854492188,209.6178436279297,399.5460510253906,139.68048095703125,719.6672973632812,206.00234985351562,200.32960510253906,920.8663330078125
2015-12-15,260.67547607421875,239.59571838378906,723.0302734375,207.42906188964844,402.55328369140625,140.9241180419922,724.6367797851562,210.4886016845703,200.7285919189453,919.8596801757812
2015-12-16,270.07574462890625,241.37098693847656,720.3357543945312,212.1854705810547,409.389892578125,139.30955505371094,723.3378295898438,211.08175659179688,201.52655029296875,932.4619140625
2015-12-17,271.8039855957031,244.2996826171875,727.788330078125,213.1114959716797,413.5926208496094,139.85504150390625,731.9779663085938,217.77883911132812,204.71832275390625,944.6000366210938
2015-12-18,268.979736328125,242.66006469726562,721.72509765625,210.54388427734375,404.6454162597656,138.3714141845703,727.0084228515625,213.9396209716797,200.81724548339844,935.7144165039062
2015-12-21,270.5393981933594,243.20285034179688,717.135498046875,217.36277770996094,412.22906494140625,142.49501037597656,728.6461181640625,213.98272705078125,204.31935119628906,947.1749267578125
2015-12-22,272.47845458984375,241.17872619628906,717.0094604492188,218.49928283691406,404.8694763183594,139.74594116210938,722.9425048828125,212.9474639892578,202.45748901367188,931.165283203125
2015-12-23,280.1925048828125,242.9088134765625,726.9461059570312,220.43551635742188,411.2578125,140.29139709472656,729.0415649414062,216.50628662109375,203.61004638671875,939.1986694335938
2015-12-24,285.3351745605469,242.88621520996094,727.788330078125,217.15232849121094,409.57659912109375,141.25137329101562,731.0181274414062,215.80532836914062,202.4131317138672,942.4703979492188
2015-12-28,279.6866455078125,243.62123107910156,729.1356811523438,222.2875518798828,412.7146911621094,142.34230041503906,731.3850708007812,217.92979431152344,202.94512939453125,953.4854125976562
2015-12-29,282.6372985839844,243.77952575683594,722.4409790039062,222.87681579589844,412.6960754394531,141.75318908691406,728.2225952148438,219.0082550048828,202.32447814941406,950.8142700195312
2015-12-30,280.82476806640625,242.9540557861328,722.06201171875,220.85641479492188,405.8221435546875,142.49501037597656,724.8060913085938,216.65725708007812,200.19662475585938,936.2952270507812
2015-12-31,286.9791564941406,244.72938537597656,726.5250244140625,220.0145721435547,412.95751953125,143.04046630859375,720.2601928710938,218.835693359375,198.99969482421875,943.4774169921875
2016-01-01,287.0634765625,246.22193908691406,721.3040161132812,221.40362548828125,412.901611328125,142.90957641601562,728.0249633789062,218.99746704101562,201.96986389160156,935.5592651367188
2016-01-04,275.51348876953125,242.09466552734375,723.3671264648438,215.1319122314453,403.0577087402344,141.8623046875,709.2482299804688,214.67295837402344,195.6748809814453,917.4400634765625
2016-01-05,272.6892395019531,240.26287841796875,714.06201171875,216.1000213623047,401.2458190917969,141.75318908691406,709.7847900390625,216.79745483398438,193.0594024658203,909.4449462890625
2016-01-06,271.6354064941406,241.3257598876953,709.9356689453125,210.54388427734375,399.4900207519531,137.49864196777344,698.4623413085938,222.63180541992188,192.26145935058594,922.0861206054688
2016-01-07,271.7618713378906,238.86068725585938,690.7357177734375,207.72373962402344,392.55999755859375,135.09869384765625,681.266845703125,218.54454040527344,185.78921508789062,918.07861328125
2016-01-08,273.02642822265625,240.25155639648438,681.977783203125,206.29258728027344,397.2297058105469,136.86593627929688,665.8502197265625,221.2406005859375,185.25723266601562,928.2806396484375
2016-01-11,270.75018310546875,239.40350341796875,683.577880859375,201.57833862304688,394.39056396484375,137.91319274902344,662.6032104492188,226.81613159179688,181.13449096679688,914.6326293945312
2016-01-12,265.90252685546875,236.7688446044922,690.2725219726562,199.30535888671875,392.24237060546875,137.52044677734375,665.8785400390625,225.4896240234375,176.7901153564453,900.965576171875
2016-01-13,260.1696472167969,239.75404357910156,701.261962890625,201.62037658691406,404.73876953125,137.7823028564453,653.22900390625,232.26219177246094,178.12001037597656,882.4398193359375
2016-01-14,260.2961730957031,237.4020233154297,696.6302490234375,198.46353149414062,423.2684326171875,138.43685913085938,640.7489013671875,228.98374938964844,173.8199462890625,882.28466796875
2016-01-15,258.0620422363281,235.6833038330078,677.261962890625,188.95074462890625,425.84619140625,136.97500610351562,625.642822265625,231.49652099609375,163.40228271484375,875.431884765625
2016-01-18,253.13015747070312,231.99703979492188,682.06201171875,187.81423950195312,422.8575134277344,137.62954711914062,611.8922119140625,219.32098388671875,160.4764862060547,881.8397216796875
2016-01-19,261.6029052734375,234.2472686767578,682.4830322265625,192.57061767578125,425.7528381347656,137.04043579101562,634.141845703125,225.09059143066406,162.20535278320312,882.4783935546875
2016-01-20,261.0127258300781,230.28961181640625,669.5146484375,188.90863037109375,418.87890625,134.81500244140625,630.2736206054688,216.66806030273438,153.9598846435547,882.7879028320312
2016-01-21,260.7598876953125,231.35250854492188,653.1358032226562,190.50811767578125,424.7814636230469,133.7022705078125,622.70654296875,212.27882385253906,155.6887969970703,874.9868774414062
2016-01-22,251.82337951660156,233.00343322753906,649.6831665039062,195.93798828125,424.4825439453125,134.7277374267578,645.0125122070312,216.581787109375,163.66827392578125,890.9963989257812
2016-01-25,250.81170654296875,235.45713806152344,659.6199340820312,198.71604919433594,425.0055847167969,135.01138305664062,629.1724243164062,216.53863525390625,162.20535278320312,894.450927734375
2016-01-27,251.06460571289062,234.2133331298828,646.6515502929688,199.7683563232422,425.3231201171875,136.5604705810547,625.5864868164062,215.5464630126953,163.49095153808594,900.3111572265625
2016-01-28,245.6689910888672,233.32000732421875,666.7357788085938,196.31683349609375,421.99822998046875,139.00408935546875,606.781494140625,219.33177185058594,164.2445831298828,904.7550048828125
2016-01-29,244.40438842773438,237.42466735839844,687.9146728515625,193.7491912841797,435.18572998046875,139.72412109375,622.113525390625,223.32199096679688,159.50119018554688,928.080078125
2016-02-01,250.052978515625,239.66358947753906,674.4830322265625,182.84738159179688,438.3425598144531,141.70956420898438,633.633544921875,222.22198486328125,153.16192626953125,932.5045166015625
2016-02-02,254.77410888671875,238.31797790527344,673.7673950195312,177.12289428710938,439.1643371582031,141.49139404296875,633.548828125,215.93470764160156,150.1917724609375,930.7193603515625
2016-02-03,252.75074768066406,236.06773376464844,691.8724975585938,171.77720642089844,432.49591064453125,140.4877471923828,626.1512451171875,211.67489624023438,147.2216339111328,937.7830200195312
2016-02-04,256.50238037109375,237.2776641845703,702.98828125,171.6930389404297,440.7333984375,140.42227172851562,641.3418579101562,209.87393188476562,144.38449096679688,939.2383422851562
2016-02-05,258.9894104003906,238.64585876464844,711.5355834960938,176.2810516357422,438.8468322753906,141.3604736328125,643.713623046875,209.41018676757812,149.12786865234375,939.9755249023438
2016-02-08,262.1930236816406,234.25857543945312,698.0198364257812,175.5654754638672,429.9182434082031,137.56411743164062,638.2924194335938,207.28570556640625,152.6299591064453,917.0775146484375
2016-02-09,263.2468566894531,232.04229736328125,695.8726196289062,176.2810516357422,413.7981262207031,136.3204345703125,629.20068359375,206.52001953125,148.10826110839844,885.4271240234375
2016-02-10,262.4459533691406,229.0797119140625,694.3565673828125,174.4711151123047,414.13433837890625,134.8367919921875,632.814697265625,207.63075256347656,140.97105407714844,880.537353515625
2016-02-11,260.2540283203125,220.5651092529297,675.87255859375,167.73638916015625,402.9643249511719,130.27682495117188,616.889892578125,199.41311645507812,136.7596435546875,853.0400390625
2016-02-12,273.6165771484375,219.68313598632812,684.2935180664062,162.93792724609375,405.2057189941406,130.95318603515625,595.00732421875,195.53073120117188,137.24728393554688,864.1590576171875
2016-02-15,268.8533020019531,220.18063354492188,677.6409912109375,171.31422424316406,407.858154296875,132.5240936279297,649.0784912109375,204.2013702392578,148.81756591796875,880.6729125976562
2016-02-16,265.8182373046875,220.14674377441406,676.3780517578125,165.5054931640625,403.1510009765625,128.94589233398438,623.4406127929688,200.70724487304688,138.6658477783203,879.27587890625
2016-02-17,269.4012756347656,220.4746551513672,684.2514038085938,160.58078002929688,410.1370544433594,130.84405517578125,633.8594360351562,205.46310424804688,140.92672729492188,883.1570434570312
2016-02-18,270.79229736328125,223.76515197753906,696.7567138671875,165.126708984375,419.6820983886719,133.28768920898438,649.2195434570312,202.76705932617188,141.6803436279297,898.7974853515625
2016-02-19,274.88116455078125,223.73121643066406,696.9251708984375,167.3575439453125,421.1202392578125,132.89498901367188,649.69970703125,203.68368530273438,146.02471923828125,900.2720336914062
2016-02-22,277.4525451660156,223.60684204101562,725.5988159179688,167.06292724609375,420.8960876464844,130.84405517578125,649.2760620117188,207.5552978515625,146.24639892578125,898.81689453125
2016-02-23,270.8766174316406,219.3778076171875,704.714599609375,161.63308715820312,419.86883544921875,128.20408630371094,638.207763671875,204.8268585205078,140.52774047851562,878.6742553710938
2016-02-24,273.1107177734375,214.7530059814453,704.6301879882812,157.4238739013672,420.4105224609375,125.49861907958984,628.466552734375,205.4739227294922,138.57720947265625,858.0852661132812
2016-02-25,271.93048095703125,213.1812744140625,709.72509765625,154.05648803710938,414.7880554199219,124.8876953125,613.52978515625,203.6298065185547,134.5874481201172,858.8226928710938
2016-02-26,268.0523376464844,217.33114624023438,715.7039794921875,155.57179260253906,418.8414611816406,126.9604263305664,627.1958618164062,204.9778289794922,138.22256469726562,857.9105224609375
2016-02-29,265.9869079589844,219.78488159179688,699.2830810546875,159.99147033691406,404.98162841796875,129.01136779785156,607.6287231445312,208.49351501464844,140.7493896484375,844.831298828125
2016-03-01,270.37078857421875,222.56655883789062,694.0199584960938,172.53485107421875,420.44781494140625,141.97140502929688,634.7064819335938,211.65335083007812,143.6752166748047,883.583740234375
2016-03-02,275.13409423828125,227.77932739257812,715.15673828125,185.20455932617188,431.86077880859375,139.44049072265625,642.5843505859375,216.01022338867188,160.6094512939453,899.9617919921875
2016-03-03,281.07769775390625,229.73553466796875,714.8618774414062,183.52088928222656,436.8295593261719,138.82955932617188,681.6621704101562,218.458251953125,162.02804565429688,921.035888671875
2016-03-04,277.5789794921875,230.7984161376953,714.7357177734375,185.62547302246094,437.3338317871094,137.54229736328125,673.812744140625,217.0670623779297,167.03738403320312,914.9818725585938
2016-03-08,279.4758605957031,229.35107421875,695.7882080078125,182.55276489257812,434.6440124511719,139.74594116210938,670.5655517578125,221.5102081298828,162.56002807617188,913.7202758789062
2016-03-09,282.0893249511719,231.75958251953125,707.0725708007812,182.13185119628906,440.26641845703125,139.5932159423828,684.9093017578125,224.68080139160156,162.60433959960938,914.8652954101562
2016-03-10,283.5225830078125,230.9567413330078,705.3040771484375,181.41627502441406,426.81744384765625,137.93502807617188,669.8316650390625,218.22100830078125,160.03317260742188,911.3917236328125
2016-03-11,284.323486328125,232.64157104492188,717.135498046875,180.02725219726562,427.0042724609375,140.20411682128906,669.5491943359375,218.81410217285156,159.67852783203125,917.97021484375
2016-03-14,287.27423095703125,232.3815155029297,721.8092651367188,186.59356689453125,426.3318176269531,141.8404541015625,668.7303466796875,219.94647216796875,161.1414337158203,913.992431640625
2016-03-15,289.0868225097656,232.18927001953125,708.0408325195312,186.3410186767578,423.79144287109375,138.10952758789062,666.7821044921875,220.10826110839844,164.28890991210938,904.2505493164062
2016-03-16,285.3773193359375,233.03732299804688,710.862060546875,190.59231567382812,430.5345764160156,140.5313720703125,668.1656494140625,220.37783813476562,164.20025634765625,903.1441650390625
2016-03-17,287.27423095703125,230.312255859375,715.4935302734375,191.72879028320312,434.00897216796875,141.2295684814453,673.8410034179688,221.60494995117188,165.2198486328125,912.846923828125
2016-03-18,290.26715087890625,232.57373046875,714.3987426757812,193.79132080078125,445.8327331542969,141.70956420898438,677.2574462890625,224.0478515625,169.56423950195312,941.4893188476562
2016-03-21,298.1498107910156,236.4635467529297,740.756591796875,197.70584106445312,446.3931884765625,144.6332244873047,693.5493774414062,226.25082397460938,174.48492431640625,949.4066772460938
2016-03-22,295.831298828125,238.32928466796875,732.7567138671875,196.65354919433594,444.54388427734375,141.01138305664062,698.7166137695312,228.55194091796875,175.10552978515625,959.827392578125
2016-03-23,301.9856872558594,237.31153869628906,735.661865234375,197.15866088867188,451.21240234375,141.49139404296875,701.6812133789062,224.48410034179688,174.3076171875,960.0992431640625
2016-03-28,294.9040222167969,236.8932342529297,727.2830810546875,189.79257202148438,450.1289978027344,140.70590209960938,681.2386474609375,222.56466674804688,166.94874572753906,959.9440307617188
2016-03-29,298.8663635253906,238.31797790527344,725.177734375,188.0668182373047,447.2710876464844,139.63685607910156,674.2362670898438,226.0217742919922,168.01268005371094,958.3914794921875
2016-03-30,298.27618408203125,240.83956909179688,725.5988159179688,199.93673706054688,450.52130126953125,142.84414672851562,693.4930419921875,228.37744140625,175.14988708496094,966.1919555664062
2016-03-31,295.7470397949219,242.24169921875,732.2092895507812,199.22116088867188,455.1348876953125,143.2368621826172,687.08349609375,227.97390747070312,172.22406005859375,978.1458740234375
2016-04-01,282.8059997558594,240.72647094726562,730.7776489257812,200.6101837158203,450.33447265625,146.64051818847656,699.0552978515625,225.62921142578125,173.46531677246094,952.3758544921875
2016-04-04,293.8080139160156,241.76673889160156,734.4829711914062,200.989013671875,464.6238708496094,144.305908203125,697.8977661132812,225.7600555419922,172.62303161621094,959.109375
2016-04-05,278.6328125,239.14340209960938,731.3671875,189.9188232421875,455.6953125,142.45138549804688,674.9139404296875,223.9933319091797,163.44662475585938,955.8102416992188
2016-04-06,282.0050964355469,240.059326171875,734.06201171875,187.3512420654297,448.5599670410156,142.21139526367188,684.3446044921875,225.47650146484375,163.00331115722656,963.24267578125
2016-04-07,279.26513671875,238.70245361328125,724.2093505859375,185.4571075439453,441.3872375488281,139.39683532714844,667.9962158203125,226.23989868164062,161.3187713623047,958.9345703125
2016-04-08,282.0893249511719,239.5731201171875,716.1251831054688,186.25685119628906,435.50323486328125,140.1604766845703,673.2762451171875,226.0436248779297,162.33836364746094,943.8955078125
2016-04-11,293.5972595214844,242.1964569091797,727.830322265625,189.16119384765625,442.2838134765625,142.80047607421875,685.1917114257812,226.90516662597656,166.90440368652344,972.84814453125
2016-04-12,295.1568908691406,240.39854431152344,734.7355346679688,192.57061767578125,441.648681640625,140.68409729003906,690.3023681640625,228.45375061035156,166.50543212890625,977.3117065429688
2016-04-13,296.12640380859375,244.63890075683594,755.9566040039062,202.58853149414062,438.0996398925781,144.54595947265625,697.3611450195312,232.52162170410156,170.14051818847656,980.4359741210938
2016-04-18,302.9974060058594,246.00711059570312,757.1776123046875,199.64208984375,462.7559814453125,146.35687255859375,707.5824584960938,232.2380828857422,165.57447814941406,977.9328002929688
2016-04-20,300.6789855957031,248.27987670898438,761.3460693359375,200.3997344970703,464.5865783691406,146.4005126953125,714.8953857421875,226.25082397460938,166.06210327148438,950.9976196289062
2016-04-21,301.184814453125,246.7647247314453,761.303955078125,213.02732849121094,458.1236267089844,143.9786834716797,706.9894409179688,227.09056091308594,172.3126983642578,940.9264526367188
2016-04-22,297.68603515625,246.99085998535156,744.5883178710938,212.14340209960938,452.501220703125,142.16775512695312,714.4154663085938,226.61070251464844,177.45506286621094,938.0740966796875
2016-04-25,302.61798095703125,247.2396240234375,744.5460815429688,212.94313049316406,454.2196044921875,140.05137634277344,714.6412963867188,221.80126953125,174.70657348632812,951.34765625
2016-04-26,303.8404541015625,251.89828491210938,745.8934936523438,213.869140625,460.3092346191406,142.86599731445312,723.394287109375,221.81216430664062,178.1643524169922,966.30859375
2016-04-27,314.50518798828125,254.23898315429688,751.3250122070312,205.91380310058594,463.2977294921875,145.54959106445312,720.824951171875,222.34657287597656,173.9086151123047,974.5756225585938
2016-04-28,314.21014404296875,251.9209442138672,737.8934326171875,202.12550354003906,451.71673583984375,140.9022979736328,711.2813110351562,217.3953399658203,170.27352905273438,981.0374145507812
2016-04-29,306.53826904296875,256.0821228027344,730.86181640625,199.47373962402344,451.3243408203125,141.7968292236328,708.4859619140625,214.3417510986328,167.56936645507812,984.0449829101562
2016-05-02,301.64849853515625,252.75770568847656,727.5357055664062,190.88694763183594,448.6907653808594,140.13864135742188,706.3119506835938,215.26873779296875,164.90951538085938,980.6295776367188
2016-05-03,310.5428466796875,252.83680725097656,716.6302490234375,186.1305694580078,440.0049133300781,137.91319274902344,706.678955078125,212.83673095703125,163.18064880371094,961.7678833007812
2016-05-04,304.7256164550781,254.9513397216797,718.6514282226562,180.53233337402344,444.13299560546875,136.42953491210938,704.0812377929688,213.3384246826172,159.54551696777344,961.7291259765625
2016-05-05,298.78204345703125,256.07080078125,715.91455078125,180.70069885253906,445.47784423828125,138.61134338378906,719.3568115234375,212.716796875,159.90016174316406,958.740966796875
2016-05-06,302.74444580078125,253.2100067138672,718.6514282226562,184.02597045898438,441.3872375488281,138.63319396972656,711.78955078125,211.3426513671875,163.44662475585938,959.9440307617188
2016-05-09,309.2360534667969,258.1287841796875,711.998779296875,189.66627502441406,447.9435729980469,141.73141479492188,731.0462036132812,214.42898559570312,167.30337524414062,975.1383056640625
2016-05-10,310.96435546875,258.92034912109375,726.2724609375,189.83465576171875,453.0802917480469,141.16412353515625,745.4462280273438,214.30902099609375,168.01268005371094,979.1549072265625
2016-05-11,302.5758056640625,257.5408935546875,726.3566284179688,188.52980041503906,448.989501953125,138.76412963867188,749.7945556640625,212.74949645996094,164.02291870117188,977.369873046875
2016-05-12,305.2736511230469,259.8700866699219,718.3146362304688,195.13824462890625,452.0343322753906,138.8513946533203,743.2156982421875,216.54469299316406,167.1260528564453,995.9601440429688
2016-05-13,299.20361328125,258.0157470703125,700.4619750976562,190.67649841308594,451.0068664550781,139.3531951904297,726.5003051757812,213.34930419921875,163.88992309570312,979.3492431640625
2016-05-16,297.98114013671875,262.9684143066406,712.6304931640625,188.36146545410156,453.9021911621094,143.73866271972656,724.6649169921875,212.8694610595703,156.7527313232422,990.1190185546875
2016-05-17,296.0842590332031,260.85394287109375,702.356689453125,190.21348571777344,453.6219482421875,144.2186737060547,729.0980224609375,211.38626098632812,156.79702758789062,997.5122680664062
2016-05-18,296.12640380859375,257.959228515625,695.15673828125,190.63442993164062,451.9781188964844,145.1786651611328,739.686279296875,211.691650390625,159.54551696777344,990.0994262695312
2016-05-19,290.6886291503906,257.6539306640625,686.3988647460938,189.8767547607422,450.446533203125,141.75318908691406,714.9801635742188,207.47109985351562,153.1175994873047,992.369873046875
2016-05-20,288.28594970703125,258.0157470703125,684.1250610351562,185.28875732421875,448.8962097167969,144.1532440185547,708.768310546875,203.76312255859375,151.92068481445312,981.6390991210938
2016-05-23,291.5738830566406,257.0771789550781,690.1883544921875,186.1305694580078,443.8153991699219,151.35324096679688,700.9188232421875,202.84706115722656,149.30517578125,966.94921875
2016-05-24,290.9837341308594,257.80084228515625,693.1356811523438,189.03492736816406,443.7220458984375,151.87689208984375,701.4554443359375,205.12637329101562,150.28045654296875,957.7315063476562
2016-05-25,296.4636535644531,265.343017578125,707.4512329101562,197.83213806152344,451.5299987792969,155.36781311035156,729.3801879882812,207.47109985351562,155.24546813964844,980.5327758789062
2016-05-26,297.4753112792969,267.59320068359375,716.0829467773438,203.00942993164062,461.05621337890625,158.1605682373047,832.4682006835938,206.5222930908203,163.26930236816406,989.1683959960938
2016-05-27,296.12640380859375,268.39605712890625,725.2198486328125,204.69313049316406,466.043701171875,156.78599548339844,832.8917236328125,212.59678649902344,173.68699645996094,998.46337890625
2016-05-30,300.0466613769531,266.80169677734375,719.4513549804688,205.82958984375,473.55255126953125,159.4823760986328,839.78125,211.28810119628906,176.302490234375,1023.205078125
2016-05-31,296.2528991699219,267.28790283203125,714.2725830078125,205.9558563232422,466.4731750488281,157.04428100585938,832.1293334960938,208.9215850830078,181.7108154296875,997.2020263671875
2016-06-01,306.2431945800781,265.7613830566406,720.125,202.08338928222656,470.04095458984375,161.67440795898438,827.329345703125,207.9945831298828,175.77052307128906,1022.0990600585938
2016-06-02,308.730224609375,265.7161560058594,731.114501953125,203.1778106689453,471.29241943359375,160.1533966064453,834.21875,208.57257080078125,177.80970764160156,1028.5416259765625
2016-06-03,301.9435119628906,264.99249267578125,745.1356201171875,205.19822692871094,473.2910461425781,158.31924438476562,824.81640625,209.3141632080078,176.59707641601562,1020.5472412109375
2016-06-06,294.01873779296875,264.845458984375,740.50390625,204.98776245117188,473.2349853515625,159.07974243164062,829.108154296875,208.25631713867188,178.66305541992188,1024.4483642578125
2016-06-07,294.3559875488281,265.4334411621094,755.4093017578125,213.91127014160156,469.7420349121094,162.27833557128906,840.2329711914062,208.31082153320312,188.7684326171875,1031.76171875
2016-06-08,297.3066711425781,262.9231872558594,755.5355224609375,216.8997344970703,462.53179931640625,162.30068969726562,853.3908081054688,208.10365295410156,189.262451171875,1024.683837890625
2016-06-09,296.12640380859375,262.19952392578125,738.0618286132812,214.2900848388672,448.0382080078125,158.40870666503906,842.2377319335938,211.822509765625,188.5887908935547,1010.6257934570312
2016-06-10,295.9999694824219,262.6405334472656,736.546142578125,212.6485137939453,446.1863708496094,156.88766479492188,840.119873046875,213.0330352783203,184.99575805664062,1002.1951293945312
2016-06-13,288.665283203125,260.72955322265625,736.1671142578125,205.19822692871094,446.2997741699219,156.5298309326172,827.9505615234375,213.99273681640625,181.26800537109375,998.7636108398438
2016-06-14,288.8760986328125,260.4920959472656,729.0093994140625,206.20843505859375,444.0700378417969,158.05084228515625,824.7881469726562,212.93487548828125,186.5677032470703,993.999267578125
2016-06-15,296.6744079589844,264.4949951171875,736.546142578125,208.73394775390625,449.7200012207031,160.84681701660156,854.8589477539062,214.7561492919922,194.0681610107422,1002.6264038085938
2016-06-16,292.12188720703125,262.82147216796875,740.5881958007812,205.38320922851562,448.2271728515625,158.76658630371094,843.7906494140625,212.94577026367188,194.0232391357422,1003.1947631835938
2016-06-17,300.9739685058594,264.5967102050781,742.188232421875,204.86770629882812,445.7706604003906,160.98101806640625,835.9129028320312,212.64041137695312,191.73268127441406,1020.56640625
2016-06-20,307.2970275878906,265.0603332519531,740.5460815429688,204.56700134277344,456.82513427734375,160.17578125,851.0472412109375,215.9775848388672,193.9333953857422,1042.8004150390625
2016-06-21,305.35797119140625,263.8390808105469,732.8409423828125,204.35220336914062,455.82354736328125,160.37709045410156,844.1294555664062,215.3014373779297,192.22669982910156,1039.624267578125
2016-06-22,306.0745544433594,264.9358825683594,731.5637817382812,205.34024047851562,453.32916259765625,158.6771240234375,842.294189453125,213.86187744140625,191.2386474609375,1046.07470703125
2016-06-23,307.5499572753906,269.1423645019531,740.162841796875,206.9727020263672,457.90228271484375,161.15997314453125,846.275390625,213.8509979248047,195.41551208496094,1037.3302001953125
2016-06-24,300.0045166015625,262.7649230957031,731.43603515625,198.42396545410156,451.45849609375,158.40870666503906,807.8750610351562,207.525634765625,189.7565155029297,1009.3316040039062
2016-06-27,296.04205322265625,262.32391357421875,731.2232055664062,199.92750549316406,440.74420166015625,160.57839965820312,828.2893676757812,208.44171142578125,195.0562286376953,978.7063598632812
2016-06-28,301.058349609375,263.90692138671875,755.82861328125,200.3141326904297,438.07977294921875,164.85061645507812,832.4116821289062,208.91065979003906,193.9333953857422,966.1969604492188
2016-06-29,300.299560546875,266.3807678222656,752.4656372070312,203.3212127685547,444.76910400390625,163.866455078125,837.5789184570312,210.8955078125,195.10113525390625,981.4706420898438
2016-06-30,309.2360534667969,268.23907470703125,765.0237426757812,206.6719512939453,442.4827575683594,164.805908203125,845.0894775390625,211.38626098632812,196.53834533691406,1001.1555786132812
2016-07-01,310.5428466796875,267.7945251464844,764.2149047851562,206.5001220703125,443.08734130859375,169.3353729248047,871.1509399414062,212.32415771484375,197.2569580078125,980.6669311523438
2016-07-04,314.75811767578125,267.4068603515625,760.341064453125,213.2016143798828,447.452392578125,164.33619689941406,885.5228881835938,215.2141876220703,200.31103515625,978.058837890625
2016-07-05,308.477294921875,265.76519775390625,757.91455078125,210.5811309814453,444.2400207519531,163.4302978515625,890.0403442382812,216.61012268066406,200.76014709472656,974.569091796875
2016-07-07,306.3274841308594,270.3367004394531,781.8388061523438,210.3663787841797,437.3616027832031,165.74533081054688,877.8426513671875,215.47592163085938,197.6611785888672,952.8055419921875
2016-07-08,299.3300476074219,267.874267578125,783.882080078125,207.87478637695312,437.72064208984375,164.97366333007812,865.5037841796875,213.40382385253906,196.0892333984375,951.551025390625
2016-07-11,303.37677001953125,273.5516357421875,791.2892456054688,214.6621856689453,444.0888671875,167.1880645751953,880.835693359375,216.47927856445312,201.83804321289062,966.2753295898438
2016-07-12,306.285400390625,274.0989074707031,787.798583984375,224.84326171875,444.65576171875,166.68479919433594,885.46630859375,218.85671997070312,203.63455200195312,966.5892333984375
2016-07-13,306.6225891113281,273.09564208984375,789.6290893554688,224.37071228027344,451.1750183105469,165.81243896484375,876.092041015625,220.02365112304688,204.53280639648438,977.6279907226562
2016-07-14,309.362548828125,273.6884460449219,794.311767578125,230.7715301513672,444.5423583984375,166.8861083984375,883.4614868164062,219.18386840820312,208.39532470703125,988.9210815429688
2016-07-15,319.4371032714844,279.01239013671875,801.5912475585938,228.3228759765625,405.350830078125,166.9867706298828,895.5462646484375,220.776123046875,207.9462127685547,958.903564453125
2016-07-18,305.7373046875,279.86749267578125,784.9463500976562,226.3038330078125,408.90338134765625,167.0203094482422,889.0805053710938,219.47836303710938,205.47598266601562,954.2369384765625
2016-07-19,307.1283874511719,277.79254150390625,762.1290283203125,231.24404907226562,410.7930603027344,167.12098693847656,888.1767578125,221.99757385253906,206.23948669433594,967.0792846679688
2016-07-20,306.36962890625,280.9504699707031,772.1329345703125,229.82643127441406,409.3380126953125,167.9261932373047,887.0755004882812,223.1317596435547,207.6317901611328,978.3529052734375
2016-07-21,310.1212463378906,280.1296691894531,774.814697265625,225.01512145996094,408.1285705566406,168.1610565185547,879.565185546875,219.5001678466797,202.69140625,982.7059936523438
2016-07-22,309.6997375488281,280.6312561035156,768.9828491210938,226.34681701660156,405.31304931640625,167.6577606201172,888.854736328125,221.35414123535156,200.76014709472656,986.2550048828125
2016-07-25,313.577880859375,284.3135681152344,772.1754760742188,230.81446838378906,408.48760986328125,168.93275451660156,895.5745849609375,223.0772247314453,206.5089569091797,1006.0497436523438
2016-07-26,311.8074035644531,282.455322265625,768.5570678710938,224.80029296875,411.45440673828125,168.93275451660156,899.4146728515625,223.36077880859375,203.63455200195312,1003.5535278320312
2016-07-27,314.0837097167969,282.0335388183594,769.5362548828125,232.48983764648438,410.1883850097656,166.01376342773438,904.751220703125,220.9724578857422,205.9251251220703,1013.3621826171875
2016-07-28,313.5357360839844,284.65557861328125,774.2613525390625,233.6926727294922,407.2215881347656,170.64385986328125,890.6897583007812,223.8624725341797,207.49705505371094,1029.7567138671875
2016-07-29,305.23150634765625,284.1425476074219,785.4571533203125,225.87428283691406,405.8420715332031,169.4024658203125,880.2991333007812,221.36505126953125,206.05982971191406,1029.7767333984375
2016-08-01,306.87548828125,283.2533874511719,787.5431518554688,214.36146545410156,410.1505126953125,168.1610565185547,843.5082397460938,220.18722534179688,204.17352294921875,1064.747314453125
2016-08-02,301.64849853515625,283.48138427734375,789.5866088867188,210.7529754638672,409.6025085449219,175.005615234375,848.9576416015625,220.90699768066406,204.8472137451172,1061.188720703125
2016-08-03,302.53369140625,282.83154296875,778.007568359375,208.003662109375,410.018310546875,169.5702362060547,834.981201171875,216.79554748535156,203.5896453857422,1044.32275390625
2016-08-04,308.77239990234375,282.95697021484375,781.6260375976562,206.5001220703125,405.06732177734375,169.16763305664062,829.644775390625,216.5883331298828,202.69140625,1042.6324462890625
2016-08-05,306.87548828125,284.8380432128906,787.968994140625,211.31143188476562,403.6312255859375,169.4696044921875,853.9554443359375,221.6595001220703,209.0690155029297,1041.491943359375
2016-08-08,296.3793029785156,284.9178161621094,791.3746337890625,210.71002197265625,407.6751708984375,167.72491455078125,851.1036987304688,224.49497985839844,209.51812744140625,1041.6492919921875
2016-08-09,294.60888671875,284.37060546875,795.4185791015625,210.7959442138672,409.4514465332031,166.18153381347656,847.6023559570312,224.81124877929688,211.22483825683594,1041.92431640625
2016-08-10,292.0797119140625,279.7420349121094,787.5006713867188,205.64096069335938,409.0545349121094,165.4098358154297,837.5789184570312,218.91123962402344,207.9462127685547,1051.8319091796875
2016-08-11,293.1461486816406,280.0498046875,796.610595703125,208.51914978027344,407.1649169921875,168.86566162109375,832.77880859375,221.1905517578125,204.0387725830078,1065.3953857421875
2016-08-12,294.3733825683594,280.1524658203125,796.0571899414062,211.31143188476562,401.57147216796875,170.50967407226562,842.4917602539062,225.9236297607422,218.54559326171875,1076.6199951171875
2016-08-16,289.8452453613281,279.8332824707031,788.5648803710938,213.54527282714844,397.5087585449219,171.18072509765625,850.6517944335938,223.5461883544922,221.6445770263672,1058.240478515625
2016-08-17,292.55364990234375,281.56610107421875,777.4967041015625,212.72906494140625,390.51702880859375,170.2412567138672,848.477783203125,221.0160369873047,221.1954803466797,1031.8402099609375
2016-08-18,298.9015808105469,285.5790710449219,772.1329345703125,217.28262329101562,386.7754821777344,169.2011260986328,847.2485961914062,222.05210876464844,223.12669372558594,1037.344482421875
2016-08-19,297.42041015625,284.3478088378906,775.3255615234375,218.1417999267578,385.9818115234375,168.3959197998047,854.2514038085938,221.36505126953125,232.19908142089844,1023.5647583007812
2016-08-22,296.40472412109375,285.07745361328125,791.8426513671875,216.72415161132812,383.7709045410156,170.50967407226562,853.2796020507812,220.6997833251953,228.8755645751953,1002.0197143554688
2016-08-23,299.409423828125,285.3395690917969,784.7337036132812,214.96287536621094,392.9169006347656,168.6978759765625,844.4190063476562,220.39442443847656,228.8306427001953,1022.601318359375
2016-08-24,298.4360656738281,287.69952392578125,782.7754516601562,213.4593505859375,399.62518310546875,167.9261932373047,842.33251953125,222.5865020751953,228.5162353515625,1011.199951171875
2016-08-25,292.84991455078125,286.95849609375,775.4533081054688,212.1706085205078,391.5940856933594,170.07354736328125,831.5567626953125,220.8851776123047,224.69863891601562,1002.9437866210938
2016-08-26,291.1147766113281,286.62786865234375,770.089599609375,210.7529754638672,385.58502197265625,170.30838012695312,815.8649291992188,224.20054626464844,221.50987243652344,992.6826171875
2016-08-29,289.97222900390625,282.2957458496094,770.6854858398438,215.22064208984375,386.5486145019531,169.63735961914062,834.3292846679688,230.6458282470703,223.7105712890625,983.0899047851562
2016-08-30,280.87353515625,289.2613830566406,787.372802734375,220.16082763671875,393.2002868652344,172.656982421875,843.5615844726562,232.59796142578125,226.58499145507812,1000.2310791015625
2016-08-31,280.7042236328125,294.40289306640625,780.7745971679688,221.66436767578125,391.4807434082031,174.50234985351562,864.8841552734375,231.2020263671875,226.8095703125,987.316162109375
2016-09-01,263.0993957519531,292.69287109375,788.2242431640625,224.19891357421875,392.12322998046875,175.13980102539062,861.5400390625,224.48410034179688,226.3604278564453,985.8221435546875
2016-09-02,269.912841796875,293.01202392578125,783.9247436523438,224.49960327148438,389.968994140625,176.414794921875,860.3681640625,221.02696228027344,228.69590759277344,988.6922607421875
2016-09-06,272.1134338378906,296.5006408691406,798.4837036132812,234.29409790039062,394.9388427734375,176.21347045898438,866.8564453125,222.4556121826172,233.6363067626953,976.6029663085938
2016-09-07,270.9707946777344,293.38824462890625,794.3543090820312,238.97653198242188,398.47247314453125,176.34767150878906,867.9139404296875,221.96485900878906,239.65460205078125,959.5008544921875
2016-09-08,274.5679626464844,293.9925231933594,810.147705078125,237.43002319335938,392.1609802246094,177.75685119628906,880.0617065429688,225.400146484375,241.04693603515625,912.9324340820312
2016-09-09,272.6212158203125,294.22052001953125,791.7576293945312,235.4969024658203,391.3484191894531,173.32803344726562,867.599609375,227.83216857910156,237.22930908203125,924.8643188476562
2016-09-12,269.193359375,291.8264465332031,781.9666137695312,230.42782592773438,398.3402099609375,169.26829528808594,836.4443969726562,228.2574920654297,227.0341339111328,927.4590454101562
2016-09-14,270.7169189453125,289.4437255859375,773.4526977539062,233.22010803222656,395.1656188964844,168.9998779296875,843.3615112304688,227.8757781982422,231.34573364257812,915.4285278320312
2016-09-15,273.1290588378906,291.7580261230469,778.177734375,232.48983764648438,393.8805847167969,171.71754455566406,840.474609375,232.2926025390625,229.95346069335938,914.8394775390625
2016-09-16,273.890869140625,295.91912841796875,776.2196655273438,229.6975555419922,400.6644287109375,174.70364379882812,842.1610717773438,234.59368896484375,228.42642211914062,928.5010375976562
2016-09-19,274.3562927246094,294.16351318359375,776.432373046875,233.34902954101562,401.0612487792969,173.69708251953125,845.9338989257812,236.08779907226562,229.63905334472656,948.06005859375
2016-09-20,270.1666564941406,293.7759094238281,768.7272338867188,233.77859497070312,396.8851013183594,172.42208862304688,843.7330932617188,234.2992706298828,228.56117248535156,946.1142578125
2016-09-21,272.40960693359375,294.8133239746094,777.3690795898438,231.88844299316406,399.0015563964844,170.20773315429688,841.5322265625,233.87393188476562,225.59690856933594,948.8271484375
2016-09-22,276.7685852050781,297.9826354980469,774.8997802734375,236.6997528076172,400.1543273925781,171.28138732910156,857.45263671875,237.51646423339844,231.66014099121094,934.9093017578125
2016-09-23,276.72625732421875,299.30511474609375,775.2404174804688,233.0482940673828,394.012939453125,170.07354736328125,855.7662963867188,240.537353515625,228.65097045898438,942.8117065429688
2016-09-26,271.14013671875,295.53155517578125,759.9578857421875,225.5735626220703,391.4996337890625,166.44992065429688,837.8736572265625,241.49708557128906,226.0460205078125,943.9910278320312
2016-09-27,266.442626953125,295.96478271484375,763.9594116210938,223.38267517089844,392.95465087890625,164.97366333007812,821.1240844726562,242.21682739257812,223.66566467285156,957.751708984375
2016-09-28,272.3250427246094,295.3263244628906,755.3178100585938,224.027099609375,392.65228271484375,165.71176147460938,832.2713012695312,237.88726806640625,227.93238830566406,952.6211547851562
2016-09-29,267.20440673828125,291.2791748046875,747.7830200195312,215.09176635742188,388.9674377441406,164.87298583984375,821.81005859375,233.9175567626953,222.09371948242188,958.4194946289062
2016-09-30,265.7655029296875,290.2189636230469,738.8858032226562,216.63827514648438,391.5563659667969,161.95401000976562,819.2661743164062,236.37135314941406,225.68673706054688,955.6677856445312
2016-10-03,269.7435302734375,293.49090576171875,739.652099609375,220.07492065429688,392.33099365234375,162.5915069580078,840.7318725585938,237.89817810058594,229.32467651367188,948.1580810546875
2016-10-04,274.2294006347656,294.02667236328125,732.5430297851562,221.836181640625,396.526123046875,161.8533477783203,828.4126586914062,239.13050842285156,233.32192993164062,945.583251953125
2016-10-05,272.28271484375,293.2401123046875,741.525146484375,219.47348022460938,393.615966796875,161.18231201171875,831.1566162109375,237.61460876464844,234.30999755859375,938.192138671875
2016-10-06,272.79052734375,292.2938232421875,753.0191040039062,215.86500549316406,388.2872009277344,159.30343627929688,831.47119140625,242.2823028564453,230.6720428466797,939.1358032226562
2016-10-07,270.3783874511719,291.98602294921875,746.8887939453125,215.30654907226562,382.6749267578125,160.34353637695312,832.87158203125,241.8896484375,232.3787384033203,930.8993530273438
2016-10-10,267.3736877441406,292.841064453125,745.9525146484375,214.87696838378906,389.2508850097656,161.115234375,828.8986206054688,239.13050842285156,230.492431640625,935.8140869140625
2016-10-13,259.62921142578125,287.9161071777344,733.9476928710938,207.1874542236328,397.7166748046875,160.34353637695312,822.2673950195312,230.5803985595703,224.24954223632812,915.6058959960938
2016-10-14,258.486572265625,287.69952392578125,717.0899047851562,207.70294189453125,388.1927185058594,160.98101806640625,843.104248046875,235.05174255371094,226.45025634765625,930.2702026367188
2016-10-17,255.01641845703125,282.20452880859375,723.0498046875,222.30873107910156,386.3975524902344,161.45074462890625,827.7266845703125,231.34381103515625,227.43833923339844,928.7958984375
2016-10-18,259.5445861816406,286.7988586425781,728.4560546875,232.27508544921875,392.69012451171875,165.04075622558594,850.7642822265625,235.8042755126953,230.7618865966797,943.636962890625
2016-10-19,259.7984619140625,286.9129333496094,720.2825927734375,227.72146606445312,393.7294006347656,160.67904663085938,852.3650512695312,237.16746520996094,229.41448974609375,941.6320190429688
2016-10-20,261.61822509765625,286.2630615234375,715.4296875,238.5039825439453,391.7830505371094,160.6119384765625,859.56787109375,237.21112060546875,233.7261199951172,944.0106811523438
2016-10-21,262.1683654785156,289.7287902832031,724.7101440429688,238.33213806152344,396.6152038574219,161.14874267578125,863.6837768554688,232.11810302734375,232.19908142089844,954.8223266601562
2016-10-24,259.5445861816406,288.0985107421875,722.283447265625,244.47515869140625,392.3369445800781,161.95401000976562,853.2796020507812,231.92178344726562,236.19635009765625,957.01025390625
2016-10-25,263.9034423828125,285.07745361328125,708.6611938476562,248.51324462890625,388.5552978515625,160.20928955078125,848.3920288085938,231.38743591308594,234.84898376464844,945.4794921875
2016-10-26,268.8971862792969,282.56939697265625,717.6008911132812,239.19131469726562,387.4093322753906,160.20928955078125,847.363037109375,229.9042510986328,232.4236602783203,944.6123657226562
2016-10-27,273.4676818847656,285.48779296875,715.4296875,244.26040649414062,383.32208251953125,163.12832641601562,843.3615112304688,228.73731994628906,229.41448974609375,953.2260131835938
2016-10-28,269.8704833984375,287.0724792480469,712.1945190429688,237.85963439941406,381.0301818847656,163.12832641601562,846.4484252929688,230.10055541992188,231.74996948242188,945.5783081054688
2016-11-01,268.68560791015625,287.24346923828125,717.13134765625,236.57086181640625,377.9552307128906,161.01455688476562,836.4158935546875,229.23898315429688,232.6033172607422,926.3806762695312
2016-11-02,262.0414123535156,284.1311950683594,722.1539916992188,233.6067352294922,374.7464904785156,159.236328125,828.1268310546875,223.29534912109375,225.50709533691406,908.2667236328125
2016-11-03,261.49127197265625,286.13763427734375,720.6942749023438,231.75953674316406,369.3223571777344,161.24942016601562,825.5830688476562,223.33895874023438,220.656494140625,914.3375244140625
2016-11-04,259.5869140625,283.57257080078125,728.0782470703125,231.80250549316406,370.9076232910156,167.12098693847656,811.6346435546875,219.32568359375,218.14141845703125,918.7130737304688
2016-11-07,258.65582275390625,284.8835754394531,719.1919555664062,239.44906616210938,373.5624084472656,172.12017822265625,799.1725463867188,218.365966796875,226.98919677734375,897.6234130859375
2016-11-08,258.06341552734375,285.98944091796875,725.1591186523438,243.31533813476562,375.3385925292969,171.51622009277344,798.7152709960938,218.8785400390625,226.94430541992188,900.0475463867188
2016-11-09,254.76246643066406,285.2939758300781,711.1640625,241.811767578125,366.0564270019531,166.51702880859375,794.8565673828125,219.11846923828125,233.54649353027344,855.3645629882812
2016-11-10,261.23736572265625,291.5186462402344,702.79296875,251.39144897460938,358.8368225097656,168.46302795410156,807.23291015625,220.38351440429688,252.6793212890625,849.6879272460938
2016-11-11,255.10107421875,290.8916320800781,688.3687744140625,237.4729766845703,352.0184326171875,163.02767944335938,793.913330078125,218.49681091308594,245.2238006591797,828.2825927734375
2016-11-15,256.1590576171875,286.092041015625,691.5455932617188,231.75953674316406,352.7823791503906,159.37051391601562,783.3377685546875,214.93067932128906,249.89474487304688,836.2259521484375
2016-11-16,262.0837097167969,283.72076416015625,694.3789672851562,228.70953369140625,359.40985107421875,154.9416961669922,786.3389282226562,215.18148803710938,248.99649047851562,863.1502685546875
2016-11-17,251.5039520263672,280.4944152832031,696.8687133789062,229.95529174804688,355.1697998046875,155.34432983398438,783.7378540039062,213.26206970214844,249.2210235595703,842.49365234375
2016-11-18,257.09002685546875,276.20794677734375,689.313232421875,227.3348388671875,351.42633056640625,152.89503479003906,783.4235229492188,215.38868713378906,247.73887634277344,837.7239990234375
2016-11-21,253.49293518066406,273.3122253417969,684.9344482421875,224.41371154785156,348.02667236328125,150.4457244873047,770.5327758789062,216.2611541748047,231.16610717773438,840.7986450195312
2016-11-22,257.25927734375,273.1640625,703.9520874023438,225.70245361328125,349.2109069824219,151.720703125,760.042724609375,218.43138122558594,231.16610717773438,841.6266479492188
2016-11-23,254.38162231445312,270.13153076171875,714.0833129882812,227.6355438232422,351.5218200683594,150.74774169921875,775.877685546875,220.0781707763672,232.3338165283203,850.0425415039062
2016-11-24,255.94741821289062,265.7424011230469,708.5884399414062,222.78128051757812,355.36077880859375,149.9760284423828,771.5331420898438,215.35595703125,235.1184539794922,862.6971435546875
2016-11-25,254.76246643066406,271.1690368652344,715.714599609375,223.46861267089844,373.3905029296875,153.53253173828125,783.5664672851562,216.74098205566406,234.3998260498047,906.808349609375
2016-11-28,269.82818603515625,270.0631103515625,719.3636474609375,219.3446502685547,374.25,156.82058715820312,775.706298828125,215.2032928466797,227.75271606445312,899.811279296875
2016-11-29,274.9488525390625,268.7635192871094,714.9418334960938,219.47348022460938,371.5188293457031,155.04237365722656,773.1337890625,217.61346435546875,226.98919677734375,890.84326171875
2016-11-30,274.7371826171875,273.5174865722656,724.6439208984375,228.15106201171875,372.6456604003906,156.01536560058594,790.4548950195312,215.9448699951172,232.06436157226562,897.2291259765625
2016-12-01,269.3203430175781,272.98162841796875,728.1641845703125,222.65240478515625,372.6647033691406,156.6864013671875,793.6561279296875,217.6243438720703,229.63905334472656,892.2620849609375
2016-12-02,269.658935546875,271.1234130859375,713.8687744140625,222.95310974121094,368.4246826171875,153.33123779296875,778.5072021484375,216.97003173828125,228.24676513671875,875.8632202148438
2016-12-05,276.5569763183594,272.7764587402344,725.4166870117188,224.1129913330078,367.3360290527344,156.0488739013672,775.2488403320312,216.7737274169922,230.7618865966797,861.73095703125
2016-12-06,278.3343811035156,272.3431701660156,717.7752685546875,224.2418670654297,369.1886291503906,154.47198486328125,778.6787109375,219.2493133544922,232.73805236816406,860.2922973632812
2016-12-07,277.74188232421875,269.413330078125,715.8004760742188,222.2657928466797,369.1504211425781,152.45887756347656,773.9053344726562,217.92971801757812,229.5941619873047,849.3333129882812
2016-12-08,281.3813171386719,273.49468994140625,723.7852783203125,225.74537658691406,376.12176513671875,156.55218505859375,781.4227294921875,222.48834228515625,233.4566650390625,865.574462890625
2016-12-09,281.0004577636719,273.2210693359375,725.5453491210938,230.6426239013672,377.9169616699219,158.4646453857422,778.7073974609375,224.4295654296875,239.51988220214844,865.3775634765625
2016-12-12,278.5882873535156,270.0631103515625,714.8561401367188,227.54966735839844,373.3332214355469,155.8811492919922,780.279541015625,224.0478515625,236.82510375976562,870.4822387695312
2016-12-13,279.3076477050781,270.4735107421875,713.6110229492188,227.16302490234375,378.2417907714844,158.12911987304688,786.4248046875,226.7960968017578,239.07073974609375,867.3679809570312
2016-12-14,273.04443359375,268.0680847167969,705.5833129882812,223.85525512695312,381.8896484375,156.45152282714844,777.421142578125,231.0929718017578,236.15142822265625,870.2457275390625
2016-12-15,269.5318908691406,268.2732849121094,700.6466064453125,223.64048767089844,379.06298828125,154.136474609375,775.6490478515625,229.66432189941406,238.3970489501953,890.6260986328125
2016-12-16,262.5915832519531,269.5729675292969,701.4193115234375,219.60235595703125,383.952392578125,151.8885040283203,777.792724609375,230.5803985595703,237.8131866455078,899.8307495117188
2016-12-19,258.5711975097656,268.30755615234375,695.2373046875,220.89112854003906,383.76141357421875,152.3246612548828,768.8463745117188,231.75820922851562,234.75914001464844,902.2943725585938
2016-12-20,256.07440185546875,269.4817199707031,688.0682373046875,216.16571044921875,386.6261901855469,154.30418395996094,774.8772583007812,230.74400329589844,228.65097045898438,922.162353515625
2016-12-21,255.35499572753906,269.0485534667969,684.1187744140625,217.5833282470703,382.57720947265625,151.85491943359375,767.159912109375,231.910888671875,229.36959838867188,912.0314331054688
2016-12-22,247.35662841796875,267.4752502441406,675.74755859375,217.32559204101562,376.140869140625,152.6937255859375,751.525146484375,229.75157165527344,224.38426208496094,909.7056274414062
2016-12-23,250.14964294433594,270.4735107421875,677.85107421875,216.3804931640625,377.5732116699219,150.78128051757812,764.558837890625,230.6131134033203,223.80039978027344,901.9791259765625
2016-12-26,250.61521911621094,267.9085388183594,688.4115600585938,213.2016143798828,375.3959655761719,150.98260498046875,764.6446533203125,228.4646759033203,219.35403442382812,903.9502563476562
2016-12-27,253.57749938964844,270.234130859375,692.661865234375,217.84109497070312,381.58404541015625,157.0554962158203,774.9345092773438,232.2271728515625,223.4410858154297,915.8945922851562
2016-12-28,253.49293518066406,270.58758544921875,695.7096557617188,216.29457092285156,381.4122009277344,157.99490356445312,771.70458984375,228.95545959472656,222.54286193847656,911.9525146484375
2016-12-29,256.4552917480469,274.7942810058594,702.7501220703125,215.73614501953125,379.06298828125,158.36395263671875,765.5592651367188,232.39073181152344,222.45301818847656,927.0505981445312
2016-12-30,258.69818115234375,275.02227783203125,709.489990234375,219.3446502685547,386.0341796875,162.15530395507812,771.2186889648438,236.08779907226562,224.74356079101562,932.510498046875
2017-01-02,263.2262878417969,272.9474182128906,708.63134765625,216.4664306640625,382.4052734375,161.6855926513672,777.2210083007812,236.67672729492188,218.8150634765625,930.8547973632812
2017-01-03,257.6825256347656,271.3058166503906,712.4950561523438,218.57139587402344,379.63592529296875,163.29608154296875,781.5656127929688,237.61460876464844,219.98281860351562,933.5748901367188
2017-01-04,265.6808776855469,270.30255126953125,705.4116821289062,215.73614501953125,381.1256103515625,164.7052459716797,786.9391479492188,232.7615509033203,218.18630981445312,938.0092163085938
2017-01-05,271.7748718261719,270.462158203125,715.3283081054688,221.01998901367188,380.5144958496094,165.5775909423828,795.9141845703125,234.9972381591797,220.38702392578125,920.23095703125
2017-01-06,270.6322326660156,272.1608581542969,715.843505859375,221.79324340820312,371.3850402832031,162.85989379882812,795.1423950195312,234.46286010742188,220.88107299804688,899.3377685546875
2017-01-09,269.1087341308594,272.51422119140625,713.525390625,222.2657928466797,370.65936279296875,164.97366333007812,789.25439453125,235.06263732910156,221.9140625,908.128662109375
2017-01-10,270.928466796875,276.8805236816406,713.09619140625,223.55453491210938,370.7356872558594,167.05384826660156,793.1702880859375,237.71278381347656,223.03688049316406,912.7212524414062
2017-01-11,273.17138671875,281.36090087890625,722.497314453125,227.42076110839844,370.18182373046875,166.1144256591797,807.3756713867188,236.88392639160156,226.4951629638672,916.2886962890625
2017-01-12,272.3673400878906,281.5888671875,709.1035766601562,230.5567169189453,382.0042724609375,164.16842651367188,828.5270385742188,236.28411865234375,225.68673706054688,924.1533203125
2017-01-13,271.0131530761719,281.0188293457031,710.8637084960938,230.29898071289062,372.7410888671875,167.5236053466797,822.467529296875,237.83274841308594,225.3723602294922,886.68408203125
2017-01-16,269.658935546875,284.4731750488281,710.4774169921875,231.37290954589844,365.04412841796875,166.9532012939453,824.7825927734375,234.7464141845703,229.7288818359375,890.3307495117188
2017-01-17,269.5742492675781,282.38690185546875,721.7677612304688,230.59970092773438,364.9486389160156,169.0669403076172,826.4690551757812,227.1123809814453,229.95346069335938,898.2935180664062
2017-01-18,265.6808776855469,283.3217468261719,742.6312255859375,230.6426239013672,363.1914367675781,168.32884216308594,830.2991943359375,225.2147674560547,232.06436157226562,904.7386474609375
2017-01-19,268.3892822265625,281.8852844238281,738.6388549804688,231.7166290283203,365.97998046875,170.54324340820312,828.584228515625,225.46563720703125,232.1092529296875,903.122314453125
2017-01-20,271.309326171875,281.8966979980469,738.7676391601562,226.34681701660156,362.3892822265625,171.38204956054688,808.7477416992188,223.7425079345703,225.50709533691406,900.895263671875
2017-01-23,270.547607421875,283.7891540527344,740.4418334960938,221.27777099609375,363.9172058105469,174.23391723632812,796.6287231445312,221.5831298828125,228.29168701171875,911.905029296875
2017-01-24,267.8815002441406,289.01055908203125,738.6817016601562,220.93406677246094,361.18603515625,174.36813354492188,811.6346435546875,224.0696563720703,228.9653778076172,916.5106811523438
2017-01-25,263.5225524902344,294.2660827636719,746.2801513671875,223.33973693847656,357.7673034667969,178.1594696044922,828.7555541992188,221.88851928710938,232.827880859375,930.2094116210938
2017-01-27,274.0177917480469,294.56256103515625,734.904052734375,233.6926727294922,359.88739013671875,172.72409057617188,823.1248168945312,223.5897979736328,239.34024047851562,932.1065673828125
2017-01-30,292.55364990234375,292.97784423828125,732.8434448242188,232.66168212890625,362.6375732421875,171.85177612304688,824.7825927734375,227.88665771484375,237.0946044921875,922.2626953125
2017-01-31,294.7119445800781,293.365478515625,734.431884765625,231.0721893310547,354.7114562988281,173.19381713867188,826.7549438476562,227.97390747070312,233.86087036132812,881.5043334960938
2017-02-01,292.0881652832031,297.70904541015625,733.272705078125,241.42514038085938,350.1849060058594,180.9778289794922,851.9077758789062,228.9445343017578,243.15780639648438,857.0335083007812
2017-02-02,299.0285339355469,296.1129455566406,725.7601318359375,245.54913330078125,357.4998779296875,184.06455993652344,844.0474243164062,227.60313415527344,245.49325561523438,872.7476806640625
2017-02-03,299.4517517089844,298.9288330078125,729.5807495117188,241.897705078125,357.5763244628906,183.2257843017578,846.4484252929688,225.45468139648438,249.31085205078125,882.5916137695312
2017-02-06,300.67901611328125,299.6242980957031,738.8533935546875,249.41542053222656,357.2516174316406,185.7421417236328,848.220458984375,227.19960021972656,248.8616943359375,885.8330688476562
2017-02-07,298.9015808105469,298.0396728515625,734.302978515625,247.5252227783203,359.9255065917969,185.94346618652344,857.6529541015625,224.8548583984375,249.62527465820312,887.3552856445312
2017-02-08,298.0975646972656,297.6976318359375,732.3281860351562,245.54913330078125,357.7291259765625,184.4000701904297,861.3970947265625,223.6007080078125,248.99649047851562,897.7720336914062
2017-02-09,300.67901611328125,295.8735656738281,730.439453125,244.86181640625,361.35797119140625,186.3125457763672,852.1649169921875,225.25840759277344,247.7838592529297,916.0956420898438
2017-02-10,302.62567138671875,297.2301940917969,730.568115234375,241.94064331054688,369.876220703125,183.42710876464844,858.5961303710938,224.69129943847656,248.2329559326172,947.978515625
2017-02-13,303.0489196777344,298.73504638671875,740.3560180664062,241.98358154296875,376.00714111328125,181.58172607421875,857.5669555664062,224.62586975097656,244.0111541748047,954.4227905273438
2017-02-14,312.2745056152344,298.9402160644531,728.2070922851562,244.5611114501953,377.2867736816406,181.7159423828125,853.2510375976562,228.9772491455078,242.70872497558594,951.2601928710938
2017-02-15,309.1851806640625,301.4711608886719,729.83837890625,241.2103271484375,375.0331115722656,183.46063232421875,846.04833984375,229.30442810058594,241.5858612060547,954.205078125
2017-02-16,309.5237731933594,302.770751953125,726.4468383789062,239.53500366210938,386.6071472167969,178.93113708496094,840.474609375,232.83787536621094,242.97816467285156,967.6663818359375
2017-02-17,312.7399597167969,313.97735595703125,722.2828369140625,243.14349365234375,382.02337646484375,179.9376983642578,844.9048461914062,234.58282470703125,241.94517517089844,951.9122314453125
2017-02-20,317.69134521484375,321.2849426269531,733.6161499023438,242.5850372314453,385.90057373046875,178.52854919433594,847.5631103515625,234.56101989746094,242.21463012695312,989.192138671875
2017-02-21,307.1115417480469,322.755615234375,740.7423095703125,244.6899871826172,387.1801452636719,176.58255004882812,847.9346313476562,237.35289001464844,243.15780639648438,974.6236572265625
2017-02-22,305.54571533203125,319.01629638671875,741.9443969726562,245.849853515625,378.2226257324219,176.7838897705078,844.3045654296875,263.3739929199219,244.59500122070312,953.33544921875
2017-02-23,309.9892578125,317.91046142578125,736.8787841796875,244.43223571777344,385.3657531738281,178.26011657714844,849.8211669921875,257.9756774902344,242.93325805664062,981.1270751953125
2017-02-27,301.0598449707031,317.7508850097656,743.9192504882812,239.57794189453125,386.7217712402344,177.55555725097656,837.9592895507812,270.22283935546875,240.9570770263672,984.3097534179688
2017-02-28,309.0582275390625,316.9528503417969,743.4468383789062,237.43002319335938,386.7217712402344,175.945068359375,839.8743896484375,270.03741455078125,241.81044006347656,974.9798583984375
2017-03-01,307.02685546875,317.3062438964844,751.6890869140625,239.792724609375,391.59210205078125,180.17259216308594,843.847412109375,269.26312255859375,244.1009979248047,980.23779296875
2017-03-02,302.033203125,314.6727294921875,753.4063720703125,239.40609741210938,390.8854064941406,177.6562042236328,842.5897827148438,269.7538757324219,240.10374450683594,988.8953247070312
2017-03-03,301.44073486328125,313.9659118652344,753.1058959960938,237.0863800048828,393.9030456542969,175.50888061523438,840.5318603515625,274.5087890625,238.08265686035156,985.9697265625
2017-03-06,305.9689636230469,314.8209533691406,749.628662109375,237.77369689941406,394.93450927734375,177.22003173828125,849.24951171875,284.71661376953125,242.39430236816406,977.4508056640625
2017-03-07,305.6303405761719,316.0635681152344,748.7271728515625,237.1293487548828,389.54840087890625,177.32070922851562,849.7068481445312,284.6293029785156,240.55284118652344,988.2432861328125
2017-03-08,305.2918395996094,317.4316101074219,748.083251953125,235.754638671875,384.9646301269531,177.25357055664062,843.93310546875,281.63031005859375,242.439208984375,993.1451416015625
2017-03-09,304.8686218261719,317.88763427734375,747.2247314453125,234.98143005371094,386.3971252441406,177.7904052734375,844.2760620117188,280.65960693359375,245.44834899902344,996.1296997070312
2017-03-10,308.84661865234375,319.2328796386719,751.4317626953125,232.44688415527344,390.33154296875,176.7838897705078,852.6795043945312,279.5472106933594,244.37045288085938,1005.0250244140625
2017-03-14,305.6303405761719,321.6498107910156,784.5302124023438,246.79489135742188,395.2782897949219,179.23313903808594,890.6943969726562,281.2594299316406,246.70591735839844,1015.0065307617188
2017-03-15,307.4077453613281,322.9950256347656,773.1539306640625,244.9906768798828,386.5499267578125,179.97125244140625,885.4351196289062,284.6293029785156,249.13121032714844,987.6502685546875
2017-03-16,305.24945068359375,323.166015625,778.0477905273438,244.43223571777344,393.0054931640625,180.1389923095703,898.0972290039062,283.037109375,250.88278198242188,996.5845336914062
2017-03-17,293.56927490234375,325.10400390625,774.9140014648438,241.0814666748047,397.3791198730469,188.72825622558594,887.5216064453125,283.702392578125,246.25677490234375,998.5018310546875
2017-03-20,295.7276611328125,327.441162109375,771.393798828125,236.3131103515625,390.1978759765625,189.16439819335938,879.0039672851562,279.3619079589844,246.03224182128906,980.4156494140625
2017-03-21,296.15081787109375,328.5469665527344,775.6866455078125,233.73562622070312,394.5333557128906,193.19064331054688,885.5208740234375,275.65386962890625,244.63990783691406,983.0640869140625
2017-03-22,286.248046875,326.2554931640625,776.9745483398438,227.67849731445312,392.5661315917969,187.78878784179688,874.5452270507812,274.7596435546875,240.2834014892578,980.0003051757812
2017-03-23,286.50201416015625,326.2554931640625,774.441650390625,229.35391235351562,397.4364318847656,186.2789764404297,882.576904296875,277.7259826660156,241.18167114257812,972.6475219726562
2017-03-24,288.1947937011719,324.7620849609375,772.8963012695312,236.05535888671875,393.9794616699219,188.56048583984375,886.75,280.65960693359375,248.3677215576172,959.542236328125
2017-03-27,286.67120361328125,321.45599365234375,771.6941528320312,234.6807098388672,393.0054931640625,188.96310424804688,882.576904296875,272.8837890625,251.0175323486328,953.5529174804688
2017-03-28,288.4064025878906,323.81585693359375,775.3861083984375,237.98849487304688,395.41192626953125,188.22496032714844,882.7769775390625,271.7169494628906,253.39793395996094,960.6295166015625
2017-03-29,291.8765563964844,325.7310485839844,783.4996948242188,242.45611572265625,394.1513671875,190.03675842285156,889.808349609375,274.0943603515625,259.10186767578125,966.4208984375
2017-03-30,297.25115966796875,334.30419921875,789.2091674804688,241.72584533691406,391.725830078125,189.73480224609375,890.3228759765625,277.14794921875,261.4372863769531,964.9974975585938
2017-03-31,296.27777099609375,328.9118347167969,782.8128051757812,237.85963439941406,390.4842834472656,188.0907745361328,900.2982177734375,288.1082458496094,263.5482177734375,961.36083984375
2017-04-03,289.2950744628906,326.7799072265625,790.4542846679688,246.32237243652344,385.34661865234375,188.92958068847656,949.5177001953125,299.8319091796875,263.3236389160156,953.4143676757812
2017-04-05,291.58026123046875,326.58612060546875,803.0755615234375,244.73294067382812,380.4380798339844,187.1848602294922,969.7828979492188,308.6329040527344,267.0963439941406,949.2832641601562
2017-04-06,289.2950744628906,327.98834228515625,802.4744873046875,241.29627990722656,381.8323669433594,183.9303436279297,962.2083129882812,313.7586669921875,263.0541687011719,948.8089599609375
2017-04-07,291.7496032714844,328.0682373046875,793.7598266601562,238.28916931152344,374.9375,182.95738220214844,963.5231323242188,306.80072021484375,260.0001220703125,960.2734985351562
2017-04-10,292.5959777832031,326.99658203125,795.0048828125,238.5469512939453,364.1846618652344,183.56129455566406,956.9775390625,301.2933349609375,259.9102783203125,957.5852661132812
2017-04-11,296.40472412109375,328.2164001464844,793.072998046875,243.70196533203125,369.4369201660156,189.2650604248047,974.6131591796875,299.330322265625,264.5362854003906,956.4191284179688
2017-04-12,296.91253662109375,329.17401123046875,793.1159057617188,241.25331115722656,370.0863037109375,189.16439819335938,973.4127197265625,295.3279113769531,260.62890625,946.120849609375
2017-04-13,287.9831237792969,328.3988037109375,793.2018432617188,242.97164916992188,355.7809753417969,187.31906127929688,959.55029296875,297.68353271484375,261.8864440917969,920.5826416015625
2017-04-17,288.87188720703125,327.60076904296875,784.7876586914062,242.6279754638672,353.29803466796875,187.28553771972656,961.15087890625,303.58349609375,260.40435791015625,915.1270751953125
2017-04-18,286.7558898925781,329.9948425292969,783.671630859375,243.48715209960938,352.4385986328125,187.25198364257812,954.3765258789062,298.8613586425781,260.76361083984375,912.7353515625
2017-04-19,287.729248046875,330.38250732421875,780.0653686523438,241.0384979248047,351.12078857421875,187.01708984375,954.9769287109375,298.55596923828125,255.14952087402344,908.92041015625
2017-04-20,290.0990905761719,333.3807373046875,786.204345703125,234.33702087402344,354.2148132324219,187.553955078125,961.0650024414062,298.71954345703125,255.82322692871094,919.3370361328125
2017-04-21,290.1414489746094,341.235595703125,778.2195434570312,231.24404907226562,352.8397216796875,184.09811401367188,964.6664428710938,305.9064636230469,253.48777770996094,913.5257568359375
2017-04-24,291.7073059082031,349.54644775390625,776.631103515625,230.81446838378906,353.9283447265625,185.7085723876953,990.505126953125,309.1563720703125,256.9460144042969,920.3651123046875
2017-04-25,299.57867431640625,350.45849609375,793.33056640625,234.1222381591797,354.9979248046875,188.7617950439453,998.1657104492188,312.5153503417969,256.9460144042969,913.8026123046875
2017-04-26,302.62567138671875,353.5594177246094,808.2268676757812,237.902587890625,349.22998046875,195.20370483398438,1001.137939453125,308.9490966796875,257.30535888671875,913.3483276367188
2017-04-27,302.9219665527344,357.6521301269531,813.3356323242188,235.53985595703125,353.4317932128906,191.7814483642578,1009.9701538085938,307.4332275390625,253.35302734375,910.3038940429688
2017-04-28,300.8905334472656,352.6131896972656,802.7319946289062,239.2772216796875,351.0252380371094,186.54737854003906,1000.280517578125,304.3142395019531,260.26959228515625,898.6416015625
2017-05-02,294.20416259765625,351.2679138183594,796.8506469726562,236.7856903076172,352.41949462890625,187.35263061523438,990.133544921875,298.9376525878906,258.96710205078125,905.2636108398438
2017-05-03,293.1461486816406,352.1115417480469,801.9163208007812,234.33702087402344,356.88873291015625,186.04408264160156,983.3594360351562,298.8395690917969,260.31451416015625,924.0022583007812
2017-05-04,292.84991455078125,349.9455261230469,821.4061279296875,255.85906982421875,358.1684265136719,188.6947021484375,989.9051513671875,296.189453125,268.62335205078125,921.1557006835938
2017-05-05,291.7918701171875,349.3526306152344,819.0021362304688,256.50347900390625,355.8191833496094,185.97702026367188,985.7603759765625,289.71142578125,265.8836669921875,917.3603515625
2017-05-08,297.3357849121094,349.9455261230469,819.8176879882812,260.2838134765625,361.1669616699219,183.15867614746094,977.2999267578125,288.21728515625,268.937744140625,926.0382690429688
2017-05-09,292.215087890625,350.1620788574219,817.4137573242188,258.2647705078125,361.6062927246094,182.1856689453125,997.3363037109375,290.1694030761719,266.33282470703125,930.0311279296875
2017-05-10,315.49072265625,353.8216247558594,855.4490966796875,256.5893859863281,360.4602355957031,183.82974243164062,994.249755859375,296.4402160644531,264.4914245605469,922.0847778320312
2017-05-11,309.7776794433594,352.5903625488281,840.3380126953125,257.92108154296875,360.63214111328125,185.6414794921875,992.8775634765625,296.5384216308594,267.77001953125,928.8053588867188
2017-05-12,309.0158996582031,353.78741455078125,841.582763671875,254.78515625,368.3292236328125,184.50074768066406,995.0213012695312,294.5535888671875,267.59033203125,933.2330932617188
2017-05-15,308.21185302734375,354.1864013671875,844.2015991210938,259.2957458496094,363.47796630859375,186.51385498046875,996.0504150390625,293.1685485839844,270.7342529296875,934.9921264648438
2017-05-16,316.844970703125,355.6114807128906,858.9262084960938,260.0260314941406,364.79583740234375,190.2045440673828,995.0785522460938,295.8295593261719,276.213623046875,960.3131103515625
2017-05-17,318.19921875,355.0414123535156,866.6535034179688,266.1260986328125,363.95550537109375,188.99667358398438,1003.51025390625,295.131591796875,276.3483581542969,970.6708374023438
2017-05-18,313.7979431152344,355.0300598144531,850.211669921875,264.57965087890625,367.374267578125,186.48031616210938,984.7313232421875,289.51513671875,272.1265869140625,1002.6329345703125
2017-05-19,315.49072265625,355.9762878417969,865.451416015625,263.8063659667969,365.9227294921875,192.0498809814453,985.84619140625,287.6611328125,276.66278076171875,991.1489868164062
2017-05-22,315.3215026855469,359.3393859863281,874.5524291992188,261.0570373535156,367.2596435546875,203.725830078125,1001.5095825195312,288.817138671875,264.35662841796875,1000.7157592773438
2017-05-23,314.77130126953125,357.76605224609375,879.8758544921875,262.94720458984375,365.6744079589844,201.4108123779297,995.1069946289062,284.76019287109375,259.4611511230469,996.9012451171875
2017-05-24,311.76666259765625,357.23028564453125,891.2520141601562,263.5056457519531,364.7194519042969,201.24305725097656,962.9229736328125,283.0479736328125,254.34109497070312,1011.7056884765625
2017-05-25,313.7556457519531,368.7218933105469,895.8882446289062,272.9564514160156,375.60595703125,201.34371948242188,1011.17041015625,284.0840759277344,260.583984375,1037.580078125
2017-05-26,316.2101745605469,370.73974609375,893.7417602539062,276.26422119140625,380.34259033203125,207.4165802001953,1021.8890380859375,291.6853332519531,261.445068359375,1019.2568969726562
2017-05-29,315.78704833984375,372.0849914550781,920.6155395507812,270.5508117675781,376.31268310546875,211.94601440429688,1018.9166259765625,295.96038818359375,257.41162109375,1017.1218872070312
2017-05-30,313.7556457519531,371.4351806640625,920.9159545898438,276.1353759765625,380.5335998535156,208.99349975585938,1010.4274291992188,296.49481201171875,261.8075866699219,1008.5238037109375
2017-05-31,314.4751281738281,373.0653991699219,916.1080932617188,280.4742126464844,373.21856689453125,209.22833251953125,1006.5118408203125,292.4269104003906,261.30908203125,1006.7444458007812
2017-06-01,310.5393981933594,371.3325500488281,940.448486328125,275.0184631347656,376.7479553222656,210.8388214111328,1024.8616943359375,289.71142578125,260.5386657714844,1009.5117797851562
2017-06-02,315.9139099121094,372.62078857421875,932.7645874023438,273.3430480957031,375.9916687011719,214.19400024414062,1019.8310546875,288.947998046875,260.17608642578125,1013.978515625
2017-06-05,315.19451904296875,372.9172058105469,942.5092163085938,274.7178039550781,371.8417663574219,216.36331176757812,1031.7786865234375,289.9513244628906,260.3573913574219,1029.4166259765625
2017-06-06,312.31683349609375,373.6923522949219,937.1859130859375,274.0304260253906,379.8311767578125,212.00135803222656,1014.7720336914062,286.34149169921875,260.4026794433594,1065.8065185546875
2017-06-07,315.5330505371094,374.11419677734375,949.89306640625,278.9706115722656,372.83074951171875,212.8192138671875,1022.4609375,292.0561218261719,263.3484191894531,1033.8837890625
2017-06-08,311.21649169921875,375.01483154296875,938.8602905273438,275.1044006347656,370.94970703125,212.37623596191406,1014.2574462890625,290.46392822265625,261.5810241699219,996.8611450195312
2017-06-09,311.3011474609375,380.0423889160156,940.448486328125,276.77972412109375,367.9051818847656,208.55943298339844,1016.5155029296875,291.33636474609375,261.5356750488281,991.08935546875
2017-06-12,309.1005554199219,380.4870300292969,944.1405639648438,271.2810974121094,373.81976318359375,207.4689178466797,992.734619140625,287.7920227050781,258.272705078125,983.26171875
2017-06-13,307.4077453613281,382.2996826171875,946.8023071289062,270.5078125,371.4732971191406,208.04823303222656,994.1065673828125,286.6795959472656,257.27569580078125,980.0043334960938
2017-06-14,309.35443115234375,381.045654296875,956.2035522460938,274.1163635253906,371.78363037109375,204.36776733398438,1008.6551513671875,296.09130859375,257.5929260253906,987.4590454101562
2017-06-15,309.1851806640625,379.4837951660156,947.8754272460938,272.1402282714844,369.2626037597656,205.76499938964844,992.0198974609375,301.8604431152344,257.41162109375,963.8741455078125
2017-06-16,308.8043212890625,380.60107421875,937.40087890625,271.9255065917969,364.6667175292969,209.104736328125,987.0753784179688,302.91827392578125,259.1790771484375,959.2772827148438
2017-06-19,311.04718017578125,385.9933776855469,940.7063598632812,275.4480895996094,360.6332092285156,211.8990936279297,1003.7103271484375,307.37872314453125,261.8075866699219,972.06884765625
2017-06-20,310.2854919433594,384.54559326171875,938.4739379882812,278.5610046386719,365.94659423828125,210.39962768554688,1000.6807250976562,308.05487060546875,262.9405822753906,977.3853149414062
2017-06-21,310.8779296875,387.3158264160156,964.5750122070312,277.275146484375,365.8690490722656,210.57005310058594,1002.7957763671875,310.15972900390625,263.6656494140625,961.9154052734375
2017-06-22,309.9468994140625,387.1562194824219,947.7688598632812,275.846435546875,364.62799072265625,212.1717529296875,992.620361328125,312.482666015625,266.9286193847656,957.3382568359375
2017-06-23,309.9468994140625,382.7443542480469,951.1041259765625,277.989501953125,365.83026123046875,211.9672393798828,984.7884521484375,313.18060302734375,261.8982849121094,944.086669921875
2017-06-27,314.39044189453125,380.2362060546875,946.0794067382812,274.22711181640625,359.5472717285156,212.8873748779297,972.7841796875,313.46417236328125,253.46890258789062,936.551513671875
2017-06-28,319.2572021484375,379.9626159667969,944.2601318359375,276.5607604980469,358.6357727050781,210.16116333007812,973.6700439453125,305.0340270996094,250.5231475830078,939.4295043945312
2017-06-29,323.7007141113281,381.7070007324219,942.6143188476562,279.3230285644531,360.7689208984375,212.37623596191406,973.8988037109375,303.7689514160156,246.9429931640625,932.7138061523438
2017-06-30,321.3731994628906,379.1822204589844,935.2508544921875,276.3702697753906,362.8438720703125,220.589111328125,964.7236938476562,300.99884033203125,248.0306396484375,944.34619140625
2017-07-03,323.3621520996094,380.68560791015625,950.97412109375,276.2750244140625,369.18505859375,233.43661499023438,964.5235595703125,301.22784423828125,249.11831665039062,948.843505859375
2017-07-04,321.03460693359375,379.4806213378906,942.6143188476562,275.7510986328125,373.1604309082031,229.85836791992188,962.2940673828125,310.1488037109375,247.4414825439453,946.1455078125
2017-07-05,318.4953918457031,378.4248046875,950.0645141601562,278.9420471191406,368.7972717285156,225.63265991210938,969.1251831054688,314.663818359375,249.16358947753906,941.80810546875
2017-07-06,322.72735595703125,380.5823059082031,946.426025390625,279.79925537109375,367.28466796875,229.7561798095703,970.440185546875,314.6419677734375,254.69252014160156,938.4299926757812
2017-07-07,326.6207275390625,382.6595153808594,950.9307250976562,275.9416809082031,362.7857666015625,227.8477325439453,974.3274536132812,325.2423400878906,253.8767547607422,932.1939697265625
2017-07-10,343.3792419433594,384.7596435546875,949.6746826171875,277.6085205078125,371.1824645996094,227.16616821289062,990.1909790039062,325.61309814453125,258.8165588378906,973.3683471679688
2017-07-11,334.7037353515625,385.6893005371094,958.5110473632812,275.89398193359375,378.2798767089844,225.18963623046875,995.3071899414062,325.94036865234375,257.00372314453125,989.6978759765625
2017-07-12,336.10028076171875,385.88427734375,980.3416137695312,278.4657897949219,377.1163635253906,224.13316345214844,994.4209594726562,329.5937805175781,260.7198791503906,975.1666870117188
2017-07-13,342.0823974609375,386.4122009277344,982.9838256835938,283.752197265625,378.9392395019531,230.88076782226562,1019.93896484375,334.6322021484375,261.7169494628906,977.9453735351562
2017-07-14,345.3491516113281,385.5859680175781,986.96875,284.0855407714844,377.0000305175781,229.7902374267578,1016.553955078125,337.1934814453125,264.3001708984375,958.377685546875
2017-07-17,346.57952880859375,386.1368103027344,998.7936401367188,289.0862731933594,381.65411376953125,221.61141967773438,1016.5974731445312,341.1507263183594,265.569091796875,957.577880859375
2017-07-18,346.4522399902344,386.4122009277344,1003.0381469726562,289.46722412109375,382.2552490234375,193.9398193359375,1022.3694458007812,334.1485900878906,263.7563171386719,962.7348022460938
2017-07-19,357.4406433105469,388.4205017089844,1000.0065307617188,287.8955993652344,380.0251770019531,198.6426239013672,1025.3204345703125,337.0175476074219,265.84100341796875,979.2244873046875
2017-07-20,356.2102966308594,392.6896667480469,998.7501220703125,286.3239440917969,375.9916687011719,197.31356811523438,1029.0960693359375,336.127197265625,263.71099853515625,977.2656860351562
2017-07-21,348.997802734375,390.88787841796875,1003.7313232421875,287.705078125,380.12213134765625,196.90463256835938,1023.541015625,348.46075439453125,263.4390563964844,995.8538818359375
2017-07-24,356.42242431640625,398.2440490722656,1004.337890625,288.6575927734375,384.1750793457031,199.86947631835938,1022.4558715820312,355.1111755371094,266.9739074707031,1014.4948120117188
2017-07-25,362.99847412109375,399.2883605957031,995.8915405273438,289.7053527832031,385.4549560546875,198.60855102539062,1016.2500610351562,352.2311096191406,268.3788757324219,1030.8504638671875
2017-07-26,361.68328857421875,401.1016540527344,1008.8423461914062,295.61090087890625,385.5325012207031,200.14208984375,1024.4091796875,356.760009765625,268.10693359375,1024.6365966796875
2017-07-27,353.0283203125,410.7644958496094,1015.2095336914062,292.61053466796875,376.6121826171875,196.66610717773438,1025.971435546875,350.6152648925781,270.418212890625,994.8516845703125
2017-07-28,350.69488525390625,408.2053527832031,999.572998046875,282.0852966308594,386.81243896484375,198.7108154296875,1008.0477294921875,350.53826904296875,271.09796142578125,995.8942260742188
2017-07-31,355.48907470703125,409.55950927734375,1001.21923828125,288.2289733886719,392.1839904785156,194.41688537597656,1036.300048828125,355.1001281738281,283.24346923828125,998.900634765625
2017-08-01,353.87689208984375,412.49737548828125,1016.985595703125,288.2289733886719,389.99273681640625,196.1890106201172,1032.9150390625,352.54986572265625,280.0711364746094,1002.8494262695312
2017-08-02,352.8586120605469,411.22357177734375,1012.4810791015625,287.5146179199219,385.26104736328125,194.55323791503906,1021.4146118164062,358.17803955078125,278.892822265625,991.684814453125
2017-08-03,359.94378662109375,408.5382080078125,1013.477294921875,281.6566467285156,381.634765625,191.79287719726562,1019.6350708007812,362.7728576660156,272.4122009277344,997.958740234375
2017-08-04,357.1436462402344,410.90228271484375,1032.708740234375,282.18060302734375,381.5377502441406,191.349853515625,1020.5899047851562,356.62811279296875,276.67218017578125,1011.3278198242188
2017-08-07,354.2162780761719,410.5119934082031,1027.6844482421875,285.8953552246094,375.5262451171875,190.73643493652344,1024.1485595703125,355.3529968261719,282.065185546875,1003.5711669921875
2017-08-08,354.5132141113281,408.0676574707031,1031.755859375,281.4661560058594,373.81976318359375,186.8515167236328,1016.553955078125,352.31903076171875,275.2220458984375,1003.4105224609375
2017-08-09,353.0283203125,404.9804992675781,1026.8614501953125,276.7989196777344,375.9529113769531,185.9654541015625,1001.5382690429688,351.4945983886719,273.9984130859375,1006.998291015625
2017-08-10,353.1980285644531,404.06243896484375,1014.1703491210938,275.0367431640625,380.5682067871094,186.13592529296875,1004.8365478515625,348.3177795410156,268.9226989746094,1006.77783203125
2017-08-11,351.75555419921875,401.4459228515625,998.6636352539062,273.3222351074219,383.0697937011719,185.04537963867188,994.51318359375,339.9415588378906,253.9220733642578,1000.6044311523438
2017-08-14,346.6644287109375,403.31646728515625,1001.1757202148438,277.94189453125,380.6457214355469,184.875,1007.6482543945312,345.83349609375,252.15467834472656,989.9208984375
2017-08-16,345.98553466796875,408.8365173339844,1027.7276611328125,280.94232177734375,378.2217102050781,190.29344177246094,1003.5626220703125,344.30560302734375,256.5959777832031,999.1212768554688
2017-08-17,353.28289794921875,405.1986083984375,1019.8876342773438,279.2278137207031,395.9266357421875,190.8386993408203,996.3142700195312,344.5254211425781,254.55653381347656,996.4354858398438
2017-08-18,357.2285461425781,402.1574401855469,1041.4586181640625,279.2278137207031,358.07342529296875,192.09959411621094,993.3269653320312,346.35015869140625,252.60784912109375,1007.719970703125
2017-08-21,355.6587829589844,400.1032409667969,1032.14599609375,279.5611572265625,338.7396240234375,191.92919921875,990.2520751953125,343.93182373046875,248.93699645996094,1013.7327270507812
2017-08-22,358.1618957519531,400.9753723144531,1039.206298828125,279.98980712890625,339.5152893066406,192.81520080566406,981.9935302734375,342.9754943847656,248.25723266601562,1001.2059326171875
2017-08-23,366.4773864746094,406.816650390625,1029.2872314453125,284.4189758300781,346.26373291015625,192.57672119140625,987.6600952148438,347.8121337890625,252.87977600097656,997.958740234375
2017-08-24,367.36834716796875,404.53302001953125,1021.966796875,283.5617370605469,353.7684326171875,191.82696533203125,994.2935180664062,344.7342224121094,254.05799865722656,1000.8247680664062
2017-08-28,368.5987548828125,404.4756164550781,1039.2928466796875,286.6097106933594,364.9575500488281,192.508544921875,1000.6193237304688,344.4044494628906,253.19700622558594,997.0968017578125
2017-08-29,363.2530822753906,400.7803039550781,1031.27978515625,285.27618408203125,359.7024230957031,191.0090789794922,992.8440551757812,336.8416748046875,251.0670166015625,990.5023803710938
2017-08-30,364.0167541503906,405.9216003417969,1043.2777099609375,286.0382080078125,359.3920593261719,192.20181274414062,1001.2781982421875,343.8658447265625,250.70445251464844,995.994140625
2017-08-31,362.9136047363281,407.73480224609375,1056.661865234375,283.8950500488281,354.8543701171875,192.37220764160156,998.3349609375,350.54925537109375,251.7467498779297,1000.7246704101562
2017-09-01,358.543701171875,405.7034912109375,1053.5430908203125,284.1332092285156,356.7935791015625,193.2923583984375,1000.8828735351562,353.97894287109375,251.83741760253906,984.7300415039062
2017-09-04,353.3253173828125,401.8704833984375,1037.0838623046875,282.9901428222656,349.1336975097656,192.95156860351562,993.37109375,354.69342041015625,251.7467498779297,984.6295776367188
2017-09-05,344.92498779296875,402.891845703125,1044.0574951171875,283.4664306640625,349.7931213378906,192.7811279296875,989.8568115234375,358.92547607421875,250.6591339111328,995.9142456054688
2017-09-06,341.5308532714844,403.93621826171875,1045.096923828125,281.3233337402344,347.34967041015625,187.90797424316406,981.9056396484375,361.7395324707031,248.57449340820312,983.4266967773438
2017-09-07,337.1185607910156,405.46258544921875,1047.1328125,278.75152587890625,347.4078369140625,184.29563903808594,992.0093383789062,359.7169494628906,248.52914428710938,986.193115234375
2017-09-08,342.37933349609375,410.30548095703125,1046.093017578125,278.1324462890625,342.967041015625,185.6247100830078,1030.0517578125,359.1893310546875,246.3538360595703,990.4022216796875
2017-09-11,341.9126892089844,418.4993896484375,1056.7919921875,276.9893493652344,340.79522705078125,186.47666931152344,1069.9835205078125,359.6289978027344,245.5834197998047,983.9278564453125
2017-09-12,343.82183837890625,421.21923828125,1082.694091796875,277.37042236328125,342.8701171875,189.23703002929688,1080.8779296875,362.2012939453125,247.84939575195312,997.5578002929688
2017-09-13,340.8095703125,422.74560546875,1083.6900634765625,278.1324462890625,342.7537536621094,185.04537963867188,1074.8157958984375,373.30364990234375,247.80406188964844,997.8583984375
2017-09-14,338.4761657714844,422.1832275390625,1081.004638671875,279.751708984375,346.1085510253906,185.38613891601562,1066.7764892578125,371.0391845703125,248.52914428710938,996.95654296875
2017-09-15,336.0154724121094,424.3751525878906,1079.40234375,277.75140380859375,352.2558288574219,183.5459442138672,1065.1953125,370.1378173828125,246.0819091796875,1004.6133422851562
2017-09-18,336.5669860839844,427.0146789550781,1108.8994140625,279.0848693847656,352.5854797363281,181.9783172607422,1087.64306640625,371.78662109375,245.0848846435547,1001.8071899414062
2017-09-19,334.9971618652344,424.5473327636719,1108.2498779296875,280.6565246582031,353.8072204589844,182.55767822265625,1077.0560302734375,368.73077392578125,242.72828674316406,1001.4861450195312
2017-09-20,336.7366638183594,424.3522033691406,1090.96728515625,276.751220703125,353.9818115234375,185.07945251464844,1085.885986328125,372.49017333984375,244.76766967773438,999.6019897460938
2017-09-21,339.4943542480469,422.1143493652344,1088.6712646484375,271.4172058105469,352.7600402832031,183.71632385253906,1078.9451904296875,369.9399108886719,243.36279296875,1012.169677734375
2017-09-22,335.46392822265625,418.6715393066406,1073.511474609375,263.9400329589844,348.39678955078125,182.96658325195312,1040.9462890625,359.4091491699219,237.33534240722656,1003.6309204101562
2017-09-25,330.712158203125,413.0826721191406,1080.3983154296875,266.22601318359375,347.2527160644531,178.74085998535156,1023.7261352539062,361.23394775390625,234.5255889892578,1006.4969482421875
2017-09-26,328.6756896972656,411.372802734375,1054.582763671875,269.32171630859375,351.3445129394531,178.87718200683594,1021.7054443359375,360.5963134765625,234.07241821289062,992.0254516601562
2017-09-27,327.4877624511719,407.74627685546875,1044.6636962890625,263.2732238769531,348.9786376953125,176.18502807617188,999.1256713867188,351.3846740722656,226.9573211669922,1000.183349609375
2017-09-28,324.1784973144531,412.0613708496094,1041.9783935546875,262.84466552734375,347.5047302246094,178.2637939453125,995.7430419921875,345.8005065917969,228.90603637695312,992.7468872070312
2017-09-29,330.4575500488281,414.44830322265625,1016.9424438476562,263.46380615234375,349.0173645019531,176.0487060546875,1003.3870239257812,343.3602600097656,230.08433532714844,976.5118408203125
2017-10-03,326.38470458984375,415.17138671875,1027.7276611328125,265.17828369140625,350.43292236328125,178.16156005859375,997.1051025390625,351.0329284667969,227.7730712890625,981.5228271484375
2017-10-04,320.020751953125,412.45147705078125,1037.38671875,262.9875183105469,348.9010314941406,182.25094604492188,1000.0924682617188,360.0467224121094,229.49517822265625,979.057373046875
2017-10-05,320.4873962402344,412.8187255859375,1028.8538818359375,258.8916931152344,350.2390441894531,180.7855987548828,994.6010131835938,362.37713623046875,228.04498291015625,973.9661865234375
2017-10-06,324.3906555175781,413.16302490234375,1045.8765869140625,259.0346374511719,356.8711242675781,181.3990020751953,1003.1671752929688,368.0492248535156,232.7128143310547,980.8011474609375
2017-10-09,321.54803466796875,412.1072082519531,1057.09521484375,258.8440856933594,358.3255615234375,182.6598663330078,1002.42041015625,365.2351379394531,232.803466796875,983.7877807617188
2017-10-10,326.3422546386719,413.759765625,1047.5225830078125,256.9867248535156,362.80511474609375,181.4330596923828,1003.9580078125,370.7533874511719,232.89410400390625,985.8521118164062
2017-10-11,342.4217529296875,410.8793029785156,1055.189453125,254.89126586914062,360.9628601074219,180.8878173828125,996.1824340820312,369.41229248046875,228.18092346191406,1002.3280639648438
2017-10-12,339.6216125488281,417.455078125,1075.07080078125,254.8435516357422,359.6441650390625,181.9783172607422,1004.7926635742188,383.7464904785156,227.68243408203125,1021.510009765625
2017-10-13,365.62890625,424.7998046875,1081.654296875,258.4154968261719,360.73016357421875,181.26268005371094,1000.3997192382812,385.37335205078125,228.4981689453125,1025.679443359375
2017-10-16,384.6358337402344,426.2572326660156,1109.9825439453125,261.22540283203125,364.18194580078125,182.31910705566406,1005.715087890625,385.5272521972656,228.45285034179688,1036.0218505859375
2017-10-17,395.3696594238281,424.903076171875,1110.7186279296875,260.8919982910156,360.88531494140625,182.1487274169922,1009.2734985351562,384.449951171875,227.6370849609375,1040.0904541015625
2017-10-18,391.9755859375,428.8623352050781,1094.9521484375,250.6525115966797,358.5001220703125,184.26156616210938,1002.81591796875,402.1038513183594,220.92990112304688,1036.90380859375
2017-10-19,401.9881591796875,424.2489318847656,1089.537841796875,245.604248046875,359.5084533691406,183.78445434570312,1001.3661499023438,400.0812683105469,220.0235137939453,1035.821044921875
2017-10-23,422.0133056640625,427.6688232421875,1082.8238525390625,250.08103942871094,364.37591552734375,182.01239013671875,997.8519897460938,413.20623779296875,222.92393493652344,1037.4246826171875
2017-10-24,426.0013427734375,428.541015625,1100.2366943359375,253.89105224609375,359.3338623046875,181.9783172607422,1003.826171875,410.7878723144531,230.628173828125,1033.6163330078125
2017-10-25,437.6261291503906,412.0154113769531,1102.3155517578125,291.1817626953125,362.7469177246094,183.51185607910156,1057.9908447265625,413.272216796875,294.4825744628906,1028.993896484375
2017-10-26,433.85015869140625,412.07275390625,1103.398681640625,285.0380859375,367.42034912109375,182.93252563476562,1074.9476318359375,416.5699157714844,290.4944763183594,1020.5324096679688
2017-10-27,411.78863525390625,411.0858459472656,1091.660400390625,286.8478088378906,367.0325927734375,183.57997131347656,1075.9580078125,408.85321044921875,281.92919921875,1038.801513671875
2017-10-30,418.2373962402344,416.5828552246094,1069.1795654296875,286.2763366699219,366.1598815917969,180.71742248535156,1086.7646484375,414.4154357910156,282.790283203125,1051.624755859375
2017-10-31,421.88604736328125,415.0910339355469,1071.995361328125,285.8476867675781,362.52239990234375,181.09230041503906,1073.893310546875,413.68994140625,277.1706848144531,1054.759765625
2017-11-01,457.43914794921875,418.00592041015625,1096.8887939453125,298.5160827636719,364.5672302246094,183.9208221435547,1067.7430419921875,418.8343505859375,289.9053649902344,1046.258544921875
2017-11-02,460.91815185546875,418.2125244140625,1082.501953125,301.6116638183594,362.9352722167969,181.05821228027344,1063.921142578125,416.2181701660156,284.92022705078125,1055.6240234375
2017-11-03,459.26348876953125,420.1864013671875,1080.75830078125,300.8973693847656,364.409912109375,180.8878173828125,1085.051513671875,415.6465759277344,294.5731506347656,1053.1922607421875
2017-11-06,451.88134765625,419.70440673828125,1081.717529296875,301.0878601074219,365.2160949707031,180.54701232910156,1076.001953125,410.0184326171875,298.1987609863281,1071.4610595703125
2017-11-07,436.4382019042969,418.5797119140625,1076.136962890625,297.6112060546875,375.7553405761719,180.8196563720703,1064.00927734375,398.6742248535156,287.5034484863281,1089.3489990234375
2017-11-08,420.27386474609375,419.0961608886719,1077.0963134765625,290.99127197265625,374.4969482421875,180.8878173828125,1070.291015625,390.3639221191406,280.56964111328125,1099.378173828125
2017-11-09,427.86810302734375,419.5322570800781,1092.4420166015625,296.51580810546875,375.3620910644531,177.24143981933594,1068.2705078125,395.9480895996094,284.3311462402344,1099.940185546875
2017-11-10,427.1893005371094,418.1895751953125,1125.3575439453125,303.3738708496094,378.3311767578125,178.36602783203125,1111.3646240234375,388.6271057128906,302.3227233886719,1088.8265380859375
2017-11-13,422.5648498535156,416.2501525878906,1115.635498046875,299.3257141113281,374.35931396484375,176.0487060546875,1089.9276123046875,384.845703125,300.0567932128906,1109.00537109375
2017-11-14,422.692138671875,413.6794738769531,1119.4720458984375,299.1828308105469,373.2384948730469,174.85595703125,1063.2623291015625,389.8802795410156,298.289306640625,1091.1781005859375
2017-11-15,413.01898193359375,413.1974182128906,1102.9921875,300.51629638671875,374.30023193359375,172.64085388183594,1062.6473388671875,388.5611267089844,294.5278625488281,1087.43994140625
2017-11-16,415.6918640136719,414.9073791503906,1113.0198974609375,303.8024597167969,388.6935119628906,173.86766052246094,1071.2576904296875,397.42108154296875,302.186767578125,1104.06103515625
2017-11-17,418.7464599609375,419.00439453125,1114.4581298828125,309.6604309082031,381.8311462402344,175.84423828125,1074.33251953125,400.9606628417969,305.9029541015625,1088.24365234375
2017-11-20,418.0252685546875,421.8963623046875,1111.27587890625,303.4214782714844,377.7412414550781,176.66207885742188,1080.4825439453125,404.8959045410156,301.8242492675781,1086.6962890625
2017-11-21,427.0196228027344,423.75543212890625,1113.7608642578125,304.7073669433594,379.98284912109375,174.3447723388672,1074.2008056640625,410.0403747558594,299.6942443847656,1074.4366455078125
2017-11-22,423.49822998046875,425.8211975097656,1107.7445068359375,303.7549133300781,380.00250244140625,175.9464569091797,1074.2447509765625,409.24896240234375,303.9089050292969,1077.5311279296875
2017-11-23,421.1647644042969,422.9751281738281,1105.1722412109375,304.2787780761719,389.814208984375,175.9464569091797,1068.314208984375,416.3940124511719,303.5916748046875,1077.772705078125
2017-11-24,421.546630859375,424.9374694824219,1103.8206787109375,302.1356201171875,397.0107421875,177.71853637695312,1070.5545654296875,418.19677734375,301.2803955078125,1080.505859375
2017-11-27,422.5648498535156,426.3490905761719,1098.894287109375,301.9450988769531,392.76361083984375,176.6961669921875,1076.0458984375,418.3067321777344,304.2261047363281,1079.6214599609375
2017-11-28,417.4737243652344,428.1393127441406,1105.4776611328125,298.3255310058594,387.23846435546875,175.16265869140625,1064.580078125,414.7891540527344,300.9178161621094,1079.4002685546875
2017-11-29,420.6556396484375,429.9640808105469,1112.71435546875,299.89715576171875,386.4518737792969,175.87831115722656,1069.9835205078125,415.9543151855469,298.1080627441406,1068.4869384765625
2017-11-30,421.24969482421875,425.4654235839844,1109.4881591796875,292.94384765625,383.8564453125,174.51515197753906,1068.8414306640625,405.2037048339844,290.3585205078125,1059.9853515625
2017-12-01,410.81280517578125,424.2030029296875,1090.349365234375,290.7530822753906,377.0531005859375,173.9358367919922,1064.5362548828125,400.1691589355469,283.47003173828125,1057.1514892578125
2017-12-04,410.94000244140625,420.966796875,1106.131591796875,289.8006286621094,387.49395751953125,173.86766052246094,1069.6759033203125,396.4317932128906,284.240478515625,1058.1162109375
2017-12-05,416.32818603515625,417.8337707519531,1099.5045166015625,290.7530822753906,387.10076904296875,173.01573181152344,1062.9989013671875,401.7520751953125,289.2255554199219,1059.4024658203125
2017-12-06,410.2188415527344,413.8974914550781,1112.235107421875,285.27618408203125,389.4405822753906,171.482177734375,1046.6134033203125,407.4461975097656,283.15277099609375,1058.4981689453125
2017-12-07,436.73516845703125,415.35498046875,1126.490966796875,291.2770080566406,393.1765441894531,172.67494201660156,1070.466796875,409.6007080078125,286.7783203125,1052.0465087890625
2017-12-08,445.602294921875,422.41278076171875,1156.7469482421875,295.9919128417969,393.9827575683594,178.70680236816406,1072.179931640625,404.9618225097656,283.78729248046875,1045.715576171875
2017-12-11,452.0086364746094,423.7899169921875,1154.47998046875,296.65875244140625,395.3394470214844,181.46717834472656,1073.497802734375,402.829345703125,288.5910949707031,1069.673095703125
2017-12-12,444.4991455078125,417.70751953125,1146.283935546875,292.9915466308594,397.3843688964844,178.2637939453125,1056.8486328125,402.5874938964844,288.6363830566406,1049.9964599609375
2017-12-13,438.9837646484375,418.04034423828125,1146.6326904296875,288.5623474121094,394.72991943359375,176.52578735351562,1044.8558349609375,402.1698303222656,283.96856689453125,1056.5284423828125
2017-12-14,441.4869384765625,421.8734436035156,1152.3438720703125,289.8958740234375,398.4068908691406,180.10401916503906,1044.46044921875,405.1817626953125,284.60302734375,1028.1500244140625
2017-12-15,439.4928894042969,429.99847412109375,1154.9158935546875,288.7528381347656,402.2607421875,180.34255981445312,1057.4197998046875,404.41229248046875,283.0168762207031,1023.245849609375
2017-12-18,446.53564453125,431.26080322265625,1161.193603515625,294.2298278808594,399.7832336425781,179.3883514404297,1070.0274658203125,404.9618225097656,289.04425048828125,1037.2740478515625
2017-12-19,455.31787109375,432.5346984863281,1176.8450927734375,298.80181884765625,394.80859375,180.10401916503906,1071.7847900390625,407.1383972167969,289.8599853515625,1035.1839599609375
2017-12-20,448.7842102050781,428.7820129394531,1188.1363525390625,300.8020935058594,399.4882507324219,179.45651245117188,1082.8548583984375,403.708740234375,287.77532958984375,1040.6707763671875
2017-12-21,444.7113342285156,428.81640625,1175.7547607421875,300.46875,401.9264831542969,179.28614807128906,1105.9615478515625,401.42230224609375,287.0955810546875,1043.38427734375
2017-12-22,448.48724365234375,430.73297119140625,1182.7740478515625,301.5641174316406,408.72979736328125,179.32020568847656,1112.4190673828125,404.69805908203125,289.9053649902344,1063.9046630859375
2017-12-26,460.7060546875,428.82794189453125,1175.449951171875,303.0404357910156,407.2550964355469,180.0358428955078,1115.5380859375,408.83123779296875,287.4581298828125,1064.9898681640625
2017-12-27,453.6632385253906,426.16546630859375,1179.2427978515625,297.9445495605469,406.72418212890625,178.67271423339844,1105.1270751953125,406.17108154296875,285.3734436035156,1053.1116943359375
2017-12-28,450.8631591796875,431.0542907714844,1181.0302734375,300.3258361816406,406.3309020996094,178.46826171875,1100.646240234375,406.368896484375,279.52728271484375,1055.9454345703125
2017-12-29,449.4206237792969,429.75750732421875,1192.670654296875,299.08758544921875,409.7915344238281,179.4224395751953,1105.4783935546875,404.9838562011719,280.8868408203125,1085.79150390625
2018-01-01,447.93572998046875,425.6490478515625,1172.3109130859375,295.5633239746094,406.44891357421875,178.77496337890625,1107.630859375,400.0152893066406,278.34906005859375,1063.4423828125
2018-01-02,438.304931640625,429.7460021972656,1167.16650390625,294.99176025390625,404.93487548828125,177.71853637695312,1098.0103759765625,400.630859375,274.8594665527344,1057.654296875
2018-01-03,439.7050476074219,425.22442626953125,1177.41162109375,300.0400695800781,401.63153076171875,177.9911651611328,1120.458251953125,402.23577880859375,274.4969177246094,1060.6488037109375
2018-01-04,443.7779541015625,426.8884582519531,1179.0684814453125,299.7543640136719,399.3114013671875,178.2637939453125,1155.9530029296875,404.65411376953125,279.617919921875,1068.0650634765625
2018-01-05,458.20281982421875,427.7376708984375,1182.8177490234375,298.0398254394531,397.9742736816406,179.18389892578125,1155.250244140625,405.9512023925781,277.66925048828125,1080.9681396484375
2018-01-08,438.1352844238281,427.04913330078125,1193.150146484375,299.23046875,407.43206787109375,181.02415466308594,1175.76513671875,408.2816467285156,277.1706848144531,1091.097412109375
2018-01-09,432.57745361328125,427.7606506347656,1186.9593505859375,297.7541198730469,409.51629638671875,184.39788818359375,1170.93310546875,413.73388671875,275.8111572265625,1088.9268798828125
2018-01-10,429.6924133300781,427.8753662109375,1190.8831787109375,297.18255615234375,413.802734375,183.61407470703125,1163.02587890625,414.3494873046875,272.9107360839844,1128.1588134765625
2018-01-11,436.77764892578125,429.7918701171875,1202.0875244140625,294.80126953125,423.0639953613281,183.88668823242188,1162.849853515625,412.32684326171875,273.90777587890625,1121.6875
2018-01-12,432.3653259277344,428.1278381347656,1198.0328369140625,302.6118469238281,424.1060791015625,182.35317993164062,1167.7698974609375,417.2734069824219,273.9530944824219,1115.9996337890625
2018-01-15,428.08026123046875,435.5758361816406,1192.103759765625,313.66094970703125,425.1678161621094,182.38723754882812,1164.9583740234375,417.33935546875,274.27032470703125,1103.8402099609375
2018-01-16,421.9284973144531,436.1267395019531,1205.0084228515625,318.2330017089844,441.566650390625,178.36602783203125,1165.1781005859375,405.8193054199219,268.4241943359375,1145.9459228515625
2018-01-17,424.1770935058594,433.9118347167969,1195.5916748046875,326.948486328125,453.06927490234375,181.33084106445312,1189.03173828125,406.5008239746094,278.34906005859375,1161.2611083984375
2018-01-18,420.01922607421875,443.9649353027344,1183.16650390625,329.710693359375,453.3052062988281,186.34033203125,1195.5771484375,404.3902893066406,274.8594665527344,1173.018798828125
2018-01-19,422.4800109863281,448.0733337402344,1187.9620361328125,336.806884765625,449.6676330566406,187.12413024902344,1204.9339599609375,409.49078369140625,280.2976989746094,1189.5391845703125
2018-01-22,416.3706359863281,450.6325378417969,1181.5533447265625,334.806640625,452.2434997558594,186.5107421875,1229.00732421875,427.16668701171875,277.80517578125,1255.658203125
2018-01-23,417.5585632324219,447.8668518066406,1193.1064453125,345.0937194824219,462.9007263183594,188.52137756347656,1239.4183349609375,432.3330993652344,288.3191223144531,1249.8560791015625
2018-01-24,389.89666748046875,449.3242492675781,1190.9700927734375,335.99725341796875,466.3220520019531,191.82696533203125,1231.0718994140625,424.9022216796875,299.01446533203125,1279.1083984375
2018-01-25,384.1267395019531,453.29498291015625,1196.943359375,343.6649169921875,462.232177734375,191.6906280517578,1244.514404296875,424.7043762207031,283.8326110839844,1257.531982421875
2018-01-29,373.8595886230469,458.9642028808594,1218.3492431640625,340.66455078125,465.18157958984375,187.8739013671875,1258.08837890625,424.0887756347656,282.88092041015625,1288.87939453125
2018-01-30,376.2850646972656,458.01165771484375,1220.921142578125,336.4735107421875,460.3641662597656,187.567138671875,1256.287353515625,417.8890075683594,284.1951599121094,1270.3447265625
2018-01-31,375.6445007324219,460.3527526855469,1193.978271484375,336.187744140625,452.34173583984375,184.97723388671875,1244.514404296875,422.6817321777344,283.9232482910156,1254.0263671875
2018-02-01,374.4061584472656,457.0132141113281,1195.6348876953125,329.75836181640625,450.1198425292969,187.6353302001953,1278.866943359375,415.0090026855469,277.3973388671875,1264.60302734375
2018-02-02,360.6990051269531,447.1093444824219,1196.463623046875,319.185546875,449.5890808105469,187.66940307617188,1243.5916748046875,397.6408996582031,269.5118103027344,1270.6671142578125
2018-02-05,375.94342041015625,439.2711486816406,1182.1201171875,314.04193115234375,447.60302734375,190.3275146484375,1198.0811767578125,396.673583984375,270.146240234375,1250.33984375
2018-02-06,375.0466613769531,435.3577880859375,1155.61328125,314.99444580078125,435.6284484863281,186.40853881835938,1188.7681884765625,392.25457763671875,264.4360656738281,1207.6510009765625
2018-02-07,367.44586181640625,429.84930419921875,1144.5399169921875,316.756591796875,436.1396789550781,187.53306579589844,1171.8115234375,393.2658996582031,265.3877868652344,1190.6470947265625
2018-02-08,367.0615539550781,431.7198791503906,1159.27587890625,317.9949035644531,446.04974365234375,186.81744384765625,1183.80419921875,397.7288513183594,273.1826477050781,1198.36279296875
2018-02-09,360.8270568847656,424.50140380859375,1162.3272705078125,311.2320861816406,436.17901611328125,184.94313049316406,1167.8577880859375,394.78289794921875,268.6507873535156,1197.3560791015625
2018-02-12,362.44976806640625,430.73297119140625,1172.26708984375,310.755859375,433.6818542480469,183.9208221435547,1186.52783203125,402.5435791015625,261.7169494628906,1195.5830078125
2018-02-14,371.3316650390625,432.2248229980469,1176.583251953125,303.8024597167969,431.6958312988281,181.63754272460938,1195.9287109375,410.5240783691406,250.34190368652344,1173.220947265625
2018-02-15,366.3355712890625,431.93792724609375,1184.212890625,313.04180908203125,438.2633056640625,182.72805786132812,1186.395751953125,411.4034423828125,252.60784912109375,1178.8819580078125
2018-02-16,358.4358215332031,431.1805114746094,1178.9375,305.8027648925781,443.6116027832031,181.6034393310547,1167.1109619140625,405.0937805175781,246.21788024902344,1181.783203125
2018-02-19,353.86676025390625,431.08868408203125,1164.8123779296875,304.56451416015625,445.06658935546875,180.00180053710938,1138.2054443359375,407.6000671386719,243.36279296875,1177.975341796875
2018-02-20,357.0693664550781,427.6458740234375,1161.2376708984375,302.1832580566406,447.1114807128906,179.4224395751953,1133.900634765625,405.005859375,244.4051055908203,1186.4971923828125
2018-02-21,358.3930969238281,426.3146667480469,1160.1907958984375,304.0406494140625,451.2210998535156,182.79620361328125,1127.0477294921875,408.6333312988281,247.71337890625,1225.80224609375
2018-02-22,355.361328125,425.3506164550781,1156.5726318359375,303.23101806640625,456.4709167480469,182.04649353027344,1135.1304931640625,406.4349365234375,247.07894897460938,1228.9849853515625
2018-02-23,363.431884765625,431.62811279296875,1153.6954345703125,307.4220275878906,454.46533203125,183.37554931640625,1143.6527099609375,410.7878723144531,250.20591735839844,1239.3001708984375
2018-02-26,361.3822326660156,438.7432556152344,1162.5452880859375,311.5178527832031,447.7603454589844,181.671630859375,1181.036865234375,412.74456787109375,248.75575256347656,1221.5311279296875
2018-02-27,367.65936279296875,436.6775817871094,1173.924072265625,306.85052490234375,452.32220458984375,181.56936645507812,1175.6334228515625,417.9330139160156,242.5470428466797,1225.8218994140625
2018-02-28,365.9939880371094,432.4658203125,1148.9869384765625,298.37322998046875,461.1310119628906,180.6492919921875,1158.105712890625,419.7137756347656,242.90960693359375,1222.881103515625
2018-03-01,365.3107604980469,430.2050476074219,1154.654541015625,290.4674072265625,456.4709167480469,179.93360900878906,1155.5137939453125,417.0096435546875,237.6072540283203,1223.948486328125
2018-03-05,359.9303894042969,429.195068359375,1133.2919921875,288.943359375,454.563720703125,177.3777618408203,1142.7742919921875,406.3249816894531,238.8308868408203,1251.4073486328125
2018-03-06,353.4824523925781,423.75543212890625,1127.5809326171875,281.0375061035156,452.77435302734375,174.8218994140625,1127.574951171875,400.49896240234375,232.53155517578125,1226.0032958984375
2018-03-07,344.3443908691406,420.6224670410156,1128.147705078125,273.0841064453125,449.9233093261719,177.13922119140625,1109.9151611328125,391.2212829589844,223.55838012695312,1219.81884765625
2018-03-08,342.7217102050781,425.2702941894531,1127.537353515625,282.84735107421875,454.858642578125,176.4235382080078,1127.9261474609375,400.7627258300781,232.7581329345703,1210.3499755859375
2018-03-09,343.4476013183594,424.857177734375,1134.1639404296875,278.79913330078125,457.5130310058594,176.6961669921875,1133.8126220703125,401.4883117675781,229.54049682617188,1222.498291015625
2018-03-12,360.0157775878906,428.5754089355469,1154.610595703125,286.3715515136719,466.3023376464844,184.0911865234375,1150.9891357421875,409.0511169433594,229.17794799804688,1229.7705078125
2018-03-13,364.0723876953125,426.9687805175781,1151.427978515625,289.8958740234375,465.53558349609375,183.64817810058594,1144.5755615234375,409.73260498046875,230.854736328125,1163.14794921875
2018-03-14,360.9124755859375,427.9442443847656,1148.2454833984375,291.5151672363281,464.3557434082031,182.6940155029297,1145.0147705078125,408.50146484375,232.9847412109375,1163.1883544921875
2018-03-15,359.07635498046875,431.68548583984375,1133.466552734375,287.1335754394531,465.0242614746094,180.99000549316406,1137.8541259765625,400.9166564941406,229.94834899902344,1156.2578125
2018-03-16,355.91644287109375,425.3047790527344,1132.7691650390625,283.9427185058594,460.8557434082031,177.5481414794922,1115.186767578125,395.7502136230469,228.67942810058594,1138.5294189453125
2018-03-19,341.31256103515625,423.9849853515625,1141.7060546875,280.5612487792969,450.9654235839844,176.6280059814453,1124.1922607421875,393.7495422363281,224.7366943359375,1140.665283203125
2018-03-20,341.9530944824219,422.2062072753906,1145.06298828125,278.1324462890625,457.9654235839844,176.66207885742188,1136.4486083984375,391.24334716796875,225.77903747558594,1154.3038330078125
2018-03-21,357.15478515625,426.6589660644531,1147.112060546875,275.46539306640625,459.12548828125,176.5598602294922,1150.373779296875,394.3652038574219,224.78201293945312,1151.0404052734375
2018-03-22,354.934326171875,428.6902160644531,1143.84228515625,269.7980041503906,456.687255859375,176.0487060546875,1138.8646240234375,399.3117980957031,218.93585205078125,1140.80615234375
2018-03-23,352.4576721191406,422.6766662597656,1134.9486083984375,262.4636535644531,459.1647033691406,174.4810791015625,1113.956787109375,393.04608154296875,212.8177947998047,1135.4874267578125
2018-03-26,359.9731140136719,434.58892822265625,1154.6981201171875,268.27398681640625,454.3080749511719,175.91238403320312,1139.875,396.2119140625,223.42242431640625,1135.024658203125
2018-03-27,352.8846130371094,434.393798828125,1162.1094970703125,270.41705322265625,453.8164978027344,176.4576416015625,1148.792724609375,395.6402587890625,230.5375213623047,1147.39404296875
2018-03-28,340.5011901855469,432.90191650390625,1162.5888671875,265.13067626953125,445.08624267578125,174.1403045654297,1151.73583984375,388.1214294433594,226.5041046142578,1147.97802734375
2018-04-02,337.4267272949219,443.2533874511719,1178.240478515625,249.41429138183594,447.1900939941406,176.0146026611328,1173.7442626953125,392.6283874511719,223.1051788330078,1172.3544921875
2018-04-03,343.4903259277344,439.74169921875,1175.71142578125,257.224853515625,448.4879150390625,176.18502807617188,1168.8681640625,395.5303649902344,227.04795837402344,1172.9993896484375
2018-04-04,337.384033203125,432.247802734375,1183.602294921875,255.891357421875,442.0975341796875,176.25315856933594,1138.7767333984375,393.48577880859375,224.14755249023438,1172.8582763671875
2018-04-05,336.4018859863281,438.13507080078125,1205.1827392578125,265.4164123535156,451.27996826171875,176.9688262939453,1167.4625244140625,399.333740234375,235.02407836914062,1191.8154296875
2018-04-06,328.75836181640625,441.463134765625,1198.73046875,267.3213806152344,443.1986083984375,177.7866668701172,1156.69970703125,400.5649719238281,235.38665771484375,1188.7335205078125
2018-04-09,324.787109375,445.05517578125,1213.37890625,267.51190185546875,437.0048828125,181.16046142578125,1166.671875,402.7633972167969,236.24769592285156,1178.0966796875
2018-04-10,329.270751953125,440.8778381347656,1213.291748046875,275.0843505859375,437.85040283203125,181.77386474609375,1186.0006103515625,403.22509765625,238.6495819091797,1183.6162109375
2018-04-11,329.0572204589844,440.4187316894531,1228.6812744140625,271.03619384765625,442.11712646484375,180.71742248535156,1188.504638671875,409.2929382324219,232.9847412109375,1214.459716796875
2018-04-12,324.70172119140625,442.7025146484375,1231.8203125,273.1317138671875,457.19854736328125,178.5364227294922,1192.6339111328125,408.3475646972656,230.0390167236328,1264.8651123046875
2018-04-13,322.7374572753906,441.83038330078125,1229.90185546875,274.5604248046875,460.6787109375,177.71853637695312,1190.349365234375,412.81048583984375,227.45582580566406,1270.5262451171875
2018-04-16,321.669921875,445.75518798828125,1237.7059326171875,273.94134521484375,445.6368103027344,180.24032592773438,1201.99072265625,412.01904296875,225.68838500976562,1284.3663330078125
2018-04-17,326.28167724609375,447.22412109375,1260.4195556640625,277.894287109375,442.4906921386719,182.38723754882812,1194.47900390625,415.184814453125,224.91795349121094,1275.8848876953125
2018-04-18,328.1604919433594,443.5746765136719,1264.735595703125,276.2750244140625,442.78570556640625,187.66940307617188,1194.9622802734375,412.436767578125,223.37710571289062,1272.86279296875
2018-04-19,337.64019775390625,445.04364013671875,1267.9617919921875,275.846435546875,445.49908447265625,189.0325469970703,1216.8389892578125,414.32745361328125,223.1051788330078,1285.7764892578125
2018-04-20,343.31951904296875,448.922607421875,1279.8199462890625,268.75018310546875,463.43157958984375,188.24874877929688,1199.3111572265625,407.9958190917969,218.61862182617188,1370.913330078125
2018-04-23,344.0454406738281,444.29766845703125,1266.697509765625,266.1307678222656,467.0692443847656,187.7716522216797,1194.8741455078125,411.5574035644531,219.75160217285156,1373.4110107421875
2018-04-24,346.9491882324219,444.12554931640625,1272.7137451171875,270.60760498046875,454.0130920410156,188.1124267578125,1210.6888427734375,426.529052734375,218.07481384277344,1364.1446533203125
2018-04-25,358.5639343261719,440.8548889160156,1272.321044921875,265.6545715332031,456.31365966796875,186.81744384765625,1197.4222412109375,426.7269592285156,214.9931182861328,1398.2314453125
2018-04-26,349.4685363769531,443.03533935546875,1300.2669677734375,265.60693359375,462.64508056640625,189.64593505859375,1183.6282958984375,428.8595275878906,211.36758422851562,1426.0328369140625
2018-04-27,349.0841979980469,441.463134765625,1285.1824951171875,274.22711181640625,466.0860900878906,190.4297637939453,1210.468994140625,438.0711669921875,219.88755798339844,1390.8577880859375
2018-04-30,349.7674255371094,446.2601318359375,1315.656494140625,270.7029113769531,471.70953369140625,191.82696533203125,1230.8082275390625,423.5611267089844,223.331787109375,1423.15185546875
2018-05-02,348.8280029296875,452.0440673828125,1283.438720703125,263.74951171875,470.7462158203125,195.7800750732422,1232.785400390625,427.69427490234375,218.43736267089844,1410.1175537109375
2018-05-03,345.3691711425781,451.6768798828125,1266.218017578125,268.5120849609375,465.0439758300781,194.24652099609375,1210.468994140625,422.81365966796875,219.25308227539062,1402.905029296875
2018-05-04,338.8358459472656,456.405029296875,1276.680908203125,269.4169616699219,461.32769775390625,188.89622497558594,1202.51806640625,419.449951171875,219.2984161376953,1402.462158203125
2018-05-07,340.1169128417969,453.8572692871094,1306.0653076171875,276.0368957519531,465.220947265625,192.37220764160156,1220.4847412109375,426.94683837890625,223.42242431640625,1378.3671875
2018-05-08,342.5935974121094,451.48175048828125,1304.4521484375,294.6107482910156,458.3586120605469,192.67893981933594,1199.1793212890625,425.2319641113281,226.6400909423828,1386.526611328125
2018-05-09,343.703857421875,454.0868225097656,1304.4083251953125,292.2295227050781,460.38385009765625,192.40628051757812,1208.624267578125,429.45306396484375,224.78201293945312,1405.906982421875
2018-05-10,351.9452209472656,457.36895751953125,1296.125,292.2771911621094,459.3220520019531,190.94090270996094,1196.807373046875,431.4097595214844,224.7366943359375,1390.575927734375
2018-05-11,330.1674499511719,461.7413635253906,1311.471435546875,296.1824645996094,464.33599853515625,193.32640075683594,1218.9473876953125,434.9713439941406,226.91200256347656,1392.87255859375
2018-05-14,327.2210693359375,464.03662109375,1310.9915771484375,295.3727722167969,467.6983947753906,194.11021423339844,1213.9833984375,433.8060607910156,229.8577423095703,1383.4443359375
2018-05-15,326.1962585449219,467.72052001953125,1321.4110107421875,293.61065673828125,469.7630310058594,192.09959411621094,1207.3499755859375,430.4423522949219,224.78201293945312,1403.1268310546875
2018-05-16,320.5596618652344,464.4038391113281,1372.506103515625,283.1330871582031,467.9539794921875,194.82586669921875,1196.93896484375,420.417236328125,220.3407440185547,1407.760498046875
2018-05-17,313.9409484863281,465.4137878417969,1368.7569580078125,281.9424133300781,465.18157958984375,190.12303161621094,1191.31591796875,415.6684875488281,219.9781951904297,1406.914306640625
2018-05-18,308.603271484375,461.8332214355469,1400.1466064453125,272.5126037597656,465.2995300292969,192.40628051757812,1155.821533203125,410.612060546875,216.4886474609375,1411.044189453125
2018-05-21,307.4503173828125,457.4493103027344,1376.4735107421875,275.56060791015625,463.84454345703125,192.44039916992188,1153.800537109375,409.5128173828125,221.56436157226562,1433.0838623046875
2018-05-22,309.0302429199219,456.72637939453125,1372.6807861328125,276.51312255859375,469.4876708984375,189.98675537109375,1159.86279296875,407.4901428222656,230.129638671875,1413.80419921875
2018-05-23,304.7174377441406,451.5850830078125,1367.2744140625,278.1800231933594,465.96807861328125,186.37442016601562,1165.793212890625,401.1145324707031,238.5590057373047,1408.244140625
2018-05-24,317.6132507324219,455.8312072753906,1361.1712646484375,283.5617370605469,480.16455078125,187.32864379882812,1175.5894775390625,402.69744873046875,243.36279296875,1452.000732421875
2018-05-25,321.9261169433594,461.04132080078125,1373.9449462890625,281.6090393066406,483.0353088378906,189.27371215820312,1179.059814453125,404.87396240234375,241.9578857421875,1444.7891845703125
2018-05-28,320.3888854980469,468.7303771972656,1380.1356201171875,285.0380859375,477.569091796875,191.35899353027344,1209.326904296875,404.69805908203125,246.5803985595703,1411.044189453125
2018-05-29,323.8049621582031,466.5269775390625,1371.28564453125,276.1321105957031,478.47357177734375,190.49014282226562,1212.9730224609375,403.40093994140625,239.5559844970703,1419.68701171875
2018-05-30,320.9439697265625,470.14190673828125,1382.7078857421875,271.3695983886719,476.5073547363281,188.99569702148438,1199.8382568359375,402.807373046875,242.13917541503906,1415.8995361328125
2018-05-31,319.0650939941406,494.1878356933594,1405.07275390625,272.226806640625,484.4117736816406,188.8218994140625,1204.01171875,405.1158142089844,244.31446838378906,1414.680908203125
2018-06-01,327.6907653808594,487.5238342285156,1385.3671875,275.56060791015625,480.0859375,187.6402587890625,1205.768798828125,409.1610107421875,241.73130798339844,1407.6927490234375
2018-06-04,317.9548645019531,472.6481628417969,1363.002197265625,273.1317138671875,487.4004821777344,186.910400390625,1192.9852294921875,413.68994140625,238.377685546875,1417.28076171875
2018-06-05,311.1226501464844,476.66729736328125,1362.6534423828125,270.60760498046875,480.10565185546875,185.93728637695312,1171.8115234375,416.67987060546875,238.87619018554688,1398.8760986328125
2018-06-06,324.3173828125,475.2236633300781,1369.934326171875,270.41705322265625,486.6336364746094,187.95303344726562,1186.5718994140625,419.6478576660156,244.85830688476562,1402.248779296875
2018-06-07,324.4881896972656,476.34393310546875,1397.7489013671875,277.0846252441406,492.5325012207031,188.4048614501953,1190.6131591796875,427.1006774902344,244.4051055908203,1410.21142578125
2018-06-08,322.43853759765625,473.37579345703125,1391.2528076171875,274.5604248046875,495.521240234375,186.21533203125,1180.7730712890625,432.8168029785156,247.4414825439453,1419.59619140625
2018-06-11,332.04632568359375,471.7473449707031,1396.3101806640625,272.7983093261719,496.44537353515625,187.15370178222656,1180.158203125,432.0693054199219,248.34783935546875,1421.709228515625
2018-06-12,325.08599853515625,472.1052551269531,1428.6151123046875,273.7508850097656,494.9117126464844,187.84878540039062,1200.497314453125,438.4449157714844,256.3692932128906,1447.1417236328125
2018-06-13,320.8158874511719,469.2410583496094,1413.57421875,276.9418029785156,501.3217468261719,186.1805877685547,1193.7760009765625,440.79730224609375,260.7652587890625,1482.1622314453125
2018-06-14,321.5417785644531,470.615478515625,1403.4599609375,271.2266845703125,499.46844482421875,185.76351928710938,1179.9384765625,443.1936340332031,256.1427307128906,1452.4639892578125
2018-06-15,323.0363464355469,468.81378173828125,1413.661376953125,269.08355712890625,516.2086791992188,183.85198974609375,1168.4288330078125,445.9418029785156,251.474853515625,1495.1224365234375
2018-06-18,316.75921630859375,466.3999328613281,1402.5443115234375,279.0848693847656,510.6286315917969,183.88673400878906,1162.5423583984375,446.5353698730469,250.93106079101562,1486.1436767578125
2018-06-19,317.0154113769531,467.40472412109375,1395.96142578125,278.8944091796875,500.23382568359375,184.9293975830078,1151.296630859375,437.96124267578125,247.07894897460938,1482.487548828125
2018-06-20,317.6132507324219,474.9465026855469,1397.1822509765625,279.275390625,500.85845947265625,183.33070373535156,1148.0897216796875,448.1622314453125,247.71337890625,1480.82177734375
2018-06-21,314.8803405761719,475.2814025878906,1399.861328125,283.7998352050781,502.22821044921875,181.3148956298828,1133.1978759765625,453.74639892578125,243.49871826171875,1478.3026123046875
2018-06-22,319.87646484375,481.2293395996094,1412.7318115234375,286.3715515136719,502.75189208984375,184.3038330078125,1142.0274658203125,445.1943054199219,247.48680114746094,1470.54296875
2018-06-25,319.5347900390625,483.9087829589844,1418.92529296875,275.9416809082031,512.6632690429688,182.53134155273438,1114.17626953125,441.6546325683594,243.31747436523438,1478.2216796875
2018-06-26,324.70172119140625,483.62005615234375,1424.72314453125,274.4176330566406,514.8388671875,184.060546875,1115.8458251953125,430.4423522949219,242.36575317382812,1504.8321533203125
2018-06-27,320.8158874511719,487.9857482910156,1413.78564453125,265.7973937988281,511.6760559082031,182.6356201171875,1083.07470703125,427.5212097167969,237.1994171142578,1509.7080078125
2018-06-28,322.7801208496094,492.2012634277344,1408.031494140625,258.5107421875,519.5728149414062,181.07164001464844,1085.00732421875,418.2701416015625,232.9394073486328,1497.275634765625
2018-06-29,326.1962585449219,487.0271301269531,1441.76611328125,262.3207702636719,526.663818359375,185.03366088867188,1120.2825927734375,430.4425964355469,235.06939697265625,1501.3792724609375
2018-07-02,314.3252258300781,478.8963623046875,1443.7869873046875,264.22576904296875,537.7432861328125,182.84413146972656,1103.4578857421875,425.1973571777344,234.61624145507812,1504.30419921875
2018-07-03,316.63116455078125,478.19183349609375,1443.830810546875,259.939453125,545.418701171875,184.5123291015625,1099.5479736328125,429.93359375,233.39259338378906,1522.7489013671875
2018-07-04,313.7701416015625,485.8953857421875,1472.382568359375,260.2728576660156,541.9738159179688,183.78250122070312,1106.57666015625,438.2551574707031,233.3472900390625,1516.3297119140625
2018-07-05,310.35400390625,490.56121826171875,1482.9244384765625,258.6535949707031,517.3167114257812,189.41275024414062,1102.1397705078125,426.9236755371094,232.44093322753906,1527.827880859375
2018-07-06,309.3718566894531,488.5747985839844,1474.4031982421875,257.224853515625,517.41748046875,189.51702880859375,1112.551025390625,432.7001037597656,233.12069702148438,1554.3564453125
2018-07-09,309.2437438964844,491.00006103515625,1486.3507080078125,258.3203125,523.2996215820312,190.73342895507812,1131.6163330078125,441.3536682128906,237.06341552734375,1530.021240234375
2018-07-10,314.11175537109375,495.7931823730469,1482.0458984375,260.41571044921875,524.3270874023438,192.57542419433594,1128.6292724609375,454.0130310058594,239.05747985839844,1523.60205078125
2018-07-11,309.1583557128906,496.220458984375,1509.4117431640625,255.98663330078125,532.0020751953125,191.67176818847656,1119.97509765625,459.8116760253906,234.8428192138672,1608.7569580078125
2018-07-12,309.2864074707031,500.3090515136719,1530.6715087890625,259.3679504394531,521.4865112304688,192.6796875,1141.939697265625,479.0884704589844,238.15109252929688,1601.8094482421875
2018-07-13,306.5535888671875,503.7623291015625,1530.9349365234375,255.03404235839844,530.7733764648438,187.95303344726562,1140.75341796875,486.8124694824219,233.6192169189453,1609.73193359375
2018-07-16,296.6895751953125,500.97894287109375,1538.490234375,246.93777465820312,536.9979858398438,188.78717041015625,1127.3109130859375,476.36627197265625,228.04498291015625,1616.3135986328125
2018-07-17,292.5475158691406,502.8037414550781,1477.3897705078125,253.79579162597656,535.0037231445312,187.57077026367188,1130.60595703125,483.51483154296875,234.79750061035156,1630.11376953125
2018-07-18,287.6368408203125,502.67657470703125,1444.050537109375,250.2239227294922,532.8483276367188,186.66714477539062,1135.2623291015625,483.6033935546875,235.25067138671875,1628.56689453125
2018-07-19,294.6398620605469,504.9634704589844,1447.3009033203125,248.79518127441406,530.4912109375,189.9688262939453,1105.3466796875,489.0478515625,235.83982849121094,1613.2197265625
2018-07-20,294.9815368652344,505.64483642578125,1454.680419921875,253.17666625976562,543.1422119140625,190.45538330078125,1116.109375,499.58258056640625,237.0181427001953,1625.5950927734375
2018-07-23,306.5535888671875,498.1145324707031,1484.374267578125,262.4636535644531,546.304931640625,197.5105743408203,1123.8406982421875,495.8865661621094,241.41407775878906,1632.963623046875
2018-07-24,304.7174377441406,498.8768310546875,1465.2664794921875,261.32061767578125,554.8462524414062,198.55320739746094,1163.2454833984375,491.7478942871094,241.86724853515625,1627.54931640625
2018-07-25,300.8742980957031,501.3253479003906,1452.1326904296875,261.6064147949219,557.50537109375,198.90078735351562,1160.3458251953125,493.6069641113281,246.399169921875,1613.3006591796875
2018-07-26,305.443359375,506.46484375,1467.0672607421875,272.083984375,553.2749633789062,199.630615234375,1147.38671875,491.6150817871094,260.7652587890625,1599.6226806640625
2018-07-27,311.4642639160156,508.6707458496094,1457.4476318359375,279.275390625,553.35546875,210.30030822753906,1152.2188720703125,500.1137390136719,259.9042053222656,1582.5657958984375
2018-07-30,327.3064880371094,501.22137451171875,1483.539306640625,292.75341796875,544.3106079101562,209.25762939453125,1138.073974609375,509.65264892578125,269.55712890625,1583.257568359375
2018-07-31,333.58355712890625,503.43890380859375,1521.2713623046875,289.8006286621094,549.991455078125,206.92910766601562,1144.18017578125,524.9678344726562,266.02227783203125,1579.6754150390625
2018-08-01,328.3740234375,498.6343688964844,1523.599609375,285.085693359375,545.5394287109375,209.63990783691406,1140.4022216796875,527.7786254882812,267.47247314453125,1609.230224609375
2018-08-02,320.6374816894531,492.05108642578125,1536.0743408203125,284.371337890625,545.378173828125,207.9717559814453,1126.6962890625,517.1552124023438,266.384765625,1586.3515625
2018-08-03,321.9268798828125,490.076171875,1548.812744140625,290.5150146484375,549.5885009765625,211.27342224121094,1133.3734130859375,520.9619140625,271.2339172363281,1611.632080078125
2018-08-06,331.59759521484375,488.37847900390625,1520.0855712890625,300.1353454589844,548.198486328125,209.7789764404297,1133.768798828125,527.8892211914062,279.617919921875,1608.4564208984375
2018-08-07,328.2880554199219,492.2127990722656,1519.865966796875,298.2779846191406,551.1396484375,209.29237365722656,1138.0301513671875,524.171142578125,275.58453369140625,1601.780029296875
2018-08-08,331.21075439453125,493.4717712402344,1543.6734619140625,303.56439208984375,549.044677734375,209.18814086914062,1140.621826171875,538.9994506835938,279.7991943359375,1607.194580078125
2018-08-09,315.52276611328125,489.3485412597656,1541.08203125,317.1852111816406,555.9743041992188,210.26553344726562,1128.716796875,539.1101684570312,287.6847229003906,1607.4794921875
2018-08-10,317.88671875,488.4129943847656,1539.76416015625,312.9941711425781,558.190185546875,211.8642578125,1111.1014404296875,533.0237426757812,275.94708251953125,1622.7457275390625
2018-08-13,318.1875915527344,483.146484375,1518.8115234375,309.46990966796875,567.5777587890625,212.66358947753906,1114.96728515625,525.7203979492188,266.61138916015625,1628.4853515625
2018-08-14,315.479736328125,482.5575866699219,1532.3408203125,316.6613464355469,567.396484375,214.01904296875,1115.1451416015625,535.856689453125,267.2911682128906,1631.25390625
2018-08-16,319.77783203125,479.4623107910156,1526.322998046875,318.4234619140625,575.9580688476562,213.7062225341797,1095.92529296875,531.5189208984375,265.29718017578125,1635.2841796875
2018-08-17,319.2620544433594,479.8433837890625,1567.920654296875,323.8527526855469,576.2802734375,218.08534240722656,1103.488525390625,532.82470703125,273.817138671875,1638.744140625
2018-08-20,318.5313720703125,484.19757080078125,1561.1119384765625,322.37640380859375,557.7067260742188,217.7725067138672,1177.83154296875,546.6128540039062,278.8475036621094,1636.464599609375
2018-08-21,316.5543212890625,484.1629333496094,1539.5885009765625,322.75738525390625,557.5859375,217.49452209472656,1176.808349609375,552.0573120117188,278.25836181640625,1642.7332763671875
2018-08-23,317.97265625,480.4324035644531,1557.4222412109375,321.185791015625,563.0048828125,216.86892700195312,1203.0576171875,561.9058837890625,274.1343688964844,1656.9407958984375
2018-08-24,317.156005859375,478.11102294921875,1564.58203125,315.875732421875,555.3095703125,215.75672912597656,1194.915771484375,565.4691772460938,272.3215637207031,1663.3734130859375
2018-08-27,325.9241027832031,480.5594482421875,1574.5531005859375,325.20416259765625,570.2570190429688,217.84205627441406,1206.6611328125,571.666015625,279.1647644042969,1669.804931640625
2018-08-28,323.904052734375,483.8857421875,1556.0166015625,324.2474060058594,574.0038452148438,216.62559509277344,1206.2161865234375,583.838623046875,276.76287841796875,1684.70458984375
2018-08-29,322.2707824707031,480.10906982421875,1542.53125,325.9217834472656,568.1217041015625,217.4249725341797,1202.61279296875,572.8612060546875,280.70562744140625,1686.984619140625
2018-08-30,329.319580078125,477.2448425292969,1557.4659423828125,329.4617919921875,570.5792236328125,222.32542419433594,1198.16357421875,564.119140625,279.7085876464844,1695.451904296875
2018-08-31,329.96435546875,476.1129455566406,1563.8353271484375,327.7874755859375,580.6113891601562,222.32542419433594,1218.6290283203125,549.6005859375,280.6149597167969,1692.1951904296875
2018-09-03,329.92132568359375,479.3121337890625,1492.6756591796875,319.70281982421875,577.8515625,217.7030029296875,1212.801025390625,544.067626953125,277.66925048828125,1671.4334716796875
2018-09-04,325.2364196777344,473.94171142578125,1450.5953369140625,314.2970886230469,593.9874877929688,215.20069885253906,1209.5087890625,549.7333984375,268.6507873535156,1708.8858642578125
2018-09-05,319.82086181640625,472.5672607421875,1415.8941650390625,315.3973388671875,588.1454467773438,215.6525115966797,1199.453857421875,543.1159057617188,268.7867126464844,1692.8873291015625
2018-09-06,320.03570556640625,474.0340881347656,1413.1705322265625,314.4405822753906,585.9296264648438,216.03480529785156,1198.653076171875,558.3427124023438,268.6960754394531,1689.671630859375
2018-09-07,334.9071350097656,475.1312255859375,1439.657958984375,320.61175537109375,590.4822387695312,215.79150390625,1199.0089111328125,565.9560546875,264.3454284667969,1693.376220703125
2018-09-10,333.8755798339844,471.4816589355469,1414.6641845703125,318.5068359375,588.910888671875,213.08067321777344,1189.488037109375,555.8861083984375,258.1820983886719,1694.1083984375
2018-09-11,325.53729248046875,462.0688781738281,1397.4014892578125,312.4313659667969,591.6909790039062,206.58154296875,1183.126220703125,547.8521118164062,256.1427307128906,1666.0191650390625
2018-09-12,323.8180847167969,464.7136535644531,1429.2034912109375,308.93914794921875,598.6207885742188,213.2544708251953,1203.235595703125,554.4031982421875,258.5899353027344,1664.146728515625
2018-09-14,329.74945068359375,468.81378173828125,1431.35595703125,314.153564453125,591.20751953125,213.4977264404297,1209.1080322265625,554.69091796875,263.4390563964844,1681.61083984375
2018-09-17,328.4170227050781,460.17474365234375,1410.4033203125,311.6181640625,584.9627075195312,209.91795349121094,1196.5621337890625,542.629150390625,258.5899353027344,1688.7349853515625
2018-09-18,321.23919677734375,459.4818115234375,1462.6748046875,305.0643005371094,579.4429321289062,210.78684997558594,1181.5689697265625,538.7560424804688,248.16659545898438,1685.967041015625
2018-09-19,318.1015930175781,453.04876708984375,1446.993408203125,307.07354736328125,579.9668579101562,208.2845458984375,1186.017822265625,535.923095703125,246.0819091796875,1691.7879638671875
2018-09-21,318.48846435546875,455.10455322265625,1424.327880859375,303.38995361328125,568.3229370117188,211.27342224121094,1183.17041015625,538.910888671875,245.2661895751953,1712.345947265625
2018-09-24,306.19586181640625,444.8140563964844,1397.2255859375,295.40093994140625,578.758056640625,207.10284423828125,1173.0714111328125,545.3512573242188,239.601318359375,1789.9376220703125
2018-09-25,309.8922424316406,450.9814453125,1432.717529296875,297.6494140625,585.1641235351562,209.32716369628906,1173.6942138671875,544.70947265625,245.53807067871094,1777.52099609375
2018-09-26,310.57989501953125,454.6310729980469,1415.0594482421875,299.5628967285156,578.435791015625,203.7664337158203,1185.79541015625,553.9161987304688,239.14810180664062,1744.099365234375
2018-09-27,306.7116394042969,456.4674072265625,1423.2738037109375,293.3917541503906,584.0359497070312,203.8706817626953,1165.5523681640625,554.9564819335938,240.50767517089844,1782.1217041015625
2018-09-28,291.02362060546875,463.3740234375,1412.9952392578125,292.3393249511719,588.2662963867188,206.96383666992188,1131.918212890625,556.8155517578125,240.64366149902344,1777.92822265625
2018-10-01,280.880126953125,470.1650390625,1442.7767333984375,300.4239807128906,601.6424560546875,206.5120391845703,1110.562255859375,545.1962890625,248.2119140625,1836.427490234375
2018-10-03,273.7452697753906,469.1717834472656,1422.1756591796875,290.5693359375,587.0174560546875,205.1913604736328,1108.20458984375,533.4221801757812,246.26319885253906,1760.9532470703125
2018-10-04,266.6104736328125,452.2172546386719,1382.7303466796875,302.81591796875,569.854248046875,199.56112670898438,1119.2825927734375,496.74969482421875,245.94595336914062,1681.122802734375
2018-10-05,256.681884765625,453.96124267578125,1369.2015380859375,294.013671875,583.8748168945312,192.19309997558594,1092.143798828125,464.2601318359375,234.1630401611328,1711.93896484375
2018-10-08,253.7592010498047,449.2720947265625,1369.904296875,297.4101867675781,575.6961669921875,189.8993377685547,1081.4212646484375,491.0617980957031,240.8702392578125,1691.50341796875
2018-10-09,248.42953491210938,448.2557678222656,1328.7021484375,293.00909423828125,578.3551025390625,186.63238525390625,1086.4932861328125,482.4967956542969,238.3323974609375,1703.1055908203125
2018-10-10,253.67324829101562,454.3885498046875,1342.0556640625,306.0210876464844,564.4150390625,187.74452209472656,1112.83154296875,487.8305969238281,252.56253051757812,1663.8616943359375
2018-10-11,245.29196166992188,447.55126953125,1340.69384765625,298.22344970703125,542.5780639648438,184.33859252929688,1090.7642822265625,481.5008544921875,237.6072540283203,1612.0394287109375
2018-10-12,249.3321533203125,457.7840576171875,1378.9090576171875,305.59051513671875,546.9697265625,191.2894744873047,1099.128662109375,498.6530456542969,239.05747985839844,1561.8447265625
2018-10-15,250.23475646972656,463.8359680175781,1340.86962890625,299.8021240234375,563.0853881835938,196.3636932373047,1082.3560791015625,504.4958801269531,238.5590057373047,1587.247314453125
2018-10-16,252.7276611328125,460.30181884765625,1358.3519287109375,306.7865295410156,560.2249145507812,196.46795654296875,1089.69677734375,515.1412353515625,244.99424743652344,1597.6685791015625
2018-10-17,247.99972534179688,456.109375,1372.2322998046875,301.1893615722656,568.3634643554688,199.10928344726562,1078.3519287109375,509.6083068847656,236.70089721679688,1570.88232421875
2018-10-19,246.9682159423828,454.5271301269531,1386.639892578125,301.8113098144531,550.7971801757812,201.19456481933594,1073.146484375,487.4764709472656,236.6555938720703,1557.6922607421875
2018-10-22,245.6358184814453,461.7224426269531,1392.3502197265625,312.9576110839844,547.8963012695312,200.53424072265625,1073.6357421875,470.3684997558594,235.9757843017578,1549.3875732421875
2018-10-23,245.7647705078125,458.47698974609375,1363.4913330078125,308.891357421875,529.8870239257812,198.79649353027344,1068.3861083984375,466.84954833984375,231.71578979492188,1504.2274169921875
2018-10-24,271.51031494140625,460.1863098144531,1393.2725830078125,308.078125,523.6017456054688,200.01290893554688,1084.5802001953125,462.887939453125,231.76112365722656,1508.1849365234375
2018-10-25,254.06004333496094,454.7696533203125,1388.5015869140625,306.11676025390625,528.4483642578125,199.87387084960938,1069.1424560546875,456.2704772949219,226.18690490722656,1511.8564453125
2018-10-26,256.1231384277344,453.0141296386719,1376.7506103515625,302.0026550292969,516.1076049804688,195.2515411376953,1065.4940185546875,462.5116882324219,224.87265014648438,1467.87939453125
2018-10-29,252.81361389160156,444.9527282714844,1372.0240478515625,334.2934875488281,525.1902465820312,197.05877685546875,1122.307861328125,481.5008544921875,242.81893920898438,1526.54296875
2018-10-30,251.52415466308594,441.8227233886719,1407.4974365234375,330.7534484863281,537.2864990234375,193.89608764648438,1131.1614990234375,467.8675842285156,247.5774383544922,1545.9609375
2018-10-31,251.30929565429688,441.59173583984375,1432.8101806640625,339.6513671875,559.1167602539062,194.6954345703125,1154.5189208984375,469.7488098144531,255.05508422851562,1581.33056640625
2018-11-01,252.29786682128906,441.69573974609375,1420.396728515625,338.40753173828125,543.0698852539062,192.81871032714844,1180.5455322265625,467.5356140136719,259.1338195800781,1579.372314453125
2018-11-02,259.6475830078125,450.3000183105469,1447.6092529296875,339.1250915527344,539.445068359375,196.885009765625,1208.52978515625,475.79083251953125,258.6352844238281,1561.17724609375
2018-11-05,262.81134033203125,451.81304931640625,1449.0230712890625,334.5326843261719,542.4996948242188,194.347900390625,1201.3670654296875,482.6074523925781,267.3365173339844,1542.738525390625
2018-11-06,264.4149475097656,449.63018798828125,1441.8663330078125,337.8334655761719,542.8663330078125,192.74917602539062,1213.5572509765625,488.7158203125,259.6322937011719,1576.8837890625
2018-11-07,265.455078125,452.263427734375,1452.3804931640625,340.512451171875,550.2380981445312,194.66075134277344,1215.4259033203125,491.6372375488281,259.7229309082031,1584.5938720703125
2018-11-09,259.8209533691406,449.364501953125,1477.781494140625,341.4213562011719,537.2050170898438,192.71444702148438,1217.78369140625,484.0017395019531,256.73187255859375,1557.7099609375
2018-11-12,256.74383544921875,443.73992919921875,1461.613037109375,337.11590576171875,541.0335083007812,190.3511505126953,1216.5379638671875,478.04827880859375,251.9281005859375,1562.3197021484375
2018-11-13,257.9139709472656,445.28759765625,1476.456298828125,345.29620361328125,542.2553100585938,192.43641662597656,1237.8043212890625,486.6575622558594,252.01866149902344,1578.7193603515625
2018-11-14,261.1644592285156,452.2172546386719,1515.684814453125,350.74981689453125,532.0733032226562,192.15835571289062,1232.1094970703125,485.9935607910156,257.0491027832031,1534.4161376953125
2018-11-15,263.8514709472656,456.2364501953125,1507.33544921875,354.0027770996094,534.6798095703125,190.80294799804688,1244.388916015625,485.5066833496094,258.6805725097656,1528.052001953125
2018-11-16,288.425048828125,462.9697570800781,1492.3597412109375,351.6586608886719,530.158935546875,192.22787475585938,1244.878173828125,499.0292663574219,263.6656494140625,1539.27099609375
2018-11-19,291.9789123535156,465.1872253417969,1503.22705078125,346.7313537597656,530.8513793945312,197.75387573242188,1261.028076171875,509.0329284667969,261.1731262207031,1552.20263671875
2018-11-20,287.7315979003906,464.8522644042969,1496.6890869140625,342.42596435546875,522.46142578125,197.3020782470703,1257.380126953125,503.4556884765625,256.91314697265625,1532.4581298828125
2018-11-21,288.3817443847656,466.3075256347656,1493.110595703125,341.3256530761719,504.296630859375,195.84239196777344,1247.592041015625,492.6110534667969,260.17608642578125,1478.4046630859375
2018-11-22,284.17779541015625,463.2469482421875,1479.990478515625,336.8288269042969,505.6405029296875,194.9734649658203,1254.7550048828125,488.1625671386719,256.2333679199219,1478.853515625
2018-11-26,289.9852600097656,473.47967529296875,1540.865234375,340.94293212890625,506.21087646484375,198.55320739746094,1265.2991943359375,491.21673583984375,259.58697509765625,1506.22705078125
2018-11-27,284.43780517578125,476.7596740722656,1531.4114990234375,339.3164367675781,520.425048828125,197.99716186523438,1273.8414306640625,499.3833923339844,262.30609130859375,1542.2489013671875
2018-11-28,272.2593688964844,482.59222412109375,1530.4398193359375,343.4783935546875,542.8255004882812,196.15512084960938,1248.748779296875,510.2059326171875,257.9101257324219,1618.657470703125
2018-11-29,274.9464416503906,492.2474670410156,1562.5113525390625,346.5400695800781,538.4674682617188,199.87387084960938,1265.69970703125,517.2217407226562,259.58697509765625,1599.6064453125
2018-11-30,271.7393493652344,491.64691162109375,1549.7003173828125,339.7948303222656,543.6807250976562,198.65748596191406,1274.642333984375,516.8010864257812,258.00079345703125,1605.888427734375
2018-12-03,277.1567687988281,488.1474609375,1612.960693359375,340.1297302246094,546.0429077148438,196.67645263671875,1270.1932373046875,511.887939453125,259.949462890625,1617.4339599609375
2018-12-04,276.1165771484375,481.737548828125,1597.1015625,342.4737854003906,558.1799926757812,195.911865234375,1263.4306640625,510.0509338378906,256.0973815917969,1640.6461181640625
2018-12-05,271.132568359375,484.8904724121094,1632.8399658203125,336.20697021484375,555.0439453125,191.39376831054688,1241.0966796875,511.3124694824219,253.9220733642578,1637.300537109375
2018-12-06,263.5047607421875,484.39385986328125,1591.66796875,332.619140625,544.5360717773438,189.7950439453125,1227.482421875,497.369384765625,249.8433837890625,1625.8372802734375
2018-12-07,263.4614562988281,486.830810546875,1611.8123779296875,336.9723815917969,556.1842651367188,190.49014282226562,1245.6343994140625,501.8622131347656,249.61679077148438,1627.876953125
2018-12-10,255.6603240966797,482.47662353515625,1586.6317138671875,331.3752746582031,545.1063232421875,187.98780822753906,1217.027587890625,482.5853271484375,248.52914428710938,1612.0487060546875
2018-12-11,251.58642578125,475.7318420410156,1585.8363037109375,327.97882080078125,549.4235229492188,190.94195556640625,1211.377197265625,485.81658935546875,254.91909790039062,1631.793212890625
2018-12-12,264.8482666015625,481.6798400878906,1624.88818359375,334.8197021484375,552.6815795898438,191.8802947998047,1245.99072265625,491.5486755371094,258.54461669921875,1645.5006103515625
2018-12-13,262.7247009277344,485.37554931640625,1639.4222412109375,334.43695068359375,568.3621826171875,191.35899353027344,1269.2589111328125,490.02166748046875,261.94354248046875,1617.596435546875
2018-12-14,276.723388671875,484.08209228515625,1643.83984375,336.6853332519531,575.1228637695312,191.67176818847656,1255.8673095703125,492.3011779785156,262.1248474121094,1623.4305419921875
2018-12-17,273.212890625,492.05108642578125,1635.1370849609375,342.9521789550781,565.63330078125,194.52166748046875,1252.8419189453125,500.1358337402344,262.3967590332031,1627.142578125
2018-12-18,275.4665222167969,493.26385498046875,1626.3460693359375,346.587890625,551.1341552734375,193.34002685546875,1271.0828857421875,503.0130920410156,265.34246826171875,1621.8802490234375
2018-12-19,279.7138366699219,490.4920349121094,1629.924560546875,350.6540832519531,541.5628051757812,197.02403259277344,1276.6441650390625,503.1900939941406,272.54815673828125,1606.0516357421875
2018-12-20,274.3830261230469,493.72576904296875,1620.6031494140625,346.4921569824219,543.35498046875,196.46795654296875,1290.9254150390625,499.4941101074219,266.520751953125,1594.302978515625
2018-12-21,266.8852844238281,487.6507873535156,1593.4349365234375,338.88592529296875,526.371337890625,192.3668670654297,1263.51953125,486.9895324707031,264.5720520019531,1546.7769775390625
2018-12-24,267.9254455566406,480.6056823730469,1576.780517578125,337.4986267089844,528.6522216796875,191.8455810546875,1249.994873046875,482.098388671875,265.6143798828125,1565.2977294921875
2018-12-26,277.7635498046875,490.2379455566406,1582.9210205078125,340.464599609375,524.6199951171875,192.29739379882812,1265.8778076171875,486.1706848144531,266.61138916015625,1541.39208984375
2018-12-27,274.5130615234375,486.2418212890625,1603.5072021484375,340.2732238769531,535.0056762695312,195.14724731445312,1268.0133056640625,495.8421936035156,264.7986145019531,1557.505615234375
2018-12-28,274.3830261230469,490.3649597167969,1609.824462890625,345.1527404785156,535.1278686523438,196.18988037109375,1280.7818603515625,498.21038818359375,267.20050048828125,1546.9808349609375
2018-12-31,270.87249755859375,490.0877380371094,1607.703857421875,344.5786437988281,536.757080078125,195.77285766601562,1279.1356201171875,496.30706787109375,268.19757080078125,1544.533447265625
2019-01-01,276.9400939941406,496.1858825683594,1591.3143310546875,348.0230407714844,541.7257690429688,196.50271606445312,1283.00634765625,496.1963806152344,271.5511474609375,1552.48828125
2019-01-02,271.0025634765625,491.658447265625,1576.7364501953125,348.8362731933594,544.9840698242188,195.04299926757812,1268.41357421875,489.7339172363281,266.384765625,1569.214111328125
2019-01-03,271.7393493652344,487.8010559082031,1580.0936279296875,347.5446472167969,545.0654296875,193.8265838623047,1241.2745361328125,483.69195556640625,263.846923828125,1550.1624755859375
2019-01-04,279.49713134765625,489.1060485839844,1574.1739501953125,349.4103698730469,538.4674682617188,195.28628540039062,1235.090576171875,486.303466796875,269.78369140625,1531.315673828125
2019-01-07,281.66412353515625,489.8451232910156,1577.0452880859375,351.8022155761719,547.1427612304688,195.77285766601562,1231.308837890625,489.00360107421875,268.56011962890625,1548.490234375
2019-01-08,285.3913269042969,485.76824951171875,1564.5877685546875,363.71392822265625,545.7986450195312,197.580078125,1229.8851318359375,488.9592590332031,276.7174987792969,1544.9410400390625
2019-01-09,289.9419860839844,488.9559326171875,1577.0899658203125,365.72314453125,550.7268676757812,201.8549041748047,1233.3109130859375,491.6593933105469,276.7174987792969,1539.55615234375
2019-01-10,292.3689880371094,487.0387268066406,1578.14990234375,363.0920715332031,553.6591796875,201.29884338378906,1239.1390380859375,490.22076416015625,276.944091796875,1540.8614501953125
2019-01-11,290.4620056152344,487.8240661621094,1563.306640625,362.1831359863281,556.754638671875,205.29559326171875,1218.673583984375,486.0378723144531,274.40625,1503.3304443359375
2019-01-14,287.42828369140625,485.4564208984375,1558.4473876953125,357.20794677734375,571.7425537109375,204.56573486328125,1186.907470703125,485.484619140625,272.2762756347656,1479.4246826171875
2019-01-15,292.759033203125,490.1339416503906,1581.375,356.6338806152344,591.8621215820312,206.1296844482422,1193.135986328125,500.02520751953125,273.4092102050781,1523.9315185546875
2019-01-16,289.4652404785156,489.7413635253906,1566.0897216796875,359.0736389160156,600.1707153320312,204.3920440673828,1194.24853515625,502.791748046875,274.7688293457031,1525.8489990234375
2019-01-17,287.818359375,492.53619384765625,1547.49169921875,358.4039001464844,597.3605346679688,204.322509765625,1197.718994140625,502.1498718261719,269.55712890625,1548.86572265625
2019-01-18,269.7023620605469,492.0627136230469,1540.9534912109375,355.9162902832031,595.4055786132812,202.58474731445312,1172.6707763671875,524.2374877929688,267.3365173339844,1554.05810546875
2019-01-21,269.875732421875,496.1973876953125,1543.427490234375,355.6293029785156,606.8502197265625,201.50735473632812,1169.6900634765625,547.8521118164062,265.0705871582031,1560.6400146484375
2019-01-22,264.2415771484375,493.35626220703125,1546.343017578125,353.0938415527344,607.1353759765625,201.40310668945312,1157.7666015625,546.723388671875,263.0765075683594,1555.0799560546875
2019-01-23,263.2447814941406,486.3226318359375,1561.363037109375,351.5151672363281,595.975830078125,192.74917602539062,1158.0335693359375,542.8060913085938,259.81353759765625,1533.5758056640625
2019-01-24,261.46783447265625,485.5950622558594,1554.5595703125,349.0276184082031,599.5386352539062,193.86134338378906,1152.6058349609375,552.1678466796875,261.08245849609375,1554.7939453125
2019-01-25,266.53857421875,484.1513671875,1552.1744384765625,341.7562255859375,598.1871948242188,194.0698699951172,1143.796630859375,551.5260620117188,258.6805725097656,1570.53369140625
2019-01-28,264.5015563964844,481.4140930175781,1539.9815673828125,328.69635009765625,596.2214965820312,190.97671508789062,1157.143798828125,544.2446899414062,255.23635864257812,1598.4969482421875
2019-01-29,266.8419189453125,475.2814025878906,1552.0860595703125,331.85369873046875,596.1806640625,193.54855346679688,1137.2120361328125,535.8788452148438,254.3299560546875,1621.186279296875
2019-01-30,263.2447814941406,469.9917907714844,1531.45556640625,350.0800476074219,594.54248046875,191.49801635742188,1151.804931640625,529.2613525390625,260.5386657714844,1620.0826416015625
2019-01-31,265.58514404296875,480.4440002441406,1557.8731689453125,348.6927490234375,613.912841796875,193.6875762939453,1169.467529296875,543.182373046875,266.158203125,1646.8197021484375
2019-02-01,270.30908203125,482.869384765625,1589.7239990234375,339.3164367675781,620.0556640625,195.21678161621094,1178.632568359375,553.2744750976562,257.774169921875,1659.779296875
2019-02-04,265.7151184082031,486.2071228027344,1592.6396484375,339.22076416015625,619.11376953125,192.61016845703125,1163.327880859375,571.4005126953125,257.3663635253906,1676.3775634765625
2019-02-05,267.14532470703125,488.3206787109375,1609.2940673828125,337.4029235839844,618.2538452148438,190.5596466064453,1160.83642578125,571.6881713867188,258.00079345703125,1671.717041015625
2019-02-06,267.6220703125,490.3071594238281,1616.80419921875,343.765380859375,625.1746215820312,193.0272216796875,1169.5565185546875,579.9655151367188,261.9888610839844,1696.4510498046875
2019-02-07,269.7023620605469,489.059814453125,1624.8441162109375,343.14349365234375,625.7479858398438,194.83447265625,1153.2286376953125,571.1791381835938,260.4933166503906,1703.07373046875
2019-02-08,271.5226745605469,490.3071594238281,1605.6275634765625,339.7470397949219,623.208984375,191.49801635742188,1122.70849609375,565.5576782226562,259.22442626953125,1685.4945068359375
2019-02-11,270.6124572753906,494.2340393066406,1594.5833740234375,334.9153747558594,624.7650756835938,192.61016845703125,1109.1390380859375,554.7351684570312,254.2393035888672,1689.1734619140625
2019-02-12,269.7890625,491.9356994628906,1585.4830322265625,329.4139404296875,614.6500854492188,191.35899353027344,1109.4503173828125,556.1294555664062,249.61679077148438,1677.4820556640625
2019-02-14,260.7310485839844,487.431396484375,1577.1337890625,329.0791015625,606.1319580078125,193.166259765625,1092.3216552734375,541.8766479492188,242.09385681152344,1671.758056640625
2019-02-15,264.02484130859375,485.2254333496094,1566.3106689453125,327.3569030761719,607.6881713867188,194.6954345703125,1106.113525390625,550.840087890625,238.3323974609375,1659.5748291015625
2019-02-18,262.2479553222656,482.7423400878906,1547.8450927734375,324.1038513183594,606.9510498046875,190.94195556640625,1107.359130859375,540.0617065429688,235.61325073242188,1611.0067138671875
2019-02-19,263.2447814941406,481.39105224609375,1535.52001953125,328.4093322753906,593.2320556640625,191.7760467529297,1119.638427734375,538.2911987304688,238.28704833984375,1557.4510498046875
2019-02-20,267.8387451171875,487.0041198730469,1531.5882568359375,330.2750549316406,606.664306640625,191.74131774902344,1135.8775634765625,546.369384765625,242.6376953125,1565.586669921875
2019-02-21,268.61883544921875,488.7480163574219,1550.31884765625,336.1112976074219,600.7262573242188,191.18521118164062,1142.595458984375,551.9243774414062,242.90960693359375,1565.13720703125
2019-02-22,272.04266357421875,483.1003112792969,1562.555908203125,336.8288269042969,601.954833984375,190.66390991210938,1139.258544921875,545.4840087890625,245.5834197998047,1574.4989013671875
2019-02-25,274.98980712890625,490.9424743652344,1563.96923828125,340.2254333496094,618.2947387695312,192.3321533203125,1135.2545166015625,545.4619750976562,244.85830688476562,1623.1488037109375
2019-02-26,273.4295959472656,487.5353088378906,1565.824951171875,333.1453857421875,608.138671875,191.49801635742188,1126.3565673828125,540.1281127929688,241.41407775878906,1666.933837890625
2019-02-27,277.50347900390625,483.28509521484375,1534.2388916015625,330.6098327636719,602.2006225585938,191.21998596191406,1143.1292724609375,541.5667114257812,242.5923309326172,1682.79638671875
2019-02-28,275.6832275390625,479.88958740234375,1530.8370361328125,335.0110168457031,601.4223022460938,191.8802947998047,1150.47021484375,544.90869140625,243.8612823486328,1621.7586669921875
2019-03-01,266.6686096191406,481.2293395996094,1532.604248046875,338.9337463378906,607.647216796875,193.374755859375,1164.351318359375,542.6953735351562,247.39614868164062,1631.529541015625
2019-03-05,266.8419189453125,486.7153015136719,1523.7249755859375,347.5446472167969,599.9482421875,196.39846801757812,1161.9041748046875,547.830078125,250.56849670410156,1625.5611572265625
2019-03-06,268.1854553222656,486.0570373535156,1501.8134765625,355.8685302734375,599.9482421875,198.62274169921875,1171.869873046875,559.8475952148438,252.06402587890625,1634.9638671875
2019-03-07,266.6686096191406,491.19647216796875,1506.7613525390625,354.7681884765625,592.1264038085938,201.64637756347656,1203.369140625,562.2600708007812,255.37228393554688,1646.166015625
2019-03-08,267.57867431640625,491.5892028808594,1503.4039306640625,354.57684326171875,583.4446411132812,202.967041015625,1191.8016357421875,560.86572265625,254.87379455566406,1653.8514404296875
2019-03-11,289.3351745605469,491.64691162109375,1515.1986083984375,359.599853515625,582.54345703125,203.6273956298828,1198.16357421875,577.2432861328125,260.4480285644531,1647.391845703125
2019-03-12,304.9374694824219,501.4754333496094,1532.737060546875,371.4158935546875,579.0216064453125,204.70477294921875,1235.8468017578125,589.30517578125,260.0401611328125,1645.470458984375
2019-03-13,292.759033203125,514.3069458007812,1544.0457763671875,374.9559326171875,580.250244140625,204.9828338623047,1226.6817626953125,596.3652954101562,265.70501708984375,1635.699951171875
2019-03-14,296.78961181640625,513.8910522460938,1534.945556640625,371.1288757324219,580.168212890625,205.39988708496094,1227.705078125,593.8200073242188,264.5720520019531,1624.988525390625
2019-03-15,292.7156677246094,520.4164428710938,1500.5765380859375,378.2088928222656,588.5224609375,202.13294982910156,1242.609375,585.0116577148438,270.4635009765625,1667.955810546875
2019-03-18,286.6048278808594,522.3683471679688,1499.825439453125,380.84002685546875,581.6835327148438,204.04441833496094,1226.948974609375,597.58251953125,270.9620666503906,1653.9332275390625
2019-03-19,291.8922424316406,523.8235473632812,1501.680908203125,381.1748352050781,591.552978515625,208.14549255371094,1208.30712890625,609.3124389648438,274.67816162109375,1653.9332275390625
2019-03-20,289.508544921875,531.0419311523438,1490.990478515625,375.9127197265625,605.2308959960938,207.76318359375,1219.830322265625,608.825439453125,275.35797119140625,1647.5966796875
2019-03-22,287.3849182128906,525.763916015625,1482.596923828125,374.8602294921875,608.6300048828125,207.276611328125,1241.0074462890625,593.9085693359375,270.146240234375,1639.9107666015625
2019-03-25,283.4410095214844,526.9535522460938,1478.8861083984375,366.9190979003906,602.2006225585938,205.08709716796875,1225.03564453125,586.2509155273438,266.4754333496094,1622.4134521484375
2019-03-26,284.13446044921875,533.8946533203125,1487.67724609375,377.06085205078125,596.0578002929688,203.94015502929688,1221.52099609375,605.1958618164062,275.0860595703125,1621.1048583984375
2019-03-27,279.5404357910156,531.1458129882812,1485.0267333984375,376.1997375488281,597.6549072265625,203.73170471191406,1215.8707275390625,597.2283935546875,279.8898620605469,1609.04443359375
2019-03-28,285.998046875,531.919677734375,1487.7655029296875,383.23193359375,604.2891235351562,208.52777099609375,1233.8890380859375,601.9867553710938,289.13494873046875,1635.5361328125
2019-04-01,295.40277099609375,533.9987182617188,1493.155029296875,381.0314025878906,618.4584350585938,206.61631774902344,1256.5791015625,616.0846557617188,292.5338439941406,1661.16943359375
2019-04-02,308.9680480957031,530.0833740234375,1490.636962890625,379.9789123535156,621.9804077148438,207.06809997558594,1254.399169921875,615.1331176757812,298.1987609863281,1700.130126953125
2019-04-03,303.3772277832031,529.5982666015625,1476.191162109375,375.14727783203125,616.9842529296875,205.85169982910156,1226.1923828125,608.71484375,290.4944763183594,1700.130126953125
2019-04-04,309.271484375,527.5655517578125,1472.4364013671875,371.942138671875,612.5614013671875,204.91329956054688,1217.872802734375,598.9103393554688,291.67279052734375,1647.14697265625
2019-04-05,309.1413879394531,532.5664672851562,1465.8538818359375,373.6642761230469,621.8984985351562,204.7395477294922,1222.410888671875,599.2865600585938,287.3674621582031,1674.7833251953125
2019-04-08,307.6678466796875,528.824462890625,1470.978515625,370.3634948730469,628.4098510742188,203.4883575439453,1222.27734375,588.37548828125,283.5153503417969,1693.1396484375
2019-04-09,304.76409912109375,528.3278198242188,1484.761474609375,379.9789123535156,622.963134765625,205.95596313476562,1223.65625,590.6773071289062,285.2828063964844,1710.1055908203125
2019-04-10,294.7092590332031,516.801513671875,1496.821533203125,377.15655517578125,616.4928588867188,204.84376525878906,1220.40869140625,589.3272094726562,281.7932434082031,1668.201171875
2019-04-11,300.21343994140625,521.4560546875,1511.1788330078125,373.1858825683594,608.3023071289062,206.02548217773438,1226.14794921875,596.1439208984375,285.41876220703125,1651.2352294921875
2019-04-12,296.3995361328125,523.2461547851562,1521.118408203125,377.5391845703125,612.4386596679688,212.5245819091797,1210.9322509765625,594.506103515625,285.7359924316406,1647.14697265625
2019-04-15,301.38360595703125,528.6859130859375,1521.4718017578125,375.7691955566406,595.8529052734375,212.350830078125,1207.373046875,593.2003784179688,286.0532531738281,1727.9302978515625
2019-04-16,302.2937316894531,532.439453125,1536.050048828125,389.4031066894531,593.0681762695312,213.532470703125,1229.173095703125,594.7938842773438,286.1891784667969,1743.0565185546875
2019-04-18,300.7335510253906,529.8062133789062,1537.24267578125,386.91546630859375,587.2940673828125,211.58619689941406,1210.754150390625,613.4732666015625,281.7026062011719,1757.978515625
2019-04-22,302.8572082519531,524.0430297851562,1537.1986083984375,377.4434814453125,590.5700073242188,209.7789764404297,1210.264892578125,595.5020751953125,281.0228576660156,1767.2994384765625
2019-04-23,298.7869567871094,518.637939453125,1541.0421142578125,379.3570251464844,596.42626953125,210.89108276367188,1199.6314697265625,603.6908569335938,276.67218017578125,1762.06689453125
2019-04-24,306.3392333984375,526.595458984375,1548.46337890625,383.7581481933594,603.1834716796875,213.01116943359375,1210.7099609375,615.0446166992188,281.65728759765625,1785.288330078125
2019-04-25,310.1153564453125,522.830322265625,1532.20654296875,378.3045959472656,596.7129516601562,211.41241455078125,1205.81591796875,607.4754638671875,277.5332946777344,1794.73193359375
2019-04-26,307.23602294921875,526.87255859375,1543.8248291015625,389.59442138671875,604.452880859375,211.69049072265625,1208.52978515625,616.5052490234375,283.24346923828125,1830.340087890625
2019-04-30,302.374267578125,535.3037109375,1552.96923828125,389.8814392089844,615.3871459960938,209.4661407470703,1199.943115234375,616.5052490234375,280.93218994140625,1848.1649169921875
2019-05-02,306.0559997558594,544.162109375,1522.797119140625,378.4481201171875,598.5558471679688,212.0032501220703,1209.0191650390625,621.9275512695312,279.3006896972656,1811.411376953125
2019-05-03,312.9002685546875,546.9686279296875,1496.29150390625,384.4278564453125,592.6587524414062,211.48191833496094,1213.334716796875,623.6095581054688,280.9775390625,1743.2205810546875
2019-05-06,314.78826904296875,537.8445434570312,1474.5126953125,383.949462890625,588.3997802734375,213.39346313476562,1203.6357421875,613.00830078125,279.84454345703125,1764.3564453125
2019-05-07,306.7640075683594,536.4356079101562,1499.78125,369.7894287109375,593.436767578125,209.8484649658203,1216.0042724609375,594.6832275390625,276.8534851074219,1759.53271484375
2019-05-08,306.3392333984375,532.9476928710938,1492.00634765625,365.67529296875,589.1777954101562,208.97958374023438,1210.4429931640625,575.1849365234375,270.3275146484375,1760.26806640625
2019-05-09,297.795654296875,529.1709594726562,1505.303466796875,364.9098815917969,590.5700073242188,208.4235076904297,1206.97265625,556.151611328125,271.27923583984375,1776.3758544921875
2019-05-10,305.96160888671875,530.4644165039062,1490.9017333984375,368.4499206542969,587.1300659179688,206.96383666992188,1206.1273193359375,553.8057250976562,279.2100524902344,1746.3271484375
2019-05-13,300.81658935546875,528.3162841796875,1503.7572021484375,360.0303955078125,589.4644775390625,201.09033203125,1172.4483642578125,545.3512573242188,278.16778564453125,1740.562744140625
2019-05-14,317.7620544433594,528.4779663085938,1500.6651611328125,363.953125,584.6729736328125,204.6005401611328,1193.9371337890625,557.922119140625,285.192138671875,1710.8009033203125
2019-05-15,312.71142578125,528.2008666992188,1476.4122314453125,360.7479553222656,586.515869140625,206.47726440429688,1179.7003173828125,556.3507690429688,282.88092041015625,1713.2943115234375
2019-05-16,307.0000305175781,533.73291015625,1491.5643310546875,365.9623107910156,600.439453125,204.8785858154297,1189.799560546875,560.091064453125,286.1891784667969,1724.2099609375
2019-05-17,310.0681457519531,545.6173095703125,1534.50390625,372.85101318359375,592.9043579101562,209.50091552734375,1211.822021484375,560.9985961914062,289.36151123046875,1713.3349609375
2019-05-20,321.066162109375,561.84423828125,1566.045654296875,390.07281494140625,591.6759033203125,213.39346313476562,1291.50390625,586.8927001953125,312.42889404296875,1752.990966796875
2019-05-21,312.1450500488281,555.2265014648438,1577.3106689453125,382.8492431640625,580.9464721679688,212.62884521484375,1289.4129638671875,593.0454711914062,305.9482727050781,1725.0277099609375
2019-05-22,316.3931579589844,555.7000732421875,1562.3349609375,387.82440185546875,581.31494140625,212.5022430419922,1300.09033203125,593.3109741210938,309.1659240722656,1702.1337890625
2019-05-23,319.8388977050781,538.6876831054688,1549.56787109375,393.08660888671875,574.1892700195312,204.31410217285156,1313.437744140625,590.4338989257812,310.16290283203125,1679.4847412109375
2019-05-24,333.43304443359375,548.2159423828125,1545.813232421875,413.08294677734375,580.864501953125,205.90921020507812,1373.9886474609375,591.73974609375,322.0818176269531,1674.537841796875
2019-05-27,329.9400634765625,556.3005981445312,1565.5595703125,416.6708679199219,579.9635620117188,206.19277954101562,1420.1248779296875,580.1425170898438,327.83734130859375,1680.3839111328125
2019-05-28,326.25830078125,558.1138916015625,1569.9332275390625,415.522705078125,596.34423828125,204.8103790283203,1400.9942626953125,585.9410400390625,326.3417663574219,1695.5921630859375
2019-05-29,319.8388977050781,558.2754516601562,1573.4232177734375,404.998291015625,596.0985717773438,204.24322509765625,1381.3739013671875,581.2048950195312,316.009033203125,1723.2286376953125
2019-05-30,327.2967529296875,563.5073852539062,1576.427001953125,407.77294921875,600.8081665039062,204.6331329345703,1386.8463134765625,588.596923828125,320.4503173828125,1754.9124755859375
2019-05-31,329.2792663574219,560.2273559570312,1580.1820068359375,405.38104248046875,604.2481079101562,197.47291564941406,1385.9119873046875,588.7739868164062,319.4986267089844,1795.998779296875
2019-06-03,333.0082092285156,567.5612182617188,1625.418212890625,404.6156311035156,609.8995361328125,197.47291564941406,1387.5582275390625,602.0752563476562,322.17242431640625,1833.406494140625
2019-06-04,332.677734375,566.4525146484375,1604.12548828125,400.9798889160156,602.2415771484375,197.9691619873047,1396.81201171875,598.2906494140625,319.4079284667969,1799.447021484375
2019-06-06,333.9994201660156,559.7653198242188,1623.695556640625,393.7563171386719,602.4871215820312,195.48789978027344,1348.8516845703125,587.53466796875,305.35906982421875,1785.4349365234375
2019-06-07,337.11474609375,565.3783569335938,1617.510986328125,398.5880126953125,605.353759765625,195.1334228515625,1347.0277099609375,582.0237426757812,310.0269470214844,1798.3338623046875
2019-06-10,343.1093444824219,563.657470703125,1636.7276611328125,398.1096496582031,617.1480102539062,198.07550048828125,1363.266357421875,583.9049682617188,312.0663146972656,1839.3409423828125
2019-06-11,342.9205322265625,565.5516357421875,1625.5067138671875,403.1326904296875,618.2947387695312,198.39453125,1356.3260498046875,588.3313598632812,314.6041564941406,1856.898193359375
2019-06-12,339.75799560546875,560.6199951171875,1631.9564208984375,399.927490234375,617.3938598632812,198.4653778076172,1342.9344482421875,589.6592407226562,311.7944030761719,1863.574462890625
2019-06-13,343.3925476074219,564.6968994140625,1630.5428466796875,401.4582824707031,616.8538208007812,198.9262237548828,1350.3199462890625,587.4902954101562,314.060302734375,1857.969482421875
2019-06-14,333.52740478515625,562.4794921875,1610.619384765625,399.68829345703125,615.0264892578125,197.1184539794922,1358.1055908203125,583.1966552734375,311.61309814453125,1858.29931640625
2019-06-17,324.74786376953125,559.4535522460938,1606.2901611328125,396.29180908203125,615.1096801757812,194.95620727539062,1333.5916748046875,567.5938110351562,306.22021484375,1853.9307861328125
2019-06-18,325.8335266113281,558.3563232421875,1598.82421875,403.8980407714844,623.0833740234375,195.027099609375,1339.419677734375,567.0184326171875,308.2142028808594,1855.291259765625
2019-06-19,322.01019287109375,560.92041015625,1600.6796875,401.649658203125,624.5370483398438,196.515869140625,1339.2862548828125,565.4027709960938,307.1265563964844,1862.75
2019-06-20,329.04327392578125,563.9418334960938,1606.330810546875,414.66162109375,627.0289306640625,196.3740692138672,1385.5115966796875,573.9899291992188,312.8367004394531,1877.62841796875
2019-06-21,324.5590515136719,561.1177368164062,1572.1583251953125,412.1740417480469,623.1249389648438,194.4244842529297,1370.0733642578125,566.3543701171875,316.6888427734375,1854.466796875
2019-06-24,325.78631591796875,561.9893798828125,1570.200439453125,410.8824462890625,619.2210693359375,195.84242248535156,1371.1856689453125,558.7853393554688,320.13311767578125,1875.6085205078125
2019-06-25,329.0904846191406,564.488037109375,1563.081298828125,414.90081787109375,621.3807373046875,197.43748474121094,1365.8468017578125,573.5914916992188,323.1694641113281,1869.261962890625
2019-06-26,326.21112060546875,573.5990600585938,1567.13037109375,419.68463134765625,613.9883422851562,196.65765380859375,1380.2615966796875,572.8390502929688,324.61962890625,1858.0516357421875
2019-06-27,329.13763427734375,572.2974243164062,1579.054931640625,421.88519287109375,606.8035278320312,193.89280700683594,1379.9947509765625,563.986328125,328.2452087402344,1856.6920166015625
2019-06-28,327.24957275390625,567.9859008789062,1590.8016357421875,418.2016906738281,608.0078125,194.14096069335938,1382.0413818359375,554.6688232421875,327.429443359375,1835.796630859375
2019-07-01,328.99603271484375,577.7012329101562,1584.2161865234375,420.0195007324219,607.4264526367188,194.92074584960938,1385.1112060546875,561.640380859375,327.7013244628906,1845.97607421875
2019-07-02,333.81060791015625,579.897705078125,1592.2257080078125,417.8668518066406,614.6527099609375,194.14096069335938,1391.5179443359375,565.9118041992188,330.37518310546875,1856.3211669921875
2019-07-03,333.43304443359375,578.6541748046875,1588.2208251953125,417.1014099121094,607.4264526367188,196.16140747070312,1404.153076171875,567.7044067382812,331.8706970214844,1844.41015625
2019-07-04,342.44854736328125,577.2946166992188,1596.14111328125,417.340576171875,609.5029296875,196.83485412597656,1398.5025634765625,568.3462524414062,333.0036315917969,1848.53125
2019-07-05,344.3837585449219,574.6448974609375,1594.183349609375,417.484130859375,596.3793334960938,198.1109619140625,1386.6236572265625,559.205810546875,335.94940185546875,1782.96142578125
2019-07-08,336.4538879394531,560.0486450195312,1560.50048828125,407.4859313964844,596.0469970703125,196.69308471679688,1326.1171875,554.2040405273438,322.0364990234375,1793.099853515625
2019-07-09,342.0237731933594,552.9713134765625,1548.6646728515625,409.9735107421875,594.302734375,193.60926818847656,1358.372314453125,566.6199951171875,325.8432312011719,1758.4400634765625
2019-07-10,338.4836120605469,555.2025756835938,1529.3980712890625,412.26971435546875,595.7564697265625,193.6446990966797,1334.303466796875,566.0667114257812,321.03948974609375,1737.70947265625
2019-07-11,340.56048583984375,559.4791870117188,1540.3438720703125,408.1078186035156,599.2864379882812,195.41702270507812,1330.432861328125,567.2617797851562,329.1968994140625,1733.0523681640625
2019-07-12,336.17071533203125,556.399658203125,1524.5924072265625,408.586181640625,603.6470947265625,194.99163818359375,1305.206787109375,566.7970581054688,329.5594177246094,1737.2149658203125
2019-07-15,330.9784851074219,556.59716796875,1527.9296875,404.04156494140625,647.3373413085938,192.0850372314453,1281.849609375,564.8495483398438,326.3417663574219,1768.6197509765625
2019-07-16,331.1201477050781,555.7721557617188,1549.598876953125,406.24212646484375,651.9056396484375,192.79397583007812,1300.179443359375,572.3300170898438,330.23919677734375,1739.95068359375
2019-07-17,326.8719482421875,557.2247314453125,1566.86328125,406.33782958984375,659.63037109375,193.46743774414062,1295.06298828125,567.3946533203125,337.53558349609375,1749.24560546875
2019-07-18,323.3318176269531,560.5833129882812,1547.6856689453125,400.54937744140625,658.4259643554688,193.538330078125,1277.04443359375,558.5419311523438,329.6047058105469,1706.8616943359375
2019-07-19,320.9245300292969,552.1578369140625,1531.0,392.56036376953125,652.3624877929688,190.2063751220703,1256.000732421875,552.8539428710938,322.67095947265625,1715.9501953125
2019-07-22,323.3790283203125,533.9359130859375,1495.67041015625,394.6704406738281,651.5319213867188,187.4415283203125,1249.015869140625,566.7970581054688,318.00311279296875,1743.1728515625
2019-07-23,324.3702697753906,526.0914916992188,1506.9278564453125,395.10198974609375,656.2249145507812,191.8723602294922,1254.1768798828125,563.7207641601562,310.16290283203125,1745.2796630859375
2019-07-24,319.9333190917969,530.1358032226562,1538.341796875,391.7930908203125,653.110107421875,192.01417541503906,1250.4364013671875,557.3246459960938,307.80633544921875,1732.349853515625
2019-07-25,320.0276794433594,531.332763671875,1545.460693359375,392.272705078125,659.9209594726562,189.88734436035156,1236.961669921875,545.1077880859375,309.34716796875,1758.044189453125
2019-07-26,316.15716552734375,529.2990112304688,1540.1217041015625,398.7466125488281,653.6915283203125,191.69512939453125,1254.7626953125,537.273193359375,310.52545166015625,1742.470458984375
2019-07-29,315.82672119140625,521.6289672851562,1524.681640625,411.7903747558594,657.3877563476562,189.8164520263672,1236.150390625,536.0116577148438,311.61309814453125,1759.7791748046875
2019-07-30,326.3999328613281,523.476806640625,1530.5548095703125,407.9539794921875,658.4259643554688,190.63172912597656,1240.52197265625,522.7103271484375,296.8844909667969,1800.38671875
2019-07-31,318.7060241699219,523.3373413085938,1536.5618896484375,407.2346496582031,659.215087890625,191.55332946777344,1250.391357421875,516.2257690429688,301.09912109375,1822.3218994140625
2019-08-01,305.7727966308594,517.5487670898438,1540.7000732421875,399.993408203125,638.6157836914062,189.67466735839844,1224.02783203125,522.422607421875,287.4581298828125,1801.130126953125
2019-08-02,324.32305908203125,515.8132934570312,1546.172607421875,393.8072204589844,644.222412109375,187.51243591308594,1235.0238037109375,527.3842163085938,279.5726318359375,1821.9910888671875
2019-08-05,337.6811828613281,507.6370544433594,1549.509765625,386.1823425292969,645.13623046875,184.18045043945312,1212.986572265625,509.1271667480469,272.1403503417969,1857.7652587890625
2019-08-06,347.82952880859375,509.931640625,1552.090576171875,393.4715576171875,643.267333984375,183.54237365722656,1241.558349609375,502.425537109375,273.1826477050781,1829.922607421875
2019-08-07,345.6109924316406,508.7436218261719,1581.591064453125,391.69720458984375,644.6376953125,179.8205108642578,1225.83056640625,494.0094299316406,262.7593078613281,1828.7239990234375
2019-08-08,351.3224792480469,520.192626953125,1604.595458984375,397.45184326171875,655.1451416015625,182.72714233398438,1226.3712158203125,513.1348266601562,266.7926940917969,1865.614013671875
2019-08-09,350.37841796875,531.5718994140625,1638.634521484375,402.9666442871094,656.0587158203125,180.21041870117188,1229.9312744140625,517.476318359375,264.07354736328125,1855.8232421875
2019-08-13,331.9697570800781,517.2109985351562,1623.86181640625,393.4715576171875,635.2103881835938,174.60989379882812,1183.64892578125,567.6388549804688,256.822509765625,1817.158203125
2019-08-14,340.9853210449219,519.3307495117188,1636.587646484375,400.23321533203125,643.55810546875,176.3467559814453,1202.0806884765625,573.6502075195312,262.62335205078125,1821.24755859375
2019-08-16,341.3157043457031,518.9230346679688,1627.332763671875,401.8157043457031,643.350341796875,179.35971069335938,1203.4779052734375,569.0860595703125,263.6656494140625,1788.7786865234375
2019-08-19,340.79644775390625,514.0663452148438,1620.4356689453125,406.0837097167969,645.9253540039062,178.33177185058594,1218.7550048828125,575.58740234375,259.99481201171875,1787.0430908203125
2019-08-20,338.0115661621094,517.269287109375,1640.458740234375,399.8495788574219,658.4675903320312,174.75167846679688,1210.0123291015625,568.1732177734375,257.1397399902344,1806.6654052734375
2019-08-21,335.03790283203125,518.4920654296875,1646.332275390625,395.1979064941406,664.0325927734375,171.17152404785156,1181.3055419921875,565.94677734375,251.4295196533203,1806.2109375
2019-08-22,333.0082092285156,506.43743896484375,1665.999267578125,382.7775573730469,660.917724609375,170.17904663085938,1166.5240478515625,555.1705932617188,243.40809631347656,1830.8311767578125
2019-08-23,336.4538879394531,503.7818908691406,1655.2310791015625,379.22882080078125,666.316650390625,167.37875366210938,1159.538818359375,568.1287231445312,245.7193603515625,1857.0216064453125
2019-08-26,340.4660339355469,525.5501708984375,1669.9593505859375,394.81427001953125,666.6073608398438,171.9159393310547,1202.035888671875,564.0987548828125,253.96743774414062,1880.650634765625
2019-08-27,328.8072509765625,526.4354248046875,1656.47705078125,401.4800109863281,651.739501953125,174.04270935058594,1223.0362548828125,567.6834106445312,258.9525146484375,1847.768310546875
2019-08-28,326.4471130371094,523.5353393554688,1626.84326171875,396.0611267089844,666.5660400390625,174.36175537109375,1211.9501953125,562.5401000976562,258.22735595703125,1850.0400390625
2019-08-29,324.2759094238281,518.7484130859375,1631.1591796875,387.86077880859375,670.2621459960938,170.9943389892578,1209.9671630859375,552.944091796875,248.8010711669922,1845.2484130859375
2019-08-30,327.3912048339844,518.9813842773438,1674.72021484375,392.8960876464844,676.8655395507812,174.1490478515625,1197.168701171875,555.9721069335938,248.2119140625,1866.8538818359375
2019-09-03,317.998046875,515.0213623046875,1639.0792236328125,376.1117858886719,676.3256225585938,171.24244689941406,1166.6593017578125,537.2030029296875,243.27212524414062,1860.243896484375
2019-09-04,326.352783203125,523.5935668945312,1643.306396484375,381.24298095703125,682.1815185546875,172.44760131835938,1178.962158203125,534.865234375,249.3448944091797,1855.1209716796875
2019-09-05,328.2408142089844,520.658447265625,1628.3115234375,373.0906066894531,692.7719116210938,173.15658569335938,1190.003173828125,533.7296752929688,247.71337890625,1830.2530517578125
2019-09-06,329.70404052734375,523.1625366210938,1618.8785400390625,375.3445129394531,697.8385620117188,172.90841674804688,1197.529052734375,544.3721313476562,248.3025360107422,1815.5469970703125
2019-09-09,336.5010986328125,524.0245971679688,1632.13818359375,379.2768859863281,688.6602783203125,174.04270935058594,1223.0814208984375,544.2385864257812,251.97335815429688,1803.443603515625
2019-09-11,335.2266845703125,524.4205322265625,1623.46142578125,378.4615783691406,681.1847534179688,172.8020782470703,1229.0750732421875,549.671142578125,258.54461669921875,1779.608154296875
2019-09-12,328.09918212890625,528.9745483398438,1606.6422119140625,386.2303466796875,678.1115112304688,170.67532348632812,1227.948486328125,538.9618530273438,260.17608642578125,1762.7537841796875
2019-09-13,323.85107421875,525.8530883789062,1606.7757568359375,396.49267578125,688.8264770507812,170.07273864746094,1228.894775390625,545.752685546875,264.39080810546875,1769.6522216796875
2019-09-16,324.74786376953125,522.7549438476562,1616.34228515625,395.2938232421875,687.4974365234375,169.71824645996094,1211.00390625,539.1400146484375,258.046142578125,1776.302978515625
2019-09-17,320.83013916015625,515.114501953125,1629.6016845703125,384.26416015625,690.446044921875,168.15859985351562,1184.0545654296875,533.217529296875,248.3025360107422,1753.7066650390625
2019-09-18,316.8179626464844,509.6170654296875,1627.822021484375,383.0173034667969,689.2832641601562,169.61190795898438,1187.93017578125,536.8912353515625,254.148681640625,1766.8433837890625
2019-09-19,318.7060241699219,512.9597778320312,1613.182861328125,370.78875732421875,681.68310546875,167.8041229248047,1172.337646484375,525.024169921875,248.39315795898438,1736.6044921875
2019-09-20,336.4538879394531,558.8724365234375,1752.8988037109375,400.4250183105469,668.6423950195312,168.7611846923828,1272.203125,558.5548095703125,273.4545593261719,1706.4490966796875
2019-09-23,328.5240173339844,585.730712890625,1815.1925048828125,428.0471496582031,634.8780517578125,180.67123413085938,1377.656494140625,551.80859375,284.3764343261719,1665.4288330078125
2019-09-24,329.13763427734375,584.1233520507812,1824.71435546875,422.8680114746094,659.5474243164062,181.48651123046875,1335.1146240234375,569.397705078125,274.27032470703125,1689.3055419921875
2019-09-25,322.5294494628906,577.5543823242188,1825.64892578125,416.4420166015625,658.384521484375,175.49600219726562,1306.99365234375,569.7762451171875,254.01272583007812,1725.451171875
2019-09-26,324.7950744628906,578.8589477539062,1810.4312744140625,433.4660949707031,649.9951782226562,177.5164794921875,1342.8209228515625,577.4575805664062,255.4629364013672,1724.7489013671875
2019-09-27,329.5624694824219,579.65087890625,1789.5185546875,430.82855224609375,649.70458984375,179.3242645263672,1327.318359375,582.912353515625,254.87379455566406,1698.76513671875
2019-09-30,346.5079040527344,571.8473510742188,1763.7554931640625,415.9624938964844,669.1824340820312,184.21591186523438,1328.7603759765625,593.2432250976562,245.44744873046875,1734.415283203125
2019-10-01,331.30889892578125,581.7939453125,1771.1865234375,407.2346496582031,659.1319580078125,181.4156036376953,1319.5670166015625,581.064453125,231.9877166748047,1701.90478515625
2019-10-03,325.5975341796875,570.0303955078125,1746.04638671875,409.82415771484375,652.5286254882812,185.49197387695312,1314.1591796875,583.8030395507812,230.3562469482422,1702.1527099609375
2019-10-04,320.499755859375,554.2603149414062,1730.1614990234375,396.9722595214844,659.049072265625,182.37266540527344,1284.28076171875,582.4894409179688,226.54942321777344,1717.9326171875
2019-10-07,322.4349670410156,552.9558715820312,1726.468505859375,399.0823059082031,655.8095703125,178.57986450195312,1259.89990234375,583.3799438476562,225.77903747558594,1691.783935546875
2019-10-09,339.2860412597656,572.1734619140625,1733.543212890625,418.83978271484375,650.908935546875,175.17701721191406,1285.497314453125,589.9035034179688,236.51963806152344,1668.9813232421875
2019-10-10,356.1370544433594,559.3150634765625,1752.0086669921875,406.3714599609375,650.4105224609375,172.41217041015625,1284.4609375,606.8247680664062,230.3562469482422,1656.051513671875
2019-10-11,361.4708251953125,558.499755859375,1783.9566650390625,411.0230712890625,676.782470703125,172.94386291503906,1286.8040771484375,602.3050537109375,230.71878051757812,1641.5107421875
2019-10-14,371.5248107910156,561.1087646484375,1792.4996337890625,411.3108825683594,652.9439697265625,173.0502166748047,1283.4241943359375,604.7095336914062,231.53451538085938,1669.724609375
2019-10-15,362.1788330078125,569.7974853515625,1837.128662109375,414.1881103515625,638.158935546875,175.531494140625,1290.9052734375,607.4481201171875,234.25367736816406,1683.1922607421875
2019-10-16,363.6893310546875,568.8889770507812,1843.002197265625,417.49700927734375,640.7755126953125,172.731201171875,1283.6495361328125,611.099609375,232.07833862304688,1690.7099609375
2019-10-17,364.2557373046875,568.3765258789062,1872.23583984375,422.5802917480469,639.1557006835938,174.2908477783203,1283.784912109375,621.8533935546875,240.5983428955078,1715.6727294921875
2019-10-18,362.03729248046875,572.5693969726562,1874.9051513671875,419.8947448730469,637.7852783203125,174.75167846679688,1304.920654296875,630.6925048828125,244.4051055908203,1737.974609375
2019-10-22,353.163330078125,577.3680419921875,1893.148681640625,432.6988220214844,534.5403442382812,176.45309448242188,1300.1888427734375,629.712890625,245.175537109375,1732.9481201171875
2019-10-23,340.1828308105469,578.4396362304688,1908.266357421875,436.48724365234375,547.1983032226562,177.97731018066406,1290.4996337890625,620.027587890625,249.66212463378906,1748.74560546875
2019-10-24,351.5112609863281,575.877197265625,1908.355712890625,436.1515808105469,534.3719482421875,176.55941772460938,1290.9052734375,639.6429443359375,237.92449951171875,1758.7979736328125
2019-10-25,354.1545104980469,572.5693969726562,1918.8663330078125,449.9147033691406,536.1382446289062,175.6023712158203,1284.3707275390625,637.30517578125,255.1909942626953,1795.0804443359375
2019-10-27,352.2193298339844,576.6226196289062,1914.0806884765625,450.34625244140625,545.7263793945312,177.5164794921875,1292.8428955078125,638.663330078125,255.4176025390625,1787.2664794921875
2019-10-29,339.75799560546875,578.8589477539062,1932.373779296875,457.87518310546875,547.2403564453125,179.53692626953125,1316.908203125,653.2688598632812,254.37525939941406,1854.1300048828125
2019-10-30,347.35748291015625,581.584228515625,1940.6036376953125,451.88079833984375,555.6089477539062,183.89686584472656,1328.7603759765625,658.634765625,262.7593078613281,1903.083740234375
2019-10-31,353.304931640625,573.1983642578125,1945.92578125,444.1120910644531,576.6356201171875,182.65625,1327.6788330078125,652.0665283203125,283.15277099609375,1917.317626953125
2019-11-01,352.1720886230469,577.7174682617188,1949.50439453125,443.3448181152344,578.570068359375,185.24383544921875,1306.36279296875,648.7492065429688,284.1951599121094,1859.2406005859375
2019-11-04,356.8450927734375,576.2266235351562,1930.540283203125,451.2574462890625,596.3165893554688,184.85394287109375,1308.8863525390625,649.0831298828125,284.87493896484375,1853.3687744140625
2019-11-05,362.4620361328125,577.461181640625,1943.063720703125,449.1953430175781,585.466796875,186.3781280517578,1297.710205078125,644.474365234375,289.3161926269531,1860.0433349609375
2019-11-06,350.6616516113281,585.4511108398438,1949.59326171875,461.040283203125,599.0921020507812,185.27926635742188,1309.652587890625,638.95263671875,287.8206787109375,1848.7650146484375
2019-11-07,350.9448547363281,588.7354736328125,1912.7386474609375,458.9781799316406,605.6524047851562,188.469482421875,1293.428955078125,649.5061645507812,288.364501953125,1846.1044921875
2019-11-08,348.4903564453125,584.9619750976562,1866.357177734375,469.4324035644531,595.601806640625,184.6766815185547,1282.568115234375,643.6727905273438,286.4158020019531,1799.3043212890625
2019-11-11,350.7088623046875,589.2246704101562,1861.839599609375,476.4818115234375,592.44775390625,183.9322967529297,1277.1600341796875,635.7911376953125,288.45513916015625,1774.8057861328125
2019-11-13,347.97113037109375,585.8704223632812,1870.471923828125,465.8836975097656,581.4718017578125,179.96231079101562,1255.528564453125,655.6067504882812,278.07708740234375,1840.4024658203125
2019-11-14,342.2125549316406,593.487548828125,1850.8370361328125,478.2561340332031,593.2047119140625,179.99777221679688,1244.2171630859375,651.3541870117188,277.35198974609375,1855.77685546875
2019-11-15,371.0527648925781,595.35107421875,1840.6839599609375,479.40704345703125,592.027099609375,177.69371032714844,1241.6932373046875,654.9609985351562,291.7633972167969,1836.8963623046875
2019-11-18,386.2989501953125,587.9668579101562,1839.342041015625,477.9684143066406,593.12060546875,177.76461791992188,1229.8411865234375,649.7733764648438,294.6638488769531,1818.438232421875
2019-11-19,414.7615661621094,592.5558471679688,1822.838134765625,473.3167724609375,599.5546875,176.73666381835938,1230.9678955078125,672.2830200195312,299.4676513671875,1781.4378662109375
2019-11-20,412.8262939453125,593.2313232421875,1812.7745361328125,474.75543212890625,599.6809692382812,177.7291717529297,1244.53271484375,689.1596069335938,298.01739501953125,1781.226318359375
2019-11-21,402.44195556640625,597.8900756835938,1832.588134765625,477.87249755859375,599.8912353515625,174.18450927734375,1255.25830078125,684.6843872070312,300.3287048339844,1789.293701171875
2019-11-22,397.1081237792969,589.2246704101562,1814.4295654296875,476.4818115234375,583.0277099609375,175.56692504882812,1242.5948486328125,688.6475830078125,298.4706115722656,1750.0966796875
2019-11-25,426.1372375488281,592.1829833984375,1844.88818359375,477.44091796875,587.14892578125,175.63783264160156,1244.5775146484375,695.349365234375,304.6340026855469,1758.375244140625
2019-11-26,408.1533508300781,594.0233154296875,1841.2655029296875,489.8133544921875,580.8410034179688,176.63034057617188,1228.4893798828125,694.7703857421875,304.0901794433594,1728.9354248046875
2019-11-27,409.097412109375,595.5840454101562,1872.4847412109375,484.82598876953125,585.17236328125,175.0706787109375,1203.7030029296875,699.045166015625,311.38653564453125,1735.3978271484375
2019-11-28,412.212646484375,589.4810180664062,1867.028076171875,497.91778564453125,590.3029174804688,174.89344787597656,1216.68212890625,703.6984252929688,316.5981750488281,1754.86962890625
2019-11-29,417.6880798339844,593.976806640625,1820.646484375,491.63555908203125,585.6770629882812,174.68077087402344,1199.24169921875,690.7182006835938,309.845703125,1734.5111083984375
2019-12-02,432.93426513671875,589.6906127929688,1827.7132568359375,490.005126953125,582.6072387695312,173.65281677246094,1201.765380859375,706.4593505859375,306.8092956542969,1707.3096923828125
2019-12-03,433.40625,584.8687744140625,1814.5185546875,488.5185241699219,587.359130859375,173.01478576660156,1183.603759765625,703.0750732421875,304.76995849609375,1732.6102294921875
2019-12-04,435.5775146484375,583.1217651367188,1832.007080078125,507.6046142578125,596.1904907226562,172.376708984375,1158.2769775390625,691.4083251953125,309.845703125,1755.8414306640625
2019-12-05,422.3138122558594,580.3030395507812,1822.5693359375,506.501708984375,601.23681640625,175.0706787109375,1173.6895751953125,690.5845336914062,304.7246398925781,1791.9969482421875
2019-12-06,419.9537353515625,580.5126953125,1812.3721923828125,503.3367004394531,601.4472045898438,172.51849365234375,1163.41455078125,692.387939453125,290.0412902832031,1793.9405517578125
2019-12-09,420.8978271484375,579.0685424804688,1796.35986328125,504.967041015625,603.25537109375,171.17152404785156,1150.0751953125,700.2697143554688,287.0502624511719,1740.5933837890625
2019-12-10,421.98345947265625,582.1200561523438,1811.745849609375,507.0771484375,600.984619140625,167.0242919921875,1152.7789306640625,695.52734375,284.0591735839844,1700.3828125
2019-12-11,417.9713134765625,581.7706298828125,1798.4171142578125,511.7287292480469,606.4514770507812,168.44215393066406,1139.5296630859375,695.7277221679688,283.5153503417969,1724.9227294921875
2019-12-12,414.10076904296875,588.68896484375,1795.6439208984375,513.455078125,590.51318359375,169.1156463623047,1153.409912109375,698.3103637695312,291.71807861328125,1707.182861328125
2019-12-13,403.8579406738281,588.805419921875,1794.615478515625,515.0856323242188,598.2510986328125,171.2778778076172,1176.4835205078125,704.856201171875,301.41632080078125,1749.7169189453125
2019-12-16,398.240966796875,585.7772827148438,1766.4825439453125,517.1956176757812,600.52197265625,167.9459228515625,1174.410400390625,697.5980224609375,300.7818908691406,1796.60107421875
2019-12-17,415.3279724121094,592.1829833984375,1754.4954833984375,519.0180053710938,613.726806640625,170.8879852294922,1187.8851318359375,695.8612670898438,301.73358154296875,1828.8712158203125
2019-12-18,413.7703552246094,602.0831298828125,1725.155029296875,519.2576904296875,616.0396728515625,173.7946014404297,1189.1470947265625,701.7169799804688,296.3406982421875,1831.2362060546875
2019-12-19,424.2962951660156,600.42919921875,1745.32666015625,518.1068725585938,614.69384765625,173.22744750976562,1182.2972412109375,716.9014892578125,297.42828369140625,1883.020751953125
2019-12-20,428.40289306640625,604.1095581054688,1738.17041015625,523.7655639648438,615.2825927734375,170.95887756347656,1182.11669921875,712.070068359375,306.22021484375,1877.8248291015625
2019-12-23,429.34686279296875,606.7651977539062,1744.7003173828125,519.161865234375,619.025390625,169.36380004882812,1181.8463134765625,699.7353515625,301.2803955078125,1885.25927734375
2019-12-24,431.5653991699219,600.5922241210938,1741.122314453125,518.969970703125,616.838623046875,169.25741577148438,1172.60791015625,688.6253051757812,300.4193420410156,1871.6583251953125
2019-12-26,422.502685546875,591.8803100585938,1739.8251953125,516.7161254882812,613.0958862304688,167.875,1153.04931640625,674.7989501953125,298.9691467285156,1860.12744140625
2019-12-27,429.6300964355469,594.0000610351562,1744.253173828125,526.9306030273438,619.824462890625,167.9459228515625,1171.345947265625,686.799560546875,305.67633056640625,1857.212646484375
2019-12-30,434.7279052734375,597.3311157226562,1732.937255859375,521.7034301757812,616.4181518554688,168.8675079345703,1173.7796630859375,687.6233520507812,303.0931701660156,1844.2882080078125
2019-12-31,430.2909240722656,592.6489868164062,1720.1903076171875,516.8600463867188,614.9462280273438,168.5130615234375,1170.084228515625,674.1976928710938,302.5040283203125,1826.125732421875
2020-01-01,427.93084716796875,595.67724609375,1732.31103515625,514.7979736328125,619.740234375,168.79664611816406,1180.6746826171875,672.2161254882812,303.1385192871094,1831.1094970703125
2020-01-02,429.7245178222656,599.47412109375,1733.653076171875,518.4905395507812,617.93212890625,170.03726196289062,1212.5362548828125,683.6602172851562,307.5343933105469,1822.7042236328125
2020-01-03,429.6300964355469,590.9252319335938,1724.1708984375,516.81201171875,627.4359741210938,169.08018493652344,1203.2977294921875,684.4840698242188,302.4587097167969,1859.029052734375
2020-01-06,424.485107421875,578.13671875,1713.4364013671875,504.1998596191406,621.4225463867188,166.66983032226562,1186.8035888671875,668.6093139648438,289.13494873046875,1858.860107421875
2020-01-07,420.1897888183594,587.291259765625,1718.1328125,501.51434326171875,612.2127685546875,166.8470916748047,1190.1834716796875,678.8955688476562,288.5910949707031,1863.422119140625
2020-01-08,433.1702575683594,585.75390625,1725.8704833984375,504.4396057128906,604.054443359375,166.03182983398438,1164.0904541015625,673.7970581054688,289.8599853515625,1905.153076171875
2020-01-09,434.35028076171875,592.3228759765625,1730.9693603515625,523.9573364257812,611.9183349609375,167.16610717773438,1186.2628173828125,689.3154907226562,299.2864074707031,1870.602783203125
2020-01-10,431.42376708984375,597.5872802734375,1747.9210205078125,518.15478515625,620.833740234375,168.72573852539062,1193.8787841796875,689.1596069335938,301.1444091796875,1869.9267578125
2020-01-13,442.65777587890625,599.124755859375,1784.46240234375,516.5721435546875,650.6073608398438,169.61190795898438,1202.98193359375,687.4006958007812,299.7848815917969,1850.3287353515625
2020-01-14,443.08258056640625,600.7554321289062,1796.94140625,515.6131591796875,652.373779296875,172.44760131835938,1195.2308349609375,681.0328979492188,297.29229736328125,1864.3087158203125
2020-01-15,441.66656494140625,598.3094482421875,1808.4359130859375,513.6949462890625,645.5610961914062,171.8450469970703,1192.9774169921875,678.5616455078125,293.8934020996094,1881.2042236328125
2020-01-16,447.3779602050781,599.8934936523438,1833.1251220703125,515.1815795898438,645.0986328125,170.67532348632812,1189.1019287109375,684.8179321289062,293.0323486328125,1891.257080078125
2020-01-17,472.06451416015625,595.467529296875,1843.009765625,510.2901306152344,645.8133544921875,170.10816955566406,1175.4920654296875,704.0101928710938,288.2285461425781,1874.6153564453125
2020-01-20,480.2303771972656,584.6357421875,1845.291015625,512.9756469726562,646.3180541992188,171.49058532714844,1180.3590087890625,682.3466796875,284.60302734375,1833.432861328125
2020-01-21,483.10968017578125,579.720703125,1838.62646484375,509.3310241699219,641.3136596679688,169.0447540283203,1173.824462890625,683.036865234375,284.3311462402344,1834.024169921875
2020-01-22,485.70574951171875,578.0901489257812,1835.31689453125,501.4664001464844,647.7899780273438,168.7611846923828,1166.478759765625,682.7919311523438,286.5517272949219,1864.3087158203125
2020-01-23,494.3436584472656,579.95361328125,1839.96826171875,506.1180725097656,659.6911010742188,168.6548309326172,1200.8189697265625,679.8975219726562,292.9417419433594,1855.037841796875
2020-01-24,494.91009521484375,579.8138427734375,1854.99658203125,512.0165405273438,658.3452758789062,168.8320770263672,1225.0643310546875,677.5374755859375,293.712158203125,1848.6451416015625
2020-01-27,485.61138916015625,565.2084350585938,1843.948974609375,515.2774658203125,654.4342651367188,166.31536865234375,1215.5103759765625,670.8579711914062,286.5970764160156,1836.6644287109375
2020-01-28,463.7569580078125,569.8673706054688,1843.2784423828125,506.5975646972656,654.350341796875,163.5859832763672,1213.7529296875,655.3617553710938,285.60003662109375,1848.941650390625
2020-01-29,462.81292724609375,575.7608032226562,1855.44384765625,505.0630187988281,664.1908569335938,167.76866149902344,1230.9227294921875,658.9686279296875,286.82366943359375,1824.2611083984375
2020-01-30,462.3880920410156,571.1951904296875,1841.0418701171875,510.43402099609375,656.6212768554688,165.9254608154297,1234.978515625,642.8936157226562,281.61199951171875,1810.078857421875
2020-01-31,468.66595458984375,571.3115844726562,1819.707275390625,504.1518859863281,652.6260375976562,166.7052764892578,1234.167724609375,628.5996704101562,288.6363830566406,1760.2940673828125
2020-02-03,481.50482177734375,555.7044677734375,1949.1461181640625,494.4649353027344,645.4348754882812,147.1741943359375,1159.674072265625,616.9551391601562,270.1916198730469,1780.1488037109375
2020-02-04,489.8595275878906,572.9421997070312,1928.25927734375,509.0912170410156,662.634765625,152.88111877441406,1164.270751953125,635.167724609375,277.5785827636719,1784.5941162109375
2020-02-05,503.5008544921875,579.8604736328125,1932.46337890625,517.0518798828125,659.859130859375,153.44825744628906,1180.7650146484375,645.0086059570312,281.8838806152344,1817.4451904296875
2020-02-06,516.1981201171875,577.60107421875,1928.9742431640625,519.4495239257812,648.757080078125,151.3923797607422,1187.5697021484375,649.14990234375,291.8087463378906,1802.0355224609375
2020-02-07,509.2594299316406,578.7191162109375,1932.1502685546875,514.5101928710938,653.761474609375,151.28604125976562,1170.8052978515625,638.3961791992188,290.5398254394531,1808.978271484375
2020-02-10,508.5514221191406,577.8339233398438,1931.568603515625,512.1124267578125,650.3131713867188,149.26556396484375,1158.457275390625,639.264404296875,288.6817321777344,1830.4840087890625
2020-02-11,504.39764404296875,577.9736328125,1925.6202392578125,517.6752319335938,650.6073608398438,150.7188720703125,1159.899658203125,646.9011840820312,293.98406982421875,1823.244384765625
2020-02-12,509.40106201171875,581.8870239257812,2021.9615478515625,526.834716796875,656.9154052734375,151.03790283203125,1169.273193359375,654.7161865234375,290.2226257324219,1837.934326171875
2020-02-13,509.7315673828125,578.346435546875,2042.58056640625,518.8742065429688,666.33544921875,150.2226104736328,1164.721435546875,656.430419921875,296.7938537597656,1855.884765625
2020-02-14,533.3795166015625,568.0736694335938,2017.2208251953125,523.4777221679688,661.4573364257812,147.24513244628906,1167.335205078125,662.419677734375,289.49749755859375,1849.322509765625
2020-02-17,533.2378540039062,567.0487060546875,2015.0284423828125,519.4495239257812,663.9805297851562,145.189208984375,1153.8604736328125,658.2562255859375,284.7843017578125,1865.451904296875
2020-02-18,517.5669555664062,565.2318115234375,1998.7479248046875,519.0658569335938,670.8771362304688,144.5157012939453,1159.4034423828125,653.4248046875,287.8206787109375,1876.0357666015625
2020-02-19,512.9883422851562,571.7308959960938,2050.40771484375,522.5186157226562,673.232177734375,146.5361785888672,1154.942138671875,669.6334228515625,290.3585205078125,1859.6099853515625
2020-02-20,515.065185546875,567.0254516601562,2011.1375732421875,524.6287231445312,670.33056640625,147.06788635253906,1154.22119140625,661.6849975585938,296.9751281738281,1826.12353515625
2020-02-24,500.2438659667969,563.6943969726562,1981.5281982421875,508.18011474609375,669.3632202148438,143.91311645507812,1135.3837890625,643.4278564453125,292.7151184082031,1791.0289306640625
2020-02-25,505.2944641113281,559.1986083984375,1998.032958984375,509.235107421875,671.5079956054688,143.06240844726562,1119.4754638671875,630.7147827148438,296.2046813964844,1825.5728759765625
2020-02-26,505.9553527832031,558.70947265625,2000.358642578125,502.28167724609375,658.3452758789062,140.7938690185547,1091.6251220703125,619.8495483398438,297.4736328125,1798.01416015625
2020-02-27,501.89599609375,558.8026123046875,2017.1309814453125,494.2730712890625,654.2240600585938,140.04945373535156,1090.9039306640625,617.2891845703125,291.8087463378906,1782.68896484375
2020-02-28,494.2020568847656,548.6463623046875,1945.38916015625,476.9134216308594,615.4088745117188,140.04945373535156,1070.3538818359375,591.64013671875,274.6328430175781,1693.490966796875
2020-03-02,489.3403015136719,549.5547485351562,1931.702392578125,485.4014587402344,623.2728271484375,138.454345703125,1046.3341064453125,586.073974609375,260.4933166503906,1694.464599609375
2020-03-03,491.6531982421875,550.579833984375,1938.1435546875,493.69769287109375,628.277099609375,137.42642211914062,1064.720947265625,597.96337890625,262.7139892578125,1724.013671875
2020-03-04,487.829833984375,535.2289428710938,1946.373291015625,487.5594482421875,638.15966796875,132.92471313476562,1060.5296630859375,596.5607299804688,258.5899353027344,1763.807861328125
2020-03-05,497.4118347167969,536.3937377929688,1984.0777587890625,483.8668518066406,634.669189453125,133.31459045410156,1065.757080078125,583.8475952148438,261.4903259277344,1799.2412109375
2020-03-06,490.09552001953125,528.7298583984375,1958.0467529296875,466.4591979980469,621.506591796875,128.84832763671875,1044.5313720703125,565.9689331054688,245.175537109375,1791.959716796875
2020-03-09,468.4771423339844,515.87158203125,1897.755126953125,439.02886962890625,592.4896850585938,125.6226806640625,993.2014770507812,496.12457275390625,229.72177124023438,1669.9530029296875
2020-03-11,466.16424560546875,518.8997802734375,1927.722412109375,446.6057434082031,576.9720458984375,124.52384948730469,1006.7211303710938,513.669189453125,222.15350341796875,1654.1624755859375
2020-03-12,438.9288635253906,475.8056640625,1839.1185302734375,408.24169921875,530.8815307617188,110.45156860351562,916.2294921875,473.3477783203125,192.69619750976562,1498.5001220703125
2020-03-13,464.3233947753906,498.4010314941406,1818.767822265625,428.91033935546875,540.2594604492188,115.024169921875,947.6851806640625,492.1837463378906,219.34375,1529.3614501953125
2020-03-16,438.7872619628906,465.6494445800781,1737.0968017578125,386.422119140625,490.46826171875,104.39019012451172,873.1016845703125,452.28533935546875,202.4397735595703,1436.3114013671875
2020-03-17,429.25250244140625,454.28192138671875,1792.6922607421875,352.2301330566406,466.750244140625,105.73715209960938,862.3310546875,448.8565979003906,195.00746154785156,1403.798583984375
2020-03-18,401.73394775390625,408.5322570800781,1720.9058837890625,340.5290832519531,449.3822021484375,106.83599090576172,815.2824096679688,431.2674560546875,195.0527801513672,1400.7509765625
2020-03-19,419.859375,417.2209777832031,1644.4229736328125,324.70391845703125,458.84417724609375,114.7406005859375,759.8967895507812,408.64654541015625,184.58409118652344,1395.5906982421875
2020-03-20,436.757568359375,411.3042297363281,1835.31689453125,331.5615234375,492.1925048828125,124.41748809814453,779.3651123046875,453.28729248046875,190.20364379882812,1532.98779296875
2020-03-23,384.5524597167969,359.4515686035156,1672.51123046875,272.38494873046875,442.77978515625,109.38815307617188,652.595458984375,393.6623840332031,164.59844970703125,1424.03369140625
2020-03-24,381.4371643066406,357.657958984375,1813.982177734375,284.3736877441406,496.0613098144531,106.12706756591797,646.9749145507812,420.0905456542969,166.0486297607422,1452.5623779296875
2020-03-25,405.0852355957031,399.1447448730469,1867.9222412109375,303.9393615722656,509.8548889160156,104.46107482910156,699.8460083007812,481.9197082519531,172.12136840820312,1492.775146484375
2020-03-26,444.3570251464844,419.80657958984375,1963.4139404296875,316.7434387207031,540.8062744140625,110.87689971923828,765.8778076171875,474.772705078125,174.70455932617188,1527.4442138671875
2020-03-27,423.8243408203125,421.3673400878906,1914.7958984375,325.95074462890625,548.964599609375,115.69763946533203,765.009521484375,474.5055847167969,177.60498046875,1556.0576171875
2020-03-30,406.92608642578125,387.4510803222656,1953.97705078125,300.5825500488281,527.0968627929688,112.86192321777344,729.9144897460938,458.8534240722656,169.40223693847656,1516.825927734375
2020-03-31,416.2248229980469,401.54400634765625,2056.087890625,310.50921630859375,539.5446166992188,121.72356414794922,738.916748046875,495.94647216796875,178.42071533203125,1557.4224853515625
2020-04-01,397.76898193359375,386.5193176269531,1949.7724609375,298.42449951171875,506.99542236328125,117.96621704101562,707.705810546875,481.1181945800781,169.08502197265625,1457.338623046875
2020-04-03,400.2234191894531,379.15838623046875,1926.91748046875,274.926513671875,492.61297607421875,126.11894989013672,707.97998046875,479.7823181152344,159.06951904296875,1410.814208984375
2020-04-07,443.88507080078125,417.4772033691406,2187.047607421875,312.7630920410156,537.44189453125,128.70654296875,732.65625,537.0693359375,168.94903564453125,1514.0115966796875
2020-04-08,435.8135070800781,414.1228942871094,2201.315673828125,305.905517578125,531.2179565429688,126.65066528320312,737.63720703125,530.8574829101562,165.8673553466797,1454.524169921875
2020-04-09,461.3497009277344,430.9644775390625,2122.059814453125,328.6842041015625,535.1289672851562,131.32960510253906,742.8466796875,543.2366943359375,170.17266845703125,1506.29296875
2020-04-13,483.5345458984375,417.12774658203125,2098.981201171875,317.12701416015625,536.09619140625,128.7419891357422,790.9653930664062,529.5216064453125,166.32057189941406,1500.4083251953125
2020-04-15,481.9296569824219,402.1962585449219,2225.199951171875,313.9619445800781,537.4840087890625,134.2362060546875,804.4002075195312,512.0215454101562,165.27822875976562,1479.8541259765625
2020-04-16,472.44207763671875,409.8600158691406,2179.17578125,328.0128479003906,524.6995849609375,132.10940551757812,833.1891479492188,520.1259765625,170.8524627685547,1463.564453125
2020-04-17,474.33013916015625,424.0927734375,2133.465087890625,360.19073486328125,528.8209228515625,133.35003662109375,852.6102905273438,545.0400390625,175.1577606201172,1540.45068359375
2020-04-20,462.86016845703125,440.18896484375,2090.125244140625,346.52349853515625,549.46923828125,128.10394287109375,836.7991333007812,553.8569946289062,174.47796630859375,1551.0687255859375
2020-04-21,472.48931884765625,429.3805236816406,2072.994873046875,318.2779541015625,532.563720703125,127.32411193847656,795.443603515625,550.98486328125,167.45352172851562,1481.9862060546875
2020-04-22,473.33892822265625,432.61834716796875,2134.49365234375,322.2102966308594,539.8389892578125,129.2028045654297,779.2213134765625,607.2032470703125,171.03372192382812,1509.1502685546875
2020-04-23,468.2411804199219,444.8943786621094,2073.08447265625,338.5149841308594,571.3369140625,127.99760437011719,768.2540283203125,610.453857421875,169.22096252441406,1601.899658203125
2020-04-24,466.5890808105469,437.0209655761719,2042.312255859375,321.1552429199219,553.4221801757812,127.64315795898438,777.94189453125,630.9819946289062,162.92161560058594,1550.9833984375
2020-04-27,466.4002990722656,433.13092041015625,2075.72314453125,333.6715087890625,558.9732055664062,127.5013656616211,781.6431884765625,636.6594848632812,163.96397399902344,1566.37744140625
2020-04-28,458.4703674316406,433.9228515625,2048.439453125,345.1328125,555.693115234375,127.2177734375,783.379638671875,635.947021484375,167.04566955566406,1585.5244140625
2020-04-29,468.2411804199219,455.21368408203125,1996.3775634765625,355.2992858886719,569.0241088867188,129.13189697265625,800.0133056640625,635.4126586914062,172.30264282226562,1625.2681884765625
2020-04-30,485.5169677734375,466.720947265625,1963.5035400390625,364.6025695800781,601.7835083007812,129.0609893798828,820.3025512695312,652.8013305664062,172.66522216796875,1718.0601806640625
2020-05-04,502.6983947753906,430.0094299316406,1863.002685546875,324.2243347167969,566.626953125,123.3895492553711,777.4390869140625,639.0863037109375,162.1059112548828,1646.4193115234375
2020-05-05,498.4974060058594,424.6285400390625,1826.1923828125,317.3188171386719,566.626953125,123.28321838378906,764.8724365234375,650.4190063476562,154.44699096679688,1648.381103515625
2020-05-06,515.4426879882812,440.9111022949219,1798.1934814453125,327.43731689453125,560.0665893554688,116.19389343261719,765.2380981445312,650.4635009765625,155.08145141601562,1623.5194091796875
2020-05-07,498.4974060058594,430.94122314453125,1781.9576416015625,322.9775390625,559.267578125,114.13800811767578,752.0316772460938,671.0360717773438,154.7642364501953,1613.327880859375
2020-05-08,500.385498046875,432.8280334472656,1869.0853271484375,323.88873291015625,567.0475463867188,112.18842315673828,745.7255249023438,695.4605102539062,151.04806518554688,1614.82080078125
2020-05-11,506.19134521484375,426.65509033203125,1832.007080078125,307.0564270019531,574.3648681640625,112.33023071289062,750.8892822265625,702.1400146484375,149.96041870117188,1650.5557861328125
2020-05-12,528.5177001953125,420.0162658691406,1799.401123046875,308.06353759765625,578.3599243164062,117.00916290283203,744.6744995117188,658.7015380859375,151.274658203125,1662.6663818359375
2020-05-13,524.8360595703125,432.1758117675781,1785.267578125,324.2243347167969,583.8267211914062,117.2573013305664,788.6348266601562,672.6770629882812,157.80059814453125,1662.79443359375
2020-05-14,509.6371154785156,416.35906982421875,1794.4813232421875,314.00994873046875,553.5484008789062,116.12298583984375,796.6317749023438,645.481201171875,152.2263641357422,1622.4537353515625
2020-05-15,523.089599609375,413.7734375,1817.783935546875,309.502197265625,548.628173828125,116.7255859375,790.0057373046875,656.0224609375,150.8214569091797,1614.3941650390625
2020-05-18,507.937744140625,389.780517578125,1793.765625,286.2919006347656,558.384521484375,116.7964859008789,743.3491821289062,647.6390380859375,140.76068115234375,1659.3402099609375
2020-05-19,565.2879638671875,386.9851989746094,1767.197998046875,288.01824951171875,562.3375244140625,121.0500717163086,727.8123168945312,633.3218994140625,138.49472045898438,1661.941162109375
2020-05-20,560.8035888671875,399.30780029296875,1780.8843994140625,293.1494445800781,563.136474609375,124.5947494506836,763.135986328125,644.4699096679688,139.03854370117188,1666.1632080078125
2020-05-21,561.2756958007812,400.4491882324219,1763.03857421875,291.9505920410156,565.3653564453125,133.95263671875,749.8839111328125,647.86376953125,137.7242889404297,1698.2308349609375
2020-05-22,560.0014038085938,390.8054504394531,1778.245361328125,279.1465759277344,582.3128051757812,132.10940551757812,745.4971313476562,643.50341796875,136.72727966308594,1723.092041015625
2020-05-26,527.9513549804688,397.1181640625,1769.2108154296875,280.7290954589844,572.3882446289062,135.90220642089844,754.4993286132812,640.132080078125,137.2257843017578,1657.1226806640625
2020-05-27,531.5858764648438,420.99462890625,1787.36962890625,305.8096008300781,593.330810546875,136.2212371826172,777.6218872070312,649.796630859375,143.75172424316406,1710.25634765625
2020-05-28,531.2554931640625,440.37530517578125,1797.969970703125,313.4824523925781,594.9708862304688,135.15782165527344,827.5684204101562,661.7987060546875,143.38916015625,1709.40380859375
2020-05-29,521.6734619140625,443.35699462890625,1840.3709716796875,318.37384033203125,589.0884399414062,139.9076690673828,852.0161743164062,658.27001953125,146.19894409179688,1682.154541015625
2020-06-01,527.762451171875,460.1287536621094,1886.1708984375,325.3753356933594,596.3776245117188,142.17625427246094,848.26904296875,683.4204711914062,154.1297607421875,1744.328857421875
2020-06-02,526.8656616210938,466.3482360839844,1885.1424560546875,334.15106201171875,603.6665649414062,139.83677673339844,864.0802001953125,690.3204345703125,154.31103515625,1745.9490966796875
2020-06-03,520.7766723632812,476.2482604980469,1896.860595703125,342.2555236816406,598.0825805664062,139.44686889648438,878.5660400390625,692.9951171875,158.5257110595703,1750.2259521484375
2020-06-04,540.4125366210938,466.67437744140625,1896.950439453125,333.62359619140625,603.3681030273438,141.89268493652344,850.599609375,710.1441040039062,157.75527954101562,1789.0599365234375
2020-06-05,551.6466064453125,481.4195251464844,1867.4306640625,342.5911865234375,599.7876586914062,141.78631591796875,873.0367431640625,710.9981079101562,170.21798706054688,1752.0224609375
2020-06-08,552.4017944335938,473.2899169921875,1888.989013671875,345.0848388671875,614.5361938476562,140.12034606933594,878.6117553710938,705.5140380859375,169.31161499023438,1772.1234130859375
2020-06-09,536.0228271484375,459.9656982421875,1884.33740234375,334.294921875,611.7655029296875,140.72291564941406,871.2545776367188,690.9722900390625,167.18162536621094,1772.3802490234375
2020-06-10,535.362060546875,462.0854187011719,1896.0556640625,338.56298828125,610.2735595703125,141.11285400390625,865.0855712890625,706.7053833007812,170.12734985351562,1803.7724609375
2020-06-11,520.9654541015625,451.2536926269531,1884.69482421875,327.29351806640625,600.1286010742188,137.7099609375,850.3711547851562,691.219482421875,160.5650634765625,1768.6160888671875
2020-06-12,528.7537841796875,457.8459167480469,1885.00830078125,330.12286376953125,589.9835815429688,137.46185302734375,846.669677734375,714.189697265625,162.3778076171875,1744.5374755859375
2020-06-15,519.8798828125,442.5184020996094,1864.4788818359375,317.5586242675781,586.1473388671875,132.7120361328125,822.4503784179688,725.7647094726562,157.43804931640625,1736.326171875
2020-06-16,514.4044799804688,461.409912109375,1857.366943359375,328.9239807128906,597.7842407226562,131.15234375,818.017822265625,727.1807861328125,156.7129364013672,1749.9268798828125
2020-06-17,531.916259765625,456.21533203125,1859.06689453125,327.96484375,599.8728637695312,128.4584197998047,808.6499633789062,726.1243896484375,156.7582244873047,1751.637451171875
2020-06-18,529.509033203125,475.1767578125,1847.5272216796875,337.60382080078125,608.6112060546875,132.28665161132812,819.4801635742188,744.3522338867188,162.8309783935547,1743.3399658203125
2020-06-19,540.4597778320312,481.4195251464844,1884.813720703125,348.9212646484375,601.49267578125,130.47886657714844,820.8967895507812,790.8770751953125,167.22695922851562,1748.8997802734375
2020-06-22,548.5313110351562,479.2764892578125,1892.06396484375,352.5178527832031,599.91552734375,131.15234375,829.3506469726562,784.9209594726562,170.12734985351562,1734.6578369140625
2020-06-23,546.4071655273438,485.5892028808594,1941.73388671875,360.7661437988281,614.36572265625,131.75494384765625,884.32373046875,773.5706176757812,174.43263244628906,1740.94482421875
2020-06-24,526.1575927734375,481.0235900878906,1918.633056640625,333.86334228515625,608.8242797851562,136.008544921875,873.3109130859375,776.6947021484375,167.31756591796875,1746.8470458984375
2020-06-25,527.71533203125,479.2764892578125,1957.2249755859375,336.644775390625,597.1874389648438,143.2751007080078,861.9324340820312,772.2221069335938,167.90672302246094,1724.5218505859375
2020-06-26,529.0369262695312,492.18145751953125,1940.1578369140625,334.82244873046875,637.8524169921875,138.3834686279297,879.3886108398438,782.8980712890625,167.31756591796875,1812.411865234375
2020-06-29,535.362060546875,501.31280517578125,1966.051025390625,329.0678405761719,623.8285522460938,139.83677673339844,855.9918212890625,774.5821533203125,162.46844482421875,1797.6988525390625
2020-06-30,528.5177001953125,496.5607604980469,1963.3941650390625,337.0763244628906,627.4090576171875,137.99356079101562,862.4351196289062,766.018798828125,161.7433319091797,1781.0196533203125
2020-07-01,528.8009033203125,505.2960205078125,1954.748291015625,349.1610107421875,623.9564208984375,143.84222412109375,844.7503662109375,781.0775756835938,167.49887084960938,1789.487548828125
2020-07-02,527.1961669921875,507.5323181152344,1937.951416015625,348.0101013183594,645.0135498046875,145.93357849121094,860.2872924804688,794.524169921875,168.08798217773438,1845.1717529296875
2020-07-03,548.908935546875,500.3343811035156,1957.720458984375,346.23577880859375,650.214111328125,147.1387481689453,862.9835205078125,806.9586181640625,167.408203125,1881.526123046875
2020-07-06,544.3302612304688,513.8683471679688,1946.82275390625,347.0509948730469,651.322265625,149.22320556640625,869.3352661132812,835.7996215820312,170.44456481933594,1935.885009765625
2020-07-07,535.4091186523438,514.8699340820312,1940.1131591796875,360.67022705078125,677.0256958007812,145.07809448242188,862.3893432617188,823.0039672851562,170.943115234375,1941.6165771484375
2020-07-08,529.8865966796875,517.29248046875,1968.84326171875,353.8606262207031,660.444091796875,146.6091766357422,860.2416381835938,811.5172729492188,173.9341278076172,1897.9915771484375
2020-07-09,536.8252563476562,524.0943603515625,1959.65673828125,355.2033996582031,666.4118041992188,145.9743194580078,863.6231689453125,823.364990234375,180.46006774902344,1885.54638671875
2020-07-10,542.5366821289062,514.8465576171875,2002.84228515625,345.61236572265625,666.5396728515625,145.1527862548828,851.9248657226562,847.6473999023438,177.28775024414062,1900.94287109375
2020-07-13,553.9594116210938,503.2695007324219,2040.1739501953125,339.138427734375,679.4978637695312,147.54275512695312,848.26904296875,873.3514404296875,174.65924072265625,1898.9327392578125
2020-07-14,556.3668212890625,493.2995300292969,2012.704345703125,331.4176330566406,667.733154296875,146.3104248046875,834.3316040039062,865.2272338867188,168.6318359375,1857.8319091796875
2020-07-15,532.0579223632812,490.64404296875,2049.090087890625,331.65740966796875,708.3981323242188,148.40162658691406,833.6917724609375,832.2791137695312,166.5924835205078,1910.8226318359375
2020-07-16,531.2554931640625,495.0234069824219,2060.5283203125,330.5544738769531,776.64208984375,144.7793731689453,841.8715209960938,832.00830078125,168.8131103515625,1915.8380126953125
2020-07-17,535.0315551757812,511.7484436035156,2102.5888671875,339.3302307128906,769.9497680664062,144.92874145507812,845.892822265625,862.8350830078125,170.58053588867188,1886.689453125
2020-07-20,543.5278930664062,527.8679809570312,2099.345947265625,348.1539611816406,796.5057373046875,143.92047119140625,840.4548950195312,866.5361938476562,172.89181518554688,1892.81982421875
2020-07-21,535.9756469726562,530.4303588867188,2087.6826171875,363.3077392578125,798.5942993164062,143.5843963623047,857.3170776367188,889.8480834960938,176.20010375976562,1907.522216796875
2020-07-22,537.2973022460938,524.7466430664062,2025.0882568359375,365.513671875,782.5244750976562,146.79588317871094,841.64306640625,904.4942016601562,174.0247802734375,1878.2879638671875
2020-07-23,535.4563598632812,526.6334838867188,1991.6295166015625,376.20770263671875,774.0418701171875,149.8953857421875,837.6673583984375,928.7764892578125,179.6896514892578,1861.356689453125
2020-07-24,528.1400756835938,521.3690185546875,1989.7833251953125,366.18505859375,786.7443237304688,149.07382202148438,826.5631103515625,968.65283203125,173.97946166992188,1849.525634765625
2020-07-27,528.1873168945312,502.9200134277344,2000.770751953125,343.8380432128906,808.5687866210938,146.68385314941406,826.0146484375,973.1888427734375,169.62884521484375,1891.8760986328125
2020-07-28,533.001953125,506.2511291503906,2019.7296142578125,337.69976806640625,820.844970703125,145.93699645996094,834.8798828125,982.8926391601562,171.71353149414062,1980.1343994140625
2020-07-29,534.5123291015625,495.9783630371094,2009.59716796875,336.69268798828125,813.4281616210938,146.9079132080078,842.6026611328125,946.311279296875,173.29969787597656,1951.243896484375
2020-07-30,521.767822265625,489.4792785644531,1985.8997802734375,330.84222412109375,819.6515502929688,144.4059295654297,830.0817260742188,951.8177490234375,169.08502197265625,1954.2015380859375
2020-07-31,523.797607421875,481.16339111328125,1998.8336181640625,332.6164855957031,823.5303955078125,145.00343322753906,834.8343505859375,932.9740600585938,173.52627563476562,1955.83056640625
2020-08-03,516.71728515625,466.81414794921875,1993.94970703125,329.211669921875,815.7726440429688,143.84579467773438,837.0733642578125,906.7509765625,174.25135803222656,1932.4693603515625
2020-08-04,518.2750244140625,485.2863464355469,1987.8897705078125,336.644775390625,809.7622680664062,144.6300048828125,844.7047729492188,970.6613159179688,173.6622314453125,1928.6541748046875
2020-08-05,527.6680908203125,478.7174377441406,1984.9500732421875,337.7956848144531,805.3718872070312,143.9951629638672,853.4628295898438,959.7613525390625,173.52627563476562,1937.0552978515625
2020-08-06,526.1048583984375,484.84375,2008.376220703125,344.0777893066406,827.6651611328125,145.89967346191406,850.1439819335938,963.214111328125,173.0730743408203,1978.7200927734375
2020-08-07,531.315673828125,486.3113098144531,1999.421630859375,343.3105163574219,810.6574096679688,146.42245483398438,844.151611328125,968.7881469726562,172.80116271972656,1967.78955078125
2020-08-10,529.4682006835938,489.4792785644531,1995.9847412109375,348.68145751953125,811.0410766601562,148.513671875,885.0845947265625,956.782470703125,175.65626525878906,1957.0308837890625
2020-08-11,522.1256713867188,496.9334411621094,1999.511962890625,352.3260498046875,808.5687866210938,151.65049743652344,886.7902221679688,963.0787963867188,176.7892303466797,1954.5443115234375
2020-08-12,518.9044189453125,495.5591125488281,1985.447509765625,351.84649658203125,814.1101684570312,152.50938415527344,875.5888671875,960.2803344726562,184.26687622070312,1935.21240234375
2020-08-13,507.2037048339844,493.39276123046875,1988.6580810546875,352.9974670410156,810.913330078125,150.4555206298828,913.3413696289062,957.775390625,182.9979248046875,1932.7259521484375
2020-08-14,500.8086242675781,481.9320068359375,1966.2720947265625,346.6194152832031,812.959228515625,146.68385314941406,906.0582885742188,954.0518188476562,178.10348510742188,1922.1812744140625
2020-08-17,493.98712158203125,481.1400451660156,1986.3070068359375,345.468505859375,816.2839965820312,148.43898010253906,922.6526489257812,943.9192504882812,175.0218048095703,1931.825927734375
2020-08-18,498.6295471191406,492.2047424316406,2002.85888671875,354.43603515625,824.8516845703125,148.2896270751953,926.1097412109375,956.19580078125,176.8345489501953,1945.8426513671875
2020-08-19,507.6773986816406,496.91009521484375,1984.0911865234375,359.1357116699219,817.8185424804688,148.21493530273438,930.3045043945312,962.063232421875,178.6019744873047,1934.5694580078125
2020-08-20,497.9189758300781,493.3694763183594,1976.945068359375,352.709716796875,814.2806396484375,146.23574829101562,917.9970092773438,946.4917602539062,176.517333984375,1931.3548583984375
2020-08-21,492.8976135253906,505.7851867675781,1991.7335205078125,355.9706726074219,808.8671875,146.98260498046875,916.52197265625,939.63134765625,179.82559204101562,1927.7109375
2020-08-24,499.1980285644531,520.4139404296875,1984.8140869140625,364.7944030761719,807.6736450195312,146.9079132080078,913.9404907226562,945.9051513671875,182.59007263183594,1927.282470703125
2020-08-25,500.85601806640625,521.6484375,1970.9755859375,370.54901123046875,799.7452392578125,145.93699645996094,903.8456420898438,939.7442626953125,188.48153686523438,1922.60986328125
2020-08-26,487.4499206542969,521.0661010742188,1974.322021484375,373.42633056640625,810.5721435546875,145.6009063720703,893.2897338867188,964.658447265625,190.20364379882812,1931.912109375
2020-08-27,484.2760314941406,518.1077880859375,1963.875244140625,376.15972900390625,807.3751831054688,145.07809448242188,899.4203491210938,952.6075439453125,195.46063232421875,1927.53955078125
2020-08-28,495.9294128417969,519.2259521484375,1946.4189453125,392.9440612792969,797.3156127929688,146.04904174804688,905.182373046875,955.1124877929688,203.7993621826172,1919.0955810546875
2020-08-31,486.1235046386719,519.8548583984375,1915.1236572265625,378.4615783691406,791.6463623046875,142.72547912597656,871.1637573242188,939.1123657226562,192.15237426757812,1935.126708984375
2020-09-01,517.5306396484375,525.1892700195312,1955.192138671875,374.9608459472656,779.3274536132812,142.05332946777344,880.6134033203125,942.0687866210938,197.6812744140625,1925.781982421875
2020-09-02,521.6046142578125,528.3805541992188,1937.1021728515625,376.3515625,787.7247314453125,142.91220092773438,880.93603515625,960.5512084960938,196.00445556640625,1941.89892578125
2020-09-03,509.7143859863281,526.8663940429688,1934.8411865234375,367.0962219238281,797.5713500976562,143.09890747070312,886.0987548828125,953.2845458984375,193.19468688964844,1971.347412109375
2020-09-04,495.6451416015625,521.4620971679688,1921.726318359375,357.3133850097656,783.5900268554688,139.4392852783203,868.905029296875,937.55517578125,187.25791931152344,1962.1744384765625
2020-09-07,488.3499755859375,517.3624267578125,1956.05126953125,358.1285705566406,788.6199340820312,141.2317657470703,859.3631591796875,939.9924926757812,188.4362030029297,1994.9656982421875
2020-09-08,471.9122009277344,518.2708129882812,1937.6451416015625,360.3345947265625,800.7682495117188,140.52224731445312,845.1195678710938,951.02783203125,184.94664001464844,2013.097900390625
2020-09-09,477.73883056640625,510.8400573730469,1928.600341796875,352.56585693359375,790.9217529296875,137.27340698242188,838.4817504882812,975.51318359375,176.6079559326172,1995.48046875
2020-09-10,471.20159912109375,508.068115234375,1930.0926513671875,355.5390930175781,801.4076538085938,138.0949249267578,849.0377197265625,1044.4110107421875,179.59901428222656,1998.48046875
2020-09-11,465.80126953125,502.5240783691406,1953.021728515625,355.34722900390625,806.2244262695312,137.3854217529297,845.764892578125,1047.006103515625,183.72303771972656,2035.3013916015625
2020-09-14,449.1739807128906,492.8802490234375,1920.6861572265625,348.8253479003906,834.1016235351562,136.9373016357422,831.6596069335938,1039.2430419921875,179.91622924804688,2135.8623046875
2020-09-15,460.02197265625,498.72705078125,1921.5447998046875,356.3542785644531,837.5543823242188,135.77967834472656,838.8966674804688,1046.60009765625,181.41177368164062,2135.8623046875
2020-09-16,456.4217834472656,509.5122985839844,1938.7755126953125,359.3754577636719,854.0078735351562,134.92076110839844,849.8213500976562,1049.1724853515625,179.6443328857422,2145.806640625
2020-09-17,453.81634521484375,504.830078125,1924.93701171875,353.9085998535156,861.8936157226562,133.38970947265625,835.5316162109375,1037.5279541015625,177.15179443359375,2109.757568359375
2020-09-18,468.548828125,492.57745361328125,1898.25439453125,354.43603515625,854.3490600585938,133.7631378173828,830.3689575195312,1040.6649169921875,174.56861877441406,2100.284423828125
2020-09-21,443.1578063964844,488.85040283203125,1843.1712646484375,336.3570556640625,860.9558715820312,131.2611541748047,812.9908447265625,1018.1654052734375,168.4052276611328,2113.487060546875
2020-09-22,446.1896057128906,482.3746337890625,1833.2216796875,339.90570068359375,858.9097900390625,130.103515625,789.6203002929688,997.9901733398438,168.76779174804688,2162.90966796875
2020-09-23,410.9927673339844,487.8952941894531,1856.512451171875,337.4599914550781,869.3532104492188,128.8338165283203,793.4000854492188,1006.8590698242188,166.5924835205078,2115.329833984375
2020-09-24,397.2550964355469,480.0451965332031,1864.06494140625,321.9704895019531,831.544189453125,124.39002227783203,784.2732543945312,984.4724731445312,159.83995056152344,1999.4237060546875
2020-09-25,416.5352478027344,486.3812561035156,1880.481201171875,334.3908386230469,862.2772827148438,127.52681732177734,819.81298828125,993.7249755859375,165.14227294921875,2076.623291015625
2020-09-28,420.32489013671875,491.1331481933594,1866.2357177734375,348.1539611816406,861.3821411132812,129.43133544921875,832.3510131835938,1000.2919921875,169.719482421875,2080.05224609375
2020-09-29,412.6981506347656,495.0234069824219,1839.010498046875,342.4473571777344,860.1885986328125,126.51856231689453,825.5289306640625,1013.290771484375,167.72544860839844,2133.289794921875
2020-09-30,398.818359375,502.5007019042969,1870.712646484375,340.2413635253906,859.5491333007812,128.23634338378906,831.1986694335938,1008.4615478515625,168.0426788330078,2136.6337890625
2020-10-01,409.6190185546875,515.70849609375,1894.90771484375,354.1004333496094,867.5628662109375,127.60151672363281,832.3049926757812,1004.354248046875,172.4839324951172,2163.3388671875
2020-10-05,402.13433837890625,519.1560668945312,1909.4254150390625,357.8409118652344,894.0335083007812,126.40653228759766,826.9118041992188,998.464111328125,171.07904052734375,2319.666015625
2020-10-06,404.3134460449219,533.0160522460938,1913.81201171875,365.0341796875,900.0437622070312,126.8919906616211,822.9013671875,997.6292114257812,173.6622314453125,2326.952880859375
2020-10-07,400.239501953125,541.4718627929688,1935.0220947265625,367.0003356933594,909.2509155273438,126.59326171875,818.5684204101562,1018.9102172851562,172.84646606445312,2345.513671875
2020-10-08,402.13433837890625,555.2387084960938,1954.4234619140625,371.6519470214844,932.3966674804688,124.83811950683594,812.2532958984375,1010.6730346679688,173.57159423828125,2422.455322265625
2020-10-09,402.8449401855469,574.689208984375,1935.2935791015625,385.0794372558594,943.5648193359375,125.36090850830078,837.5137939453125,1008.0552978515625,179.73497009277344,2411.525146484375
2020-10-12,393.2285461425781,565.4181518554688,1934.16259765625,387.52508544921875,965.13330078125,128.60980224609375,835.024658203125,1009.6799926757812,180.0975341796875,2426.141845703125
2020-10-13,393.46539306640625,558.3367309570312,1933.98193359375,380.0440673828125,987.043212890625,127.07868957519531,826.4508666992188,1029.38134765625,177.3783721923828,2423.183837890625
2020-10-14,391.5232238769531,564.41650390625,1952.02685546875,390.1626281738281,969.310546875,125.3235855102539,843.7366943359375,1032.4503173828125,181.3211212158203,2418.922607421875
2020-10-15,378.2118835449219,544.73291015625,1946.96142578125,375.00885009765625,944.80078125,123.26969146728516,819.3981323242188,995.8915405273438,174.7952117919922,2359.516845703125
2020-10-16,380.5330505371094,558.7560424804688,1945.1524658203125,379.9002685546875,961.2117919921875,123.75520324707031,824.2843017578125,982.0352172851562,177.60498046875,2379.060791015625
2020-10-19,376.7907409667969,560.712646484375,1969.7998046875,400.0413818359375,959.8477783203125,125.65965270996094,832.397216796875,982.2157592773438,184.90133666992188,2334.50634765625
2020-10-20,383.7069091796875,570.2166748046875,1965.54833984375,397.64361572265625,969.73681640625,125.06216430664062,845.6727294921875,973.0534057617188,184.04026794433594,2358.139404296875
2020-10-21,396.9709167480469,580.8154907226562,1956.5491943359375,403.1105041503906,978.9868774414062,125.2115707397461,852.2644653320312,958.9263916015625,184.67471313476562,2303.3828125
2020-10-22,408.0083923339844,574.57275390625,1971.201904296875,396.0131530761719,962.533203125,125.88372039794922,863.1891479492188,950.9600830078125,184.26687622070312,2299.723876953125
2020-10-23,411.56121826171875,575.7374267578125,1939.0921630859375,399.89752197265625,967.2293090820312,127.52681732177734,867.7525634765625,953.7133178710938,183.81369018554688,2313.197998046875
2020-10-26,411.2296447753906,564.136962890625,1959.8052978515625,387.90875244140625,958.5694580078125,125.88372039794922,877.4327392578125,915.822998046875,178.28475952148438,2314.4033203125
2020-10-27,410.5664367675781,574.4795532226562,1968.804931640625,393.18377685546875,939.9574584960938,124.87549591064453,905.2745971679688,918.2603759765625,176.4266815185547,2264.42529296875
2020-10-28,428.0937805175781,563.5313110351562,1970.306884765625,379.85223388671875,927.6354370117188,123.60579681396484,906.1041870117188,907.8568115234375,172.61988830566406,2257.580810546875
2020-10-29,427.0989685058594,553.0955200195312,1931.8448486328125,383.5448303222656,926.1705322265625,122.37348937988281,861.5296630859375,914.8300170898438,171.03372192382812,2266.5771484375
2020-10-30,410.94537353515625,551.39501953125,1885.5992431640625,376.5433654785156,913.8916625976562,123.41908264160156,856.9201049804688,927.2870483398438,171.5322265625,2294.300048828125
2020-11-02,433.35198974609375,566.16357421875,1886.236328125,400.3770751953125,923.9733276367188,124.53936767578125,856.7357177734375,847.3766479492188,177.69561767578125,2242.427978515625
2020-11-03,430.6991882324219,581.3978271484375,1871.397705078125,425.6973571777344,915.5719604492188,127.0413589477539,873.7450561523438,835.167724609375,185.58111572265625,2267.3955078125
2020-11-04,429.23065185546875,585.800537109375,1875.35791015625,419.1754455566406,942.6283569335938,126.81729125976562,883.2366943359375,863.5121459960938,187.62045288085938,2284.227294921875
2020-11-05,433.2572326660156,591.2979125976562,1913.8656005859375,420.566162109375,951.2882690429688,130.51426696777344,900.3872680664062,882.37841796875,198.17977905273438,2312.250732421875
2020-11-06,426.2463073730469,609.211181640625,1906.40087890625,424.6903076171875,958.8279418945312,129.91676330566406,902.8777465820312,915.8455200195312,198.6782684326172,2330.976806640625
2020-11-09,446.994873046875,624.5386962890625,1941.358154296875,443.7764892578125,979.3358154296875,129.05787658691406,907.6705322265625,925.5720825195312,198.9501953125,2347.463623046875
2020-11-10,441.8788146972656,649.2769775390625,1945.0450439453125,464.0614318847656,940.129638671875,133.20297241210938,971.4334106445312,940.85009765625,210.00802612304688,2281.1708984375
2020-11-11,453.4373779296875,647.5531616210938,1940.083740234375,466.6510009765625,967.2293090820312,138.3936767578125,995.6322631835938,901.425048828125,212.27398681640625,2314.058837890625
2020-11-12,454.6216735839844,639.05078125,1995.56884765625,457.203857421875,963.1364135742188,140.41021728515625,1008.5540771484375,893.661865234375,205.5667724609375,2299.638427734375
2020-11-13,450.73724365234375,633.0409545898438,1989.4241943359375,465.69189453125,968.6942749023438,139.738037109375,988.1612548828125,901.0640258789062,207.9686737060547,2287.41259765625
2020-11-14,456.1849060058594,638.1190795898438,1991.5638427734375,466.9866943359375,976.6646118164062,140.8583221435547,995.3974609375,903.7269287109375,208.1499481201172,2299.03564453125
2020-11-17,459.0745544433594,656.1720581054688,1982.3687744140625,466.50714111328125,968.2633666992188,139.9247589111328,1015.7903442382812,899.642333984375,217.7122344970703,2295.3330078125
2020-11-18,453.2478942871094,656.2885131835938,1940.9486083984375,477.2969970703125,956.9322509765625,137.46009826660156,1078.989501953125,896.9116821289062,228.4075164794922,2261.41162109375
2020-11-19,443.915771484375,640.2854614257812,1939.7193603515625,459.1700134277344,945.041259765625,140.3355255126953,1065.9267578125,890.5703125,217.30438232421875,2270.236328125
2020-11-20,458.269287109375,653.935791015625,1930.1607666015625,460.56072998046875,950.7282104492188,143.17361450195312,1064.09423828125,857.328857421875,220.0235137939453,2290.339599609375
2020-11-23,452.15838623046875,649.7196044921875,1938.4903564453125,449.09942626953125,982.1791381835938,142.53875732421875,1058.0325927734375,880.4375610351562,216.35267639160156,2345.440185546875
2020-11-24,449.3160705566406,670.0320434570312,1963.934814453125,458.6425476074219,982.3516845703125,146.04904174804688,1067.1014404296875,886.4630126953125,221.0205535888672,2343.546142578125
2020-11-25,439.69970703125,653.5398559570312,1944.36181640625,453.36749267578125,961.326904296875,144.7793731689453,1048.7760009765625,879.128662109375,220.25010681152344,2325.681640625
2020-11-26,443.773681640625,664.6510620117188,1961.0667724609375,455.861083984375,959.2155151367188,145.48887634277344,1051.4544677734375,881.295166015625,222.47071838378906,2342.2978515625
2020-11-27,438.8944396972656,671.2666015625,1946.5013427734375,453.9908142089844,947.841796875,144.6300048828125,1054.79052734375,871.0044555664062,221.38308715820312,2307.0419921875
2020-12-01,454.24273681640625,667.7492065429688,1941.813232421875,465.26031494140625,980.455810546875,145.1901397705078,1048.7288818359375,882.3331298828125,224.82733154296875,2347.635986328125
2020-12-02,459.4061279296875,655.47314453125,1947.5028076171875,460.80047607421875,983.0841064453125,146.3477783203125,1046.66162109375,883.8001098632812,223.830322265625,2367.222900390625
2020-12-03,454.6690673828125,641.6132202148438,1936.9884033203125,462.1432189941406,970.633056640625,146.5344696044922,1057.3748779296875,886.4630126953125,232.30494689941406,2332.6982421875
2020-12-04,467.7908935546875,645.5265502929688,1988.377197265625,481.51708984375,977.6986083984375,148.02822875976562,1080.2581787109375,878.65478515625,238.8308868408203,2348.28173828125
2020-12-07,482.19171142578125,639.3070678710938,2053.87646484375,489.57354736328125,985.3242797851562,151.72518920898438,1099.2413330078125,883.8225708007812,244.35980224609375,2357.02001953125
2020-12-08,477.1230163574219,641.1939086914062,2057.38134765625,487.6073303222656,993.8121337890625,151.202392578125,1100.8389892578125,899.867919921875,246.4444580078125,2408.33251953125
2020-12-09,476.6019287109375,655.5896606445312,2086.694580078125,490.5805969238281,1012.6395263671875,153.40560913085938,1109.8607177734375,914.8526000976562,245.0395965576172,2419.955322265625
2020-12-10,478.5915222167969,645.64306640625,2139.721923828125,486.2167053222656,1006.2200927734375,158.8577423095703,1118.647216796875,905.8482666015625,244.31446838378906,2397.14013671875
2020-12-11,477.8808898925781,644.22216796875,2161.843505859375,494.3690490722656,1002.2993774414062,161.5464324951172,1122.359375,905.3067016601562,246.9429931640625,2396.537353515625
2020-12-14,476.6019287109375,639.2605590820312,2158.202392578125,504.2957458496094,1003.4628295898438,161.24766540527344,1174.375244140625,898.7621459960938,248.52914428710938,2408.67724609375
2020-12-15,477.6914367675781,648.18212890625,2112.0478515625,496.86273193359375,994.8890991210938,159.49256896972656,1171.1800537109375,891.1119384765625,245.31146240234375,2377.55419921875
2020-12-16,489.0605773925781,657.2202758789062,2133.8046875,491.4917297363281,1004.4536743164062,159.82864379882812,1191.85498046875,892.1048583984375,244.1785125732422,2422.88330078125
2020-12-17,488.0184020996094,671.7091674804688,2107.72314453125,489.5256042480469,998.8526611328125,159.11911010742188,1201.7696533203125,896.189453125,242.6376953125,2443.545654296875
2020-12-18,483.8023376464844,657.5231323242188,2124.24658203125,495.9995422363281,1025.2198486328125,160.20205688476562,1204.3538818359375,898.875,246.03662109375,2463.17529296875
2020-12-21,465.0907287597656,639.4935302734375,2099.212158203125,474.27587890625,1014.4491577148438,151.57583618164062,1160.466796875,875.4728393554688,230.854736328125,2428.005615234375
2020-12-22,473.99652099609375,639.703125,2103.80908203125,479.83868408203125,1051.6732177734375,151.9119110107422,1186.63916015625,874.1187133789062,233.3472900390625,2473.076416015625
2020-12-23,480.5337219238281,640.8909912109375,2157.83837890625,483.00372314453125,1079.720947265625,155.16075134277344,1188.6129150390625,877.345947265625,238.377685546875,2504.2861328125
2020-12-24,490.1027526855469,650.88427734375,2186.87841796875,492.5467224121094,1065.072509765625,155.79559326171875,1186.16943359375,900.0485229492188,241.86724853515625,2504.8017578125
2020-12-28,494.1766052246094,658.221923828125,2174.724853515625,498.82879638671875,1068.734619140625,156.4677734375,1211.73095703125,904.1782836914062,249.43551635742188,2522.063720703125
2020-12-29,492.8976135253906,664.9072875976562,2170.537353515625,507.17303466796875,1077.3514404296875,157.9988555908203,1207.455078125,898.1980590820312,251.8827667236328,2523.01123046875
2020-12-30,489.01318359375,667.3765869140625,2190.838623046875,507.1250915527344,1074.33544921875,157.7000732421875,1214.221435546875,900.6577758789062,250.9763641357422,2504.759521484375
2020-12-31,482.9022521972656,669.1469116210938,2180.642333984375,513.1674194335938,1082.0904541015625,156.09434509277344,1210.039306640625,896.0541381835938,249.2089385986328,2464.68212890625
2021-01-01,488.0657653808594,663.9057006835938,2173.496337890625,505.9262390136719,1086.09716796875,159.71664428710938,1218.8731689453125,897.047119140625,253.2423095703125,2521.07373046875
2021-01-04,489.9132385253906,659.6895141601562,2208.953857421875,509.9544372558594,1110.0517578125,159.3805389404297,1235.4129638671875,898.55908203125,254.73785400390625,2616.8115234375
2021-01-05,486.9762268066406,664.67431640625,2230.84765625,515.2774658203125,1114.8341064453125,157.9241485595703,1227.613037109375,887.3882446289062,255.37228393554688,2662.915283203125
2021-01-06,497.6820983886719,661.8092041015625,2200.579345703125,524.3409423828125,1104.7525634765625,153.40560913085938,1234.84912109375,863.986083984375,258.3633728027344,2627.186767578125
2021-01-07,516.5831909179688,659.8059692382812,2156.472900390625,518.969970703125,1087.5621337890625,151.46380615234375,1258.29638671875,862.5869750976562,260.7652587890625,2611.08642578125
2021-01-08,511.84619140625,666.98046875,2176.818603515625,519.8811645507812,1130.6026611328125,150.4928436279297,1290.6710205078125,872.7646484375,259.22442626953125,2686.935302734375
2021-01-11,518.3833618164062,676.2049560546875,2211.32080078125,522.4227905273438,1185.8360595703125,151.23973083496094,1268.6806640625,856.3131713867188,256.0520935058594,2734.761962890625
2021-01-12,536.0054321289062,689.9718017578125,2162.890625,525.5878295898438,1182.0015869140625,154.1898193359375,1268.492919921875,883.3035888671875,265.1158447265625,2733.384521484375
2021-01-13,547.8482666015625,685.1499633789062,2159.65869140625,533.7401733398438,1195.2713623046875,157.7747802734375,1271.030029296875,875.0665893554688,278.07708740234375,2719.69482421875
2021-01-14,550.0272827148438,684.2647094726562,2183.509521484375,530.6710205078125,1180.924560546875,159.94070434570312,1293.678466796875,884.9058837890625,278.4849548339844,2804.012939453125
2021-01-15,570.9653930664062,683.286376953125,2140.359375,520.7922973632812,1158.9088134765625,162.70408630371094,1272.58056640625,874.457275390625,275.4032897949219,2789.047119140625
2021-01-18,556.0908813476562,690.9501953125,2123.47265625,511.3451843261719,1130.5595703125,164.12310791015625,1255.571044921875,895.4447021484375,266.8833312988281,2779.041015625
2021-01-19,561.1595458984375,700.6173095703125,2151.283203125,524.1012573242188,1134.5233154296875,163.45094299316406,1287.3349609375,910.0909423828125,270.644775390625,2812.63916015625
2021-01-20,564.8071899414062,695.0964965820312,2144.729248046875,528.4651489257812,1154.1693115234375,162.5546875,1299.3638916015625,927.3773803710938,274.2249755859375,2854.129638671875
2021-01-21,550.7852172851562,687.0833740234375,2155.38037109375,530.0956420898438,1154.3848876953125,159.60459899902344,1288.69775390625,947.552490234375,267.2458801269531,2823.98193359375
2021-01-22,546.5218505859375,672.5245361328125,2193.341552734375,511.9685363769531,1155.375732421875,157.36398315429688,1280.0517578125,925.0755615234375,257.1397399902344,2849.212890625
2021-01-25,550.216796875,681.5159912109375,2184.4658203125,516.0447387695312,1141.804443359375,155.19808959960938,1279.2999267578125,876.0595092773438,254.64720153808594,2839.0341796875
2021-01-27,540.7898559570312,656.7078247070312,2176.909912109375,500.98681640625,1121.0380859375,157.32664489746094,1277.937255859375,855.2976684570312,249.8433837890625,2812.941162109375
2021-01-28,540.8846435546875,638.9344482421875,2094.158935546875,506.64556884765625,1099.6685791015625,154.3018798828125,1264.3106689453125,846.9703979492188,255.91612243652344,2757.3037109375
2021-01-29,524.4942626953125,647.8093872070312,2060.931640625,515.0376586914062,1067.657470703125,151.79986572265625,1254.30224609375,831.3538208007812,255.68954467773438,2683.811279296875
2021-02-01,548.7009887695312,687.9918212890625,2047.00390625,579.1056518554688,1086.4849853515625,161.2850341796875,1361.5762939453125,855.43310546875,281.61199951171875,2707.964111328125
2021-02-02,567.8389892578125,727.03271484375,2030.4805908203125,592.1015625,1095.4033203125,162.96548461914062,1428.6282958984375,869.1990966796875,301.91485595703125,2763.25537109375
2021-02-03,576.8394775390625,733.671630859375,2032.6656494140625,596.8970947265625,1106.9498291015625,161.88253784179688,1436.4755859375,871.3881225585938,304.498046875,2760.3232421875
2021-02-04,569.0231323242188,735.6748657226562,2044.2724609375,602.6036376953125,1102.3828125,171.74111938476562,1437.650146484375,868.5220947265625,321.8552551269531,2750.31640625
2021-02-05,550.5484008789062,744.2936401367188,2066.075439453125,589.032470703125,1096.1357421875,175.02731323242188,1425.1513671875,868.2738647460938,356.2976379394531,2724.008056640625
2021-02-08,565.8966064453125,747.8577270507812,2036.1246337890625,603.8504638671875,1123.2353515625,174.09373474121094,1458.3248291015625,880.7760620117188,359.8778076171875,2772.44287109375
2021-02-09,567.4599609375,750.9325561523438,2017.5538330078125,607.4471435546875,1124.9588623046875,171.03158569335938,1472.092529296875,882.8973999023438,357.83843994140625,2740.35400390625
2021-02-10,559.169921875,736.9094848632812,2035.0782470703125,606.2962646484375,1117.1605224609375,169.94862365722656,1459.3116455078125,891.0892944335938,355.5271911621094,2771.752197265625
2021-02-11,566.6546020507812,732.5301513671875,2060.112548828125,604.857666015625,1113.843017578125,169.1270751953125,1438.307861328125,927.8286743164062,353.623779296875,2765.455078125
2021-02-12,555.4276733398438,737.002685546875,2040.585693359375,621.1143798828125,1128.6209716796875,162.4053192138672,1429.708984375,921.4647827148438,356.3429260253906,2752.34375
2021-02-15,562.4859008789062,753.1455078125,2016.597900390625,646.38671875,1128.4915771484375,163.26422119140625,1445.0272216796875,917.4026489257812,368.8509521484375,2708.3955078125
2021-02-16,562.7227783203125,757.8275756835938,1999.2105712890625,631.4247436523438,1111.9041748046875,163.0028076171875,1456.116455078125,929.5438232421875,364.6816101074219,2681.611572265625
2021-02-17,562.6281127929688,739.122314453125,1969.897216796875,630.465576171875,1104.0631103515625,162.62939453125,1455.0826416015625,940.2633056640625,373.20159912109375,2650.8173828125
2021-02-18,558.0804443359375,724.1210327148438,1954.3758544921875,618.2849731445312,1113.6707763671875,163.45094299316406,1432.7633056640625,933.244873046875,376.32861328125,2637.23193359375
2021-02-19,550.7852172851562,717.0394897460938,1985.554931640625,598.5275268554688,1112.6800537109375,161.2850341796875,1417.9150390625,938.9318237304688,362.14373779296875,2649.739013671875
2021-02-22,540.316162109375,721.1858520507812,1973.265380859375,584.9083251953125,1090.1900634765625,158.44786071777344,1364.724365234375,906.3446655273438,353.03466796875,2551.921630859375
2021-02-23,535.8159790039062,712.404052734375,1983.8712158203125,591.0944213867188,1091.18115234375,159.55751037597656,1396.7705078125,913.2728271484375,358.5635681152344,2570.683349609375
2021-02-24,542.826904296875,748.416748046875,1983.507080078125,614.8801879882812,1098.0313720703125,159.82533264160156,1434.642822265625,930.2208251953125,368.2165222167969,2542.994140625
2021-02-25,548.7009887695312,748.3934326171875,1969.35107421875,602.31591796875,1098.2469482421875,160.05491638183594,1415.7064208984375,967.8404541015625,369.12286376953125,2583.707763671875
2021-02-26,527.0523071289062,714.8499145507812,1940.9027099609375,573.3031616210938,1079.9364013671875,155.9990234375,1355.6087646484375,941.4142456054688,353.623779296875,2496.5869140625
2021-03-01,504.2193298339844,726.2639770507812,1951.2353515625,583.4696044921875,1091.7413330078125,158.33306884765625,1384.130615234375,948.5905151367188,357.97442626953125,2522.37744140625
2021-03-02,512.7461547851562,730.5967407226562,1982.6873779296875,585.5316162109375,1124.053955078125,160.62887573242188,1396.1595458984375,950.5313720703125,357.29461669921875,2593.239990234375
2021-03-03,517.5780639648438,739.2854614257812,1996.84326171875,606.248291015625,1157.70263671875,160.66714477539062,1406.7320556640625,993.9056396484375,367.1288146972656,2638.74169921875
2021-03-04,511.23028564453125,723.07275390625,1999.9388427734375,595.3624877929688,1146.3280029296875,160.47581481933594,1374.498046875,982.0578002929688,358.60888671875,2630.6328125
2021-03-05,504.7878112792969,712.800048828125,2003.761962890625,584.524658203125,1134.56640625,159.59576416015625,1375.3907470703125,983.3441162109375,347.7322998046875,2594.70654296875
2021-03-08,498.0611267089844,707.9083251953125,1979.59228515625,583.181884765625,1150.9813232421875,159.17486572265625,1423.9295654296875,988.9407958984375,353.1252746582031,2593.7578125
2021-03-09,494.3187255859375,727.9412841796875,2001.395263671875,599.5345458984375,1159.4259033203125,159.0218048095703,1417.4451904296875,988.9181518554688,351.3125305175781,2631.7109375
2021-03-10,498.2031555175781,724.7965087890625,2028.114013671875,600.0140991210938,1178.8995361328125,158.02696228027344,1432.3873291015625,984.8109130859375,351.4031677246094,2648.962890625
2021-03-12,496.6399230957031,723.026123046875,2007.0845947265625,587.7855224609375,1184.6728515625,157.03211975097656,1422.8017578125,964.7939453125,345.4210510253906,2637.749267578125
2021-03-15,495.3609313964844,712.1710815429688,2012.6380615234375,578.8179931640625,1183.5955810546875,157.2234344482422,1394.3740234375,951.8402099609375,347.95892333984375,2644.822998046875
2021-03-16,501.4718322753906,704.4840698242188,2042.861572265625,570.6175537109375,1192.55712890625,159.06005859375,1373.746337890625,948.0941162109375,343.10980224609375,2682.68994140625
2021-03-17,495.4082946777344,696.6572265625,2026.702880859375,565.3905639648438,1195.14208984375,161.16456604003906,1351.0509033203125,927.6707763671875,333.6834411621094,2685.19140625
2021-03-18,499.48223876953125,694.6306762695312,2016.597900390625,554.9363403320312,1152.14453125,166.55967712402344,1342.0760498046875,906.7960815429688,332.73175048828125,2619.2470703125
2021-03-19,502.08758544921875,697.6588745117188,2104.765380859375,562.6570434570312,1158.477783203125,170.6155548095703,1326.2410888671875,939.698974609375,336.4025573730469,2631.064208984375
2021-03-22,500.2401428222656,684.4511108398438,2142.225830078125,549.9969482421875,1181.1829833984375,172.94960021972656,1315.716064453125,930.8526611328125,332.6411437988281,2699.59716796875
2021-03-23,501.4244079589844,698.8934326171875,2127.75146484375,562.4173583984375,1181.8292236328125,170.04159545898438,1319.7568359375,942.1814575195312,337.8074951171875,2710.767333984375
2021-03-24,496.1188659667969,688.9468383789062,2110.72802734375,544.2903442382812,1166.4915771484375,165.2587127685547,1286.67724609375,924.0374145507812,326.1604919433594,2692.221435546875
2021-03-25,481.0547790527344,681.7489624023438,2036.4891357421875,548.1746215820312,1149.3011474609375,161.9298095703125,1288.5096435546875,898.8297729492188,321.9458312988281,2643.701171875
2021-03-26,495.0293273925781,694.7704467773438,2110.09033203125,554.8883666992188,1151.369140625,161.39414978027344,1314.0711669921875,900.2741088867188,323.75860595703125,2645.38330078125
2021-03-30,494.0819091796875,723.8414306640625,2183.692138671875,567.2607421875,1193.677490234375,164.18736267089844,1337.8001708984375,915.9132690429688,327.0215759277344,2724.525390625
2021-03-31,490.1027526855469,695.8651733398438,2213.505615234375,558.2931518554688,1178.8133544921875,167.2101287841797,1333.4302978515625,904.0880126953125,330.1938781738281,2741.174072265625
2021-04-01,493.418701171875,692.6506958007812,2184.0107421875,570.0902099609375,1193.5909423828125,168.39625549316406,1357.5821533203125,912.5507202148438,335.94940185546875,2730.089599609375
2021-04-05,500.4770202636719,675.3431396484375,2160.4326171875,547.8869018554688,1214.874267578125,162.6567840576172,1319.239990234375,899.348876953125,320.4503173828125,2793.834228515625
2021-04-06,504.2193298339844,670.987060546875,2192.38623046875,542.7557373046875,1215.8656005859375,162.73333740234375,1316.6085205078125,895.602783203125,317.7311706542969,2816.089111328125
2021-04-07,513.1251220703125,674.2249755859375,2189.609130859375,554.0252685546875,1232.3663330078125,163.6133575439453,1319.56884765625,903.97509765625,324.9822082519531,2821.86865234375
2021-04-08,514.4514770507812,667.516357421875,2193.842041015625,553.1140747070312,1240.681640625,163.1925048828125,1333.665283203125,905.103515625,322.30841064453125,2861.504638671875
2021-04-09,516.5831909179688,662.3683471679688,2254.01611328125,543.0435180664062,1241.715576171875,163.07772827148438,1319.5218505859375,894.5872802734375,319.9517822265625,2865.73046875
2021-04-12,494.9819641113281,636.8845825195312,2241.271484375,516.5242919921875,1228.5321044921875,157.108642578125,1264.122802734375,862.5869750976562,298.062744140625,2800.433349609375
2021-04-13,507.96160888671875,652.3983764648438,2234.352783203125,537.6724853515625,1203.8883056640625,159.71054077148438,1290.953125,871.9071655273438,309.07525634765625,2677.5146484375
2021-04-15,510.993408203125,666.2583618164062,2240.042236328125,551.6754150390625,1172.523193359375,158.1800079345703,1291.845703125,877.5489501953125,310.61614990234375,2776.625732421875
2021-04-16,512.31982421875,665.5828247070312,2238.44921875,543.7627563476562,1166.4915771484375,159.13658142089844,1277.279541015625,872.0425415039062,308.0782470703125,2756.096435546875
2021-04-19,498.7716369628906,658.0123291015625,2218.193603515625,536.8572998046875,1174.073974609375,157.33822631835938,1231.5130615234375,858.3217163085938,300.14739990234375,2727.328857421875
2021-04-20,502.3244934082031,648.2286987304688,2182.508544921875,536.2338256835938,1164.42333984375,155.76943969726562,1251.2950439453125,858.073486328125,298.6518859863281,2712.449462890625
2021-04-22,502.9403381347656,662.7177124023438,2138.766357421875,555.5118408203125,1164.2080078125,157.5678253173828,1256.27587890625,860.4429321289062,305.13250732421875,2690.238037109375
2021-04-23,495.1240234375,658.82763671875,2100.850341796875,546.64013671875,1149.3011474609375,157.14694213867188,1243.2130126953125,859.517822265625,304.9512634277344,2682.2158203125
2021-04-26,499.81378173828125,654.4716186523438,2149.0078125,566.925048828125,1157.70263671875,157.108642578125,1255.4300537109375,874.6376953125,312.0663146972656,2674.71142578125
2021-04-27,506.2088928222656,670.264892578125,2166.486572265625,574.2622680664062,1161.9677734375,157.1851806640625,1297.484619140625,897.5661010742188,319.99713134765625,2701.623779296875
2021-04-28,515.6832275390625,688.0150756835938,2190.793212890625,595.9378662109375,1168.4302978515625,157.26171875,1293.0206298828125,901.47021484375,329.3781433105469,2694.809814453125
2021-04-29,512.41455078125,686.0118408203125,2191.748779296875,596.0338134765625,1168.731689453125,156.3433837890625,1276.8095703125,913.543701171875,325.7526550292969,2687.17529296875
2021-04-30,508.5301513671875,657.9656982421875,2142.7265625,575.940673828125,1167.0084228515625,155.04244995117188,1259.7059326171875,900.2064819335938,320.40496826171875,2618.51318359375
2021-05-03,529.4682006835938,658.9673461914062,2192.112548828125,572.3440551757812,1165.026611328125,153.77976989746094,1261.6324462890625,884.206298828125,317.7764892578125,2619.67822265625
2021-05-04,523.4047241210938,646.8078002929688,2191.794189453125,567.3567504882812,1145.509765625,152.74664306640625,1257.0274658203125,865.0467529296875,318.59228515625,2630.67578125
2021-05-05,530.5103759765625,653.4465942382812,2179.95947265625,578.146484375,1155.9359130859375,154.12416076660156,1258.014404296875,866.6264038085938,322.1270751953125,2670.312255859375
2021-05-06,529.3734741210938,652.6547241210938,2175.7265625,583.3257446289062,1173.2554931640625,155.15724182128906,1259.1890869140625,871.5460815429688,322.2630310058594,2683.8974609375
2021-05-07,538.61083984375,659.1071166992188,2195.025634765625,582.2706909179688,1165.457275390625,157.14694213867188,1261.8204345703125,871.8845825195312,324.7103271484375,2702.400146484375
2021-05-10,542.4478759765625,661.483154296875,2214.78076171875,588.169189453125,1154.2557373046875,157.29995727539062,1310.969970703125,869.3796997070312,327.83734130859375,2713.268798828125
2021-05-11,538.51611328125,653.8892211914062,2186.741943359375,584.9083251953125,1146.5867919921875,156.1138153076172,1300.2567138671875,872.5165405273438,330.5111083984375,2693.51611328125
2021-05-12,532.2158203125,652.0023803710938,2120.149658203125,570.4257202148438,1143.4415283203125,155.53985595703125,1301.8544921875,863.489501953125,333.27557373046875,2663.3251953125
2021-05-14,530.9367065429688,646.1089477539062,2163.75537109375,572.8714599609375,1134.307861328125,162.42724609375,1330.235107421875,874.3895874023438,326.7043762207031,2632.185791015625
2021-05-17,520.7518920898438,670.987060546875,2163.209228515625,598.0958862304688,1145.509765625,162.69508361816406,1303.217041015625,884.7931518554688,347.2337951660156,2647.92724609375
2021-05-18,508.1512451171875,687.9684448242188,2161.388671875,607.3033447265625,1154.643310546875,160.74365234375,1331.9267578125,897.2501831054688,346.46337890625,2664.35986328125
2021-05-19,500.4296569824219,679.3496704101562,2148.188232421875,599.8703002929688,1152.0582275390625,158.98355102539062,1318.9111328125,901.3573608398438,348.412109375,2658.494873046875
2021-05-20,493.2765808105469,667.516357421875,2133.98681640625,593.3003540039062,1154.040283203125,158.4095916748047,1324.83154296875,896.09912109375,348.54803466796875,2639.517333984375
2021-05-21,503.0350646972656,697.565673828125,2150.46435546875,616.1749877929688,1167.1376953125,159.9783935546875,1332.6314697265625,903.8397827148438,363.6392822265625,2657.2001953125
2021-05-24,499.103271484375,703.4590454101562,2127.068359375,620.8745727539062,1161.5797119140625,161.853271484375,1356.3135986328125,896.2120361328125,373.4734802246094,2658.0634765625
2021-05-25,498.4400329589844,689.0167236328125,2133.89599609375,623.703857421875,1173.2554931640625,161.39414978027344,1363.5496826171875,886.0568237304688,373.74542236328125,2699.236328125
2021-05-26,498.10845947265625,688.131591796875,2142.9541015625,625.8139038085938,1203.97412109375,161.16456604003906,1384.1776123046875,889.1710815429688,374.8330383300781,2737.80908203125
2021-05-27,492.4713134765625,690.7405395507812,2117.828125,625.57421875,1208.2825927734375,161.58543395996094,1393.5281982421875,891.9017333984375,385.39239501953125,2756.445556640625
2021-05-28,496.0715026855469,700.4308471679688,2113.550048828125,616.7504272460938,1210.6954345703125,162.92465209960938,1389.0643310546875,945.4763793945312,382.53729248046875,2724.89404296875
2021-05-31,506.77740478515625,706.2078247070312,2130.25439453125,635.644775390625,1213.91796875,165.75613403320312,1379.2906494140625,975.039306640625,384.6219787597656,2738.372802734375
2021-06-01,504.88250732421875,704.2743530273438,2146.868408203125,623.51220703125,1208.2130126953125,164.7230224609375,1385.8221435546875,978.9209594726562,392.05426025390625,2733.0419921875
2021-06-02,501.6612548828125,700.6871948242188,2147.323974609375,621.8335571289062,1200.7662353515625,159.9401397705078,1382.4390869140625,993.5219116210938,396.31427001953125,2712.628662109375
2021-06-03,504.0772399902344,708.3974609375,2151.37451171875,623.6559448242188,1210.3470458984375,159.9783935546875,1419.8416748046875,997.313232421875,402.1686096191406,2722.857421875
2021-06-04,504.69305419921875,699.2661743164062,2132.0751953125,616.4147338867188,1206.8631591796875,159.74880981445312,1444.933349609375,988.6699829101562,396.6343994140625,2725.02392578125
2021-06-07,508.2459411621094,698.7537841796875,2129.572021484375,621.6898803710938,1210.3470458984375,161.8150177001953,1463.9635009765625,1005.324462890625,395.39947509765625,2759.2197265625
2021-06-08,518.0517578125,690.9268188476562,2147.505615234375,616.1270751953125,1230.6405029296875,163.49859619140625,1455.83447265625,999.5473022460938,390.7800598144531,2773.91162109375
2021-06-09,511.6092529296875,689.6456909179688,2144.7744140625,610.0846557617188,1232.6875,162.61854553222656,1427.78271484375,981.6741333007812,385.52020263671875,2773.998779296875
2021-06-10,516.4884643554688,689.9951782226562,2165.53076171875,614.2088623046875,1240.5262451171875,164.80076599121094,1428.158447265625,985.284912109375,395.39947509765625,2788.34423828125
2021-06-11,512.41455078125,692.4642333984375,2154.333251953125,609.7010498046875,1260.2099609375,163.69842529296875,1412.887451171875,1002.3753051757812,392.97540283203125,2837.752197265625
2021-06-14,510.993408203125,689.249755859375,2168.179443359375,609.1735229492188,1273.1875,163.2259979248047,1424.4462890625,1016.7553100585938,393.6614990234375,2839.962890625
2021-06-15,513.977783203125,694.2811889648438,2193.257080078125,618.9083862304688,1283.7264404296875,163.02914428710938,1419.7945556640625,1019.0652465820312,392.8839416503906,2828.173583984375
2021-06-16,508.5301513671875,691.6489868164062,2207.88232421875,613.9210205078125,1289.5616455078125,163.6590576171875,1401.093505859375,1001.6732177734375,389.6365661621094,2838.22900390625
2021-06-17,500.85601806640625,683.0302124023438,2216.868408203125,607.1115112304688,1302.365234375,161.9268035888672,1397.9451904296875,1003.5075073242188,384.42254638671875,2875.848876953125
2021-06-18,510.42498779296875,689.4127807617188,2276.652099609375,604.6178588867188,1309.3330078125,161.06068420410156,1387.0908203125,1008.0367431640625,377.6991271972656,2858.1220703125
2021-06-21,511.23028564453125,693.55908203125,2305.48974609375,605.4330444335938,1306.72021484375,160.98193359375,1378.6800537109375,1013.29052734375,383.96514892578125,2837.145263671875
2021-06-22,508.19854736328125,691.2763061523438,2283.391845703125,605.0494384765625,1316.7799072265625,161.4937286376953,1408.893310546875,1008.08203125,382.9589538574219,2861.5029296875
2021-06-23,505.9721374511719,692.068359375,2274.451416015625,599.15087890625,1309.2022705078125,160.58824157714844,1390.1451416015625,998.842529296875,383.1418762207031,2827.004150390625
2021-06-24,500.9507141113281,701.7352905273438,2283.2998046875,608.1185302734375,1358.0203857421875,160.03704833984375,1413.4512939453125,975.3587036132812,381.632568359375,2924.259521484375
2021-06-25,506.96685791015625,705.8584594726562,2245.247314453125,622.4571533203125,1371.0848388671875,161.45437622070312,1432.05859375,953.1431274414062,392.24359130859375,2930.50048828125
2021-06-28,503.27197265625,702.7136840820312,2255.837890625,623.703857421875,1368.9947509765625,160.31263732910156,1423.2247314453125,944.7867431640625,390.3683776855469,2892.3173828125
2021-06-29,497.3505554199219,702.807373046875,2285.500732421875,613.9210205078125,1361.37353515625,160.07643127441406,1419.888671875,945.60205078125,385.5659484863281,2895.871337890625
2021-06-30,498.013671875,700.8655395507812,2266.016357421875,605.097412109375,1376.833251953125,159.60400390625,1410.1619873046875,955.9512329101562,383.4620361328125,2900.118896484375
2021-07-01,495.1714172363281,695.6484375,2272.159423828125,605.0494384765625,1359.0654296875,159.8402099609375,1402.4090576171875,950.1991577148438,384.5597229003906,2896.434814453125
2021-07-02,497.39788818359375,692.6773071289062,2280.6865234375,614.0648803710938,1365.5108642578125,159.3677520751953,1396.1595458984375,964.2848510742188,388.2187194824219,2882.522705078125
2021-07-05,496.4031066894531,699.7191772460938,2291.46044921875,621.3541259765625,1375.22216796875,160.35203552246094,1417.1163330078125,973.8640747070312,395.7654113769531,2878.6650390625
2021-07-06,498.4400329589844,718.0841674804688,2267.115966796875,623.703857421875,1360.63330078125,159.446533203125,1414.8138427734375,962.3599243164062,393.1126403808594,2827.783935546875
2021-07-07,501.75604248046875,720.330078125,2275.505859375,627.2526245117188,1362.7236328125,160.43075561523438,1425.1041259765625,955.679443359375,395.9483337402344,2838.74853515625
2021-07-08,497.6820983886719,711.4165649414062,2244.23876953125,615.6474609375,1359.370361328125,159.0528106689453,1410.3028564453125,947.7760620117188,388.26446533203125,2824.49072265625
2021-07-09,508.0563659667969,702.7838745117188,2247.814697265625,612.4345092773438,1361.242919921875,158.54098510742188,1409.269287109375,938.0836181640625,387.6241760253906,2780.84619140625
2021-07-12,501.8034362792969,695.7654418945312,2241.120849609375,619.8196411132812,1348.1348876953125,158.34417724609375,1410.3499755859375,943.92626953125,391.00872802734375,2767.801025390625
2021-07-13,502.182373046875,702.7136840820312,2234.2900390625,637.7548828125,1345.60888671875,158.93470764160156,1422.426025390625,950.9918212890625,392.5180358886719,2762.990234375
2021-07-14,502.182373046875,701.4503784179688,2214.255126953125,637.17919921875,1373.4366455078125,160.70632934570312,1451.6524658203125,944.7867431640625,394.3017272949219,2786.393310546875
2021-07-15,497.82421875,711.5335693359375,2211.962646484375,640.1526489257812,1376.833251953125,162.39923095703125,1512.408203125,943.1336669921875,394.8963928222656,2782.39794921875
2021-07-16,512.69873046875,712.3056030273438,2216.59326171875,633.294921875,1354.754150390625,163.69842529296875,1521.2421875,956.7437744140625,393.34130859375,2775.318115234375
2021-07-19,510.1406555175781,688.2791137695312,2208.570068359375,629.074951171875,1342.7781982421875,163.58030700683594,1512.643310546875,950.652099609375,391.4203186035156,2766.457275390625
2021-07-20,498.10845947265625,675.2479858398438,2232.639404296875,615.6474609375,1350.0511474609375,162.83230590820312,1494.5528564453125,948.3194580078125,385.01708984375,2784.87353515625
2021-07-22,517.95703125,677.8448486328125,2180.603271484375,629.1228637695312,1385.0203857421875,162.98977661132812,1543.2325439453125,960.5029296875,386.0690612792969,2794.03857421875
2021-07-23,519.4727783203125,675.0608520507812,2162.21875,648.976318359375,1385.23828125,167.24166870117188,1514.663818359375,953.7093505859375,392.3351135253906,2790.998291015625
2021-07-26,515.4462890625,671.22412109375,2153.599853515625,649.0722045898438,1396.952880859375,166.2574462890625,1501.3660888671875,940.6425170898438,387.2124938964844,2777.706787109375
2021-07-27,512.1303100585938,673.6571655273438,2147.82275390625,649.7435302734375,1395.7769775390625,164.2889862060547,1511.37451171875,930.746337890625,393.29559326171875,2765.02392578125
2021-07-28,538.0424194335938,663.15283203125,2165.24462890625,657.0327758789062,1398.43359375,164.64329528808594,1515.1285400390625,922.7523193359375,389.2249450683594,2777.92431640625
2021-07-29,537.331787109375,663.5973510742188,2140.808349609375,661.3132934570312,1408.362548828125,162.2417449951172,1516.83935546875,929.9536743164062,403.9066162109375,2776.186767578125
2021-07-30,532.1210327148438,667.4341430664062,2139.47900390625,656.503662109375,1402.7012939453125,161.37559509277344,1522.01904296875,921.8238525390625,394.98785400390625,2751.55908203125
2021-08-02,535.43701171875,665.65625,2139.02099609375,655.4456176757812,1421.03515625,163.2259979248047,1533.89892578125,938.6724243164062,397.82354736328125,2796.687744140625
2021-08-03,549.69580078125,671.2943115234375,2188.5810546875,664.1028442382812,1441.633544921875,165.273193359375,1553.287109375,945.579345703125,408.43463134765625,2853.58740234375
2021-08-04,544.20068359375,685.6119995117188,2179.640869140625,687.4290771484375,1436.451416015625,164.24960327148438,1542.690185546875,952.8261108398438,417.9937744140625,2844.075439453125
2021-08-05,567.22314453125,694.7593383789062,2161.85205078125,675.6937866210938,1440.19677734375,169.4857177734375,1546.681884765625,966.6400756835938,404.1810607910156,2852.76220703125
2021-08-06,575.9393920898438,698.4091186523438,2174.505859375,671.0765991210938,1437.2786865234375,168.69834899902344,1530.4775390625,946.168212890625,398.5096130371094,2875.21826171875
2021-08-09,567.7442016601562,703.6729125976562,2186.425537109375,676.0784912109375,1448.6884765625,168.343994140625,1518.21728515625,940.7784423828125,396.4514465332031,2886.42431640625
2021-08-10,589.487548828125,705.4275512695312,2183.9501953125,674.202880859375,1460.8387451171875,165.23382568359375,1509.6636962890625,945.7152099609375,390.0939636230469,2896.154296875
2021-08-11,588.2085571289062,699.4852294921875,2191.88134765625,667.1328125,1461.099853515625,164.2889862060547,1504.7694091796875,958.9630737304688,391.5575256347656,2905.1015625
2021-08-12,590.3875732421875,702.503173828125,2193.578369140625,674.6356201171875,1471.594970703125,164.4857940673828,1542.927734375,955.88330078125,390.7342834472656,2911.659912109375
2021-08-13,603.556884765625,714.1069946289062,2204.764892578125,677.9542236328125,1491.279052734375,166.49365234375,1585.6483154296875,971.8032836914062,394.43902587890625,3008.650390625
2021-08-16,600.7145385742188,716.165771484375,2224.845458984375,675.88623046875,1484.485595703125,166.0605926513672,1573.95849609375,984.4170532226562,388.6303405761719,3016.94580078125
2021-08-17,593.4193725585938,708.7027587890625,2277.477294921875,674.4913940429688,1516.92919921875,164.72203063964844,1557.4688720703125,980.2275390625,385.5659484863281,3086.529052734375
2021-08-18,590.1981201171875,707.9307250976562,2279.541015625,662.0827026367188,1509.7874755859375,164.5251922607422,1551.861572265625,984.0321655273438,383.9194030761719,3093.04443359375
2021-08-20,581.4344482421875,708.7496337890625,2401.8134765625,654.7722778320312,1509.351806640625,164.4857940673828,1514.558349609375,972.9808959960938,372.0277099609375,3092.13232421875
2021-08-23,589.9138793945312,713.3583374023438,2415.338134765625,656.6961059570312,1514.4034423828125,162.43862915039062,1502.345703125,979.3670654296875,374.5889892578125,3159.803466796875
2021-08-24,587.4979248046875,729.3839721679688,2414.28369140625,667.99853515625,1498.812744140625,162.00552368164062,1526.1531982421875,989.0369262695312,381.99847412109375,3138.781005859375
2021-08-25,580.2501831054688,728.7054443359375,2425.287109375,664.7279052734375,1511.616455078125,162.51734924316406,1514.7484130859375,997.596923828125,380.7635498046875,3178.567626953125
2021-08-26,556.0435180664062,727.4889526367188,2444.9091796875,672.1828002929688,1504.779052734375,161.1000213623047,1516.6019287109375,1010.2108154296875,375.732421875,3189.730712890625
2021-08-27,563.8597412109375,724.517822265625,2455.499755859375,673.0966186523438,1488.3177490234375,162.12364196777344,1556.851318359375,1008.8292846679688,377.2875061035156,3231.68896484375
2021-08-30,587.8296508789062,733.7822265625,2464.43994140625,686.4672241210938,1478.954833984375,163.7771759033203,1577.760009765625,1028.2369384765625,386.6636657714844,3215.313232421875
2021-08-31,629.1372680664062,739.93505859375,2497.81640625,691.6614379882812,1486.2708740234375,166.37554931640625,1589.2598876953125,1022.756591796875,389.7280578613281,3289.283447265625
2021-09-01,631.3636474609375,738.85888671875,2505.885009765625,692.4791259765625,1461.2740478515625,164.95823669433594,1602.7554931640625,1026.8101806640625,393.2498474121094,3227.171630859375
2021-09-02,631.4584350585938,743.4910888671875,2568.374755859375,697.5291748046875,1471.1597900390625,165.1551055908203,1602.5654296875,1039.1748046875,393.1126403808594,3332.978759765625
2021-09-03,623.8317260742188,737.4318237304688,2536.877685546875,696.7114868164062,1481.219482421875,165.82440185546875,1607.6025390625,1081.7943115234375,394.6219177246094,3337.58349609375
2021-09-06,620.18408203125,732.5889892578125,2549.623291015625,693.6815185546875,1507.130615234375,164.80076599121094,1610.1685791015625,1098.5977783203125,394.3017272949219,3346.2265625
2021-09-07,635.2954711914062,734.25,2546.9638671875,689.5933837890625,1486.4451904296875,166.72988891601562,1598.28857421875,1105.52734375,392.5180358886719,3314.866455078125
2021-09-08,632.7374877929688,737.5955810546875,2568.237060546875,693.4891357421875,1474.7742919921875,166.33619689941406,1583.8902587890625,1101.201904296875,394.5762023925781,3278.598876953125
2021-09-09,650.075439453125,733.9459838867188,2577.1767578125,692.8157958984375,1473.337158203125,167.4385223388672,1587.216552734375,1098.5977783203125,395.4452209472656,3293.583740234375
2021-09-13,656.8494262695312,727.8399047851562,2554.8955078125,680.4552612304688,1473.598388671875,168.61959838867188,1588.7845458984375,1074.117431640625,395.9483337402344,3340.449951171875
2021-09-14,657.7020874023438,724.5645141601562,2533.072509765625,680.5033569335938,1468.59033203125,170.15499877929688,1612.3070068359375,1072.71337890625,396.0855407714844,3375.675537109375
2021-09-15,687.3564453125,723.7457885742188,2544.901123046875,687.1405029296875,1490.6259765625,170.07627868652344,1631.837890625,1077.1746826171875,406.01055908203125,3435.311279296875
2021-09-16,680.8192749023438,729.8985595703125,2538.298828125,699.5010986328125,1482.6129150390625,181.69029235839844,1635.876953125,1099.7752685546875,424.1683044433594,3390.791015625
2021-09-17,689.8671264648438,740.2860107421875,2496.1201171875,692.7196655273438,1473.075927734375,182.0052490234375,1631.0775146484375,1082.722900390625,415.38671875,3325.247802734375
2021-09-20,686.8353881835938,729.8516845703125,2567.732421875,682.9561767578125,1470.071044921875,184.05247497558594,1619.815185546875,1084.4439697265625,400.1562194824219,3321.468505859375
2021-09-21,688.446044921875,726.1553955078125,2578.8271484375,684.7356567382812,1496.7227783203125,190.1547393798828,1635.5443115234375,1089.1317138671875,401.39105224609375,3355.738525390625
2021-09-22,688.5408325195312,717.6162109375,2553.198974609375,676.5595092773438,1495.3726806640625,191.72952270507812,1626.040283203125,1100.8170166015625,401.4368591308594,3355.0439453125
2021-09-23,688.5881958007812,734.6008911132812,2551.181884765625,689.6896362304688,1517.7130126953125,190.94210815429688,1681.923828125,1127.7203369140625,411.45330810546875,3361.211669921875
2021-09-24,700.5256958007812,749.3633422851562,2518.4931640625,695.412841796875,1536.264892578125,187.7532196044922,1681.0211181640625,1124.4593505859375,403.17486572265625,3362.992431640625
2021-09-27,697.4142456054688,760.3822631835938,2484.42919921875,702.1943969726562,1499.0743408203125,187.95004272460938,1653.3167724609375,1143.368408203125,408.526123046875,3333.15283203125
2021-09-28,671.9326782226562,755.6798706054688,2497.5869140625,689.8338623046875,1469.4176025390625,187.20201110839844,1650.98828125,1154.0574951171875,406.97100830078125,3282.941650390625
2021-09-29,669.9539794921875,745.7603759765625,2462.2392578125,682.4752197265625,1473.9031982421875,187.47760009765625,1635.6395263671875,1144.9085693359375,420.7837219238281,3294.017822265625
2021-09-30,664.355712890625,746.2750244140625,2477.36865234375,674.15478515625,1459.0531005859375,185.9421844482422,1618.4847412109375,1141.0133056640625,414.3804931640625,3279.814453125
2021-10-01,652.3870849609375,740.5432739257812,2479.431884765625,665.9784545898438,1450.2999267578125,185.31227111816406,1612.7347412109375,1143.0289306640625,413.14556884765625,3240.419189453125
2021-10-04,657.69580078125,741.9703369140625,2463.064697265625,673.5294799804688,1462.1448974609375,186.29653930664062,1630.174560546875,1157.7261962890625,423.6651916503906,3277.860107421875
2021-10-05,674.9248046875,746.509033203125,2483.649658203125,670.5474853515625,1474.38232421875,184.80047607421875,1631.5526123046875,1181.7532958984375,425.08306884765625,3329.98193359375
2021-10-06,667.3479614257812,755.6097412109375,2462.927490234375,663.237060546875,1457.6160888671875,182.08399963378906,1610.9765625,1159.4019775390625,418.2224426269531,3310.523193359375
2021-10-07,668.40966796875,753.5509033203125,2447.660400390625,675.4533081054688,1472.814453125,183.4225616455078,1627.5135498046875,1165.0860595703125,418.86279296875,3381.75634765625
2021-10-08,671.3052368164062,749.8778686523438,2420.748291015625,676.6076049804688,1501.4259033203125,182.4383087158203,1641.246826171875,1209.8570556640625,418.9542236328125,3418.892578125
2021-10-11,666.8170166015625,764.4530029296875,2425.37841796875,686.1304931640625,1472.7708740234375,187.438232421875,1631.7427978515625,1201.4326171875,429.2451477050781,3201.67529296875
2021-10-12,662.4735107421875,762.48779296875,2453.849365234375,681.6094970703125,1467.719482421875,189.9972686767578,1632.9781494140625,1208.29443359375,441.8229064941406,3173.2255859375
2021-10-13,665.900146484375,767.0731811523438,2426.891845703125,682.9081420898438,1488.6661376953125,196.21763610839844,1665.1492919921875,1220.591064453125,440.6337585449219,3175.2666015625
2021-10-14,661.9427490234375,789.5322265625,2429.459228515625,699.5972900390625,1494.3712158203125,202.00494384765625,1700.5517578125,1223.0594482421875,448.77496337890625,3143.281494140625
2021-10-18,656.923583984375,781.53125,2433.539306640625,717.0559692382812,1560.913330078125,206.7293243408203,1699.7437744140625,1226.320556640625,455.4983825683594,3174.352783203125
2021-10-19,657.4061889648438,790.1405639648438,2335.243896484375,718.979736328125,1587.042724609375,193.6586151123047,1754.487060546875,1237.3038330078125,446.57958984375,3163.038330078125
2021-10-20,683.8047485351562,783.1922607421875,2272.755126953125,717.4406127929688,1569.7972412109375,194.17041015625,1717.088623046875,1223.0594482421875,457.2821044921875,3141.018310546875
2021-10-21,671.8360595703125,784.3386840820312,2242.588134765625,726.72314453125,1527.3809814453125,192.67437744140625,1716.185791015625,1187.777099609375,460.0721435546875,3074.565185546875
2021-10-22,670.3400268554688,786.4207763671875,2250.244384765625,730.3783569335938,1497.8983154296875,186.29653930664062,1703.3553466796875,1189.9964599609375,460.0721435546875,3045.27783203125
2021-10-25,667.0582885742188,775.3081665039062,2251.84912109375,809.6398315429688,1487.2291259765625,183.77687072753906,1695.6573486328125,1178.4017333984375,463.3194580078125,3040.142822265625
2021-10-26,671.9808959960938,773.3196411132812,2248.158935546875,797.8082885742188,1497.0262451171875,186.37525939941406,1707.1568603515625,1205.2371826171875,468.8536682128906,3031.13427734375
2021-10-27,677.9169311523438,768.6640625,2211.025390625,803.1949462890625,1519.21337890625,187.7532196044922,1696.03759765625,1189.9964599609375,474.8910827636719,3037.357421875
2021-10-28,665.7553100585938,745.6433715820312,2204.613525390625,768.277587890625,1497.2022705078125,177.2415313720703,1724.2642822265625,1176.9525146484375,458.6085510253906,2978.085693359375
2021-10-29,661.5083618164062,740.6134643554688,2207.8427734375,771.5000610351562,1465.4376220703125,175.7454833984375,1679.025146484375,1148.7132568359375,459.34033203125,2957.2841796875
2021-11-01,687.7138671875,751.1177978515625,2220.712158203125,773.2796020507812,1493.8194580078125,178.6194610595703,1706.3016357421875,1149.415283203125,471.73516845703125,3025.738037109375
2021-11-02,689.1134033203125,751.7962646484375,2231.598876953125,770.4419555664062,1491.9300537109375,177.63522338867188,1725.594970703125,1132.6571044921875,477.2236328125,3032.52685546875
2021-11-03,674.780029296875,739.95849609375,2224.63330078125,756.0133056640625,1495.97216796875,175.1549530029297,1795.7818603515625,1124.866943359375,482.6663818359375,3039.53369140625
2021-11-04,676.71044921875,745.8071899414062,2235.242919921875,752.3098754882812,1501.4200439453125,178.3832550048828,1814.26708984375,1131.77392578125,485.2276916503906,3053.80712890625
2021-11-08,684.3356323242188,748.7549438476562,2243.592041015625,750.4342651367188,1526.726318359375,180.94227600097656,1829.093505859375,1133.1781005859375,478.64154052734375,3048.672119140625
2021-11-09,688.3894653320312,735.6537475585938,2242.900390625,756.5903930664062,1531.11962890625,180.1155242919922,1847.19873046875,1142.1231689453125,484.03851318359375,3051.239501953125
2021-11-10,709.865478515625,727.699462890625,2214.30029296875,751.1556396484375,1529.054931640625,181.76902770996094,1853.4237060546875,1154.895263671875,479.6934509277344,3032.6142578125
2021-11-11,703.2537231445312,724.4476318359375,2192.205078125,742.0655517578125,1523.0357666015625,181.0997314453125,1835.888671875,1157.00146484375,466.15521240234375,3036.008544921875
2021-11-12,717.635498046875,726.6466064453125,2218.72900390625,747.0194091796875,1564.246337890625,183.38316345214844,1862.737548828125,1174.46142578125,467.7560119628906,3068.9521484375
2021-11-15,711.8923950195312,728.63525390625,2236.99560546875,743.8451538085938,1570.3533935546875,187.47760009765625,1850.4775390625,1167.5318603515625,463.36517333984375,3092.668701171875
2021-11-16,704.8946533203125,724.3071899414062,2220.297119140625,734.9474487304688,1574.8785400390625,185.3910369873047,1858.3182373046875,1140.402099609375,452.8913879394531,3095.3671875
2021-11-17,695.0011596679688,716.2593383789062,2205.99755859375,732.3021240234375,1570.616943359375,188.57992553710938,1856.037109375,1115.98974609375,455.68133544921875,3065.340087890625
2021-11-18,689.4994506835938,720.2832641601562,2213.608642578125,733.84130859375,1563.54345703125,187.00515747070312,1802.9097900390625,1120.201904296875,460.84967041015625,3025.12890625
2021-11-22,716.2841186523438,709.0302734375,2203.5986328125,723.3563842773438,1545.9697265625,181.80841064453125,1772.0218505859375,1070.5848388671875,444.93304443359375,3010.0712890625
2021-11-23,732.4998168945312,709.1239013671875,2208.8115234375,723.2120971679688,1526.19921875,182.3595733642578,1792.7880859375,1080.5941162109375,451.01611328125,3015.1630859375
2021-11-24,732.4998168945312,710.293701171875,2190.867431640625,731.2440795898438,1490.2606201171875,179.2887725830078,1770.12109375,1064.9912109375,451.1075439453125,2996.9287109375
2021-11-25,738.5322875976562,713.989990234375,2167.1572265625,722.4425659179688,1513.458251953125,182.12335205078125,1758.14599609375,1129.1016845703125,448.729248046875,2999.191650390625
2021-11-26,713.0506591796875,697.1223754882812,2154.287353515625,694.6915283203125,1486.4383544921875,176.37539672851562,1689.954833984375,1092.7098388671875,430.3885803222656,3000.01904296875
2021-11-29,713.6297607421875,702.4329223632812,2149.02880859375,691.0362548828125,1490.5682373046875,174.40692138671875,1679.595458984375,1105.799072265625,425.4489440917969,3048.019287109375
2021-11-30,702.9159545898438,698.8301391601562,2138.096435546875,687.1405029296875,1504.890869140625,174.13131713867188,1677.2193603515625,1089.4486083984375,421.2868347167969,3071.649658203125
2021-12-01,697.1246948242188,704.0238037109375,2163.28271484375,699.9819946289062,1506.867919921875,174.72189331054688,1697.415283203125,1117.3485107421875,434.77935791015625,3113.99267578125
2021-12-02,707.0663452148438,713.896484375,2198.75537109375,694.8839111328125,1536.1722412109375,177.5171356201172,1700.4566650390625,1124.52734375,436.33441162109375,3170.654052734375
2021-12-03,693.3603515625,708.1881103515625,2162.17578125,689.0162963867188,1525.0128173828125,174.52503967285156,1711.9090576171875,1090.7396240234375,432.8126220703125,3168.52197265625
2021-12-06,673.3322143554688,703.6261596679688,2127.902099609375,682.5233154296875,1489.6453857421875,171.57232666015625,1694.231689453125,1070.0638427734375,425.6318664550781,3077.95947265625
2021-12-07,674.5386352539062,713.873046875,2141.8330078125,706.6672973632812,1504.01220703125,173.73765563964844,1708.915283203125,1078.7825927734375,436.05999755859375,3119.824462890625
2021-12-08,690.2716674804688,727.0210571289062,2159.361572265625,724.7030639648438,1540.6536865234375,177.1234130859375,1734.5286865234375,1095.20068359375,449.6440124511719,3156.72802734375
2021-12-09,689.1134033203125,714.4111328125,2158.57763671875,726.2421875,1549.5283203125,185.3516387939453,1786.56298828125,1112.5701904296875,446.9912109375,3134.837890625
2021-12-10,685.9764404296875,712.3992309570312,2152.165771484375,729.1278686523438,1545.837890625,185.90281677246094,1780.4803466796875,1113.7025146484375,452.52545166015625,3165.344482421875
2021-12-13,678.6408081054688,707.065185546875,2125.9189453125,725.2803344726562,1533.009033203125,184.7217559814453,1769.170654296875,1091.3736572265625,446.21368408203125,3141.7138671875
2021-12-14,667.5409545898438,702.9944458007812,2138.78857421875,729.753173828125,1539.5992431640625,179.9973907470703,1773.162353515625,1078.012451171875,446.8997497558594,3154.030029296875
2021-12-15,661.6047973632812,701.8480834960938,2141.233154296875,723.596923828125,1523.8265380859375,176.41477966308594,1787.513427734375,1074.8648681640625,443.4694519042969,3107.508544921875
2021-12-16,657.69580078125,701.8948364257812,2130.669677734375,712.919677734375,1556.689697265625,175.50929260253906,1780.9556884765625,1088.7691650390625,440.1306457519531,3117.300048828125
2021-12-17,642.8796997070312,689.23828125,2057.55615234375,700.55908203125,1599.9652099609375,171.61170959472656,1755.4849853515625,1060.0318603515625,427.91876220703125,3119.694091796875
2021-12-20,635.35107421875,667.0598754882812,2093.398193359375,682.9081420898438,1580.6781005859375,167.24166870117188,1710.1033935546875,1031.452880859375,410.9044494628906,3095.802001953125
2021-12-21,643.7966918945312,674.6163330078125,2096.85791015625,692.9119262695312,1591.8375244140625,167.32041931152344,1736.9046630859375,1046.8065185546875,407.977294921875,3140.538818359375
2021-12-22,660.9292602539062,676.2071533203125,2101.285888671875,704.8878173828125,1603.3480224609375,166.92672729492188,1778.199462890625,1071.64892578125,416.987548828125,3160.07861328125
2021-12-23,655.1378784179688,675.6925048828125,2122.505126953125,703.4448852539062,1632.2572021484375,171.0998992919922,1785.2799072265625,1071.2642822265625,422.4302673339844,3187.886962890625
2021-12-24,653.4970703125,673.259521484375,2119.091796875,699.4048461914062,1637.44140625,171.6510772705078,1767.1748046875,1074.6837158203125,417.9937744140625,3195.024658203125
2021-12-27,652.2423706054688,678.8274536132812,2123.197021484375,707.9658813476562,1639.7698974609375,171.29673767089844,1773.6375732421875,1073.5286865234375,418.9999694824219,3216.95703125
2021-12-28,656.3927001953125,683.5064697265625,2130.30126953125,707.7734375,1658.9693603515625,173.26519775390625,1805.285888671875,1086.2783203125,421.8814392089844,3226.052490234375
2021-12-29,653.3040771484375,680.2545776367188,2128.22509765625,707.6773071289062,1656.816650390625,170.66683959960938,1800.866455078125,1088.1353759765625,415.6611633300781,3215.738525390625
2021-12-30,655.717041015625,683.833984375,2145.5234375,707.6773071289062,1663.2310791015625,170.07627868652344,1792.17041015625,1068.4786376953125,413.1912841796875,3249.726318359375
2021-12-31,660.0122680664062,692.2093505859375,2177.39794921875,711.9578857421875,1658.7496337890625,171.69046020507812,1801.864501953125,1072.57763671875,421.19537353515625,3253.730224609375
2022-01-03,667.2513427734375,711.0423583984375,2178.458984375,735.5726928710938,1668.151611328125,172.51719665527344,1827.477783203125,1088.74658203125,430.6629638671875,3322.836669921875
2022-01-04,673.1873779296875,715.2066040039062,2215.315673828125,743.4122314453125,1668.76708984375,173.42269897460938,1841.44873046875,1113.317626953125,442.2802734375,3381.151611328125
2022-01-05,675.6487426757812,732.1913452148438,2228.739013671875,758.0332641601562,1620.8780517578125,173.65892028808594,1851.95068359375,1118.5260009765625,450.4215393066406,3360.437744140625
2022-01-06,685.68701171875,720.4470825195312,2206.22802734375,755.1475830078125,1597.2852783203125,172.20225524902344,1829.0460205078125,1094.47607421875,449.7812194824219,3313.873046875
2022-01-07,680.1851806640625,725.5004272460938,2229.061767578125,763.0352172851562,1594.2098388671875,171.96600341796875,1810.41796875,1103.3079833984375,449.36956787109375,3353.953125
2022-01-10,680.426513671875,729.5242919921875,2220.666748046875,779.86865234375,1626.238037109375,175.82421875,1856.2274169921875,1104.2138671875,460.71240234375,3376.88720703125
2022-01-11,678.978759765625,732.6826782226562,2217.530029296875,779.7724609375,1630.499755859375,174.76124572753906,1863.8780517578125,1112.16259765625,462.81634521484375,3408.26318359375
2022-01-12,704.798095703125,728.3546142578125,2226.293701171875,792.3734130859375,1649.69921875,175.39114379882812,1876.2808837890625,1141.851318359375,466.749755859375,3359.523193359375
2022-01-13,706.3424682617188,714.9491577148438,2227.2626953125,793.2872924804688,1666.7020263671875,176.33604431152344,1918.2884521484375,1148.2828369140625,467.7560119628906,3392.597412109375
2022-01-14,695.5320434570312,722.9737548828125,2180.6728515625,788.7662963867188,1695.3033447265625,175.27305603027344,1943.33154296875,1149.9586181640625,465.0117492675781,3453.739990234375
2022-01-17,703.2537231445312,711.9078979492188,2204.52099609375,788.0929565429688,1704.2218017578125,176.8478546142578,1966.7589111328125,1155.959716796875,470.1800537109375,3498.129150390625
2022-01-18,689.4994506835938,715.5341186523438,2186.02392578125,791.7482299804688,1687.7467041015625,173.81639099121094,1921.89990234375,1142.16845703125,463.5938415527344,3473.2802734375
2022-01-19,679.2200317382812,710.4807739257812,2131.038818359375,777.8004760742188,1640.560791015625,173.5014190673828,1920.6646728515625,1142.077880859375,471.8266296386719,3413.16259765625
2022-01-20,690.5131225585938,706.0592041015625,2086.663818359375,779.3876342773438,1602.4696044921875,172.24160766601562,1904.1275634765625,1122.0814208984375,467.8017272949219,3336.348388671875
2022-01-21,671.0639038085938,711.9546508789062,2145.338623046875,773.856689453125,1569.0791015625,170.90304565429688,1859.03125,1122.2625732421875,459.84344482421875,3342.408447265625
2022-01-24,665.900146484375,695.6017456054688,2107.697998046875,768.0372314453125,1526.111328125,166.7692413330078,1805.666015625,1076.9935302734375,452.0223388671875,3288.22021484375
2022-01-25,687.08642578125,696.2567138671875,2147.0458984375,771.1152954101562,1513.238525390625,168.73770141601562,1829.80615234375,1074.887451171875,470.7746887207031,3286.955810546875
2022-01-27,682.6466064453125,690.1271362304688,2117.615966796875,764.3818359375,1474.9713134765625,168.9739227294922,1816.072998046875,1058.96728515625,483.8555908203125,3181.761962890625
2022-01-28,690.8990478515625,684.6527709960938,2106.729248046875,751.3961181640625,1481.6495361328125,171.3361053466797,1803.4326171875,1057.9482421875,478.8244323730469,3217.3349609375
2022-01-31,703.9293823242188,695.1571655273438,2097.688232421875,758.754638671875,1525.583984375,173.38331604003906,1814.5048828125,1080.9339599609375,492.408447265625,3257.61669921875
2022-02-01,697.8967895507812,700.4443969726562,2127.117919921875,779.435791015625,1557.0850830078125,179.32810974121094,1891.7723388671875,1077.3558349609375,486.919921875,3313.7666015625
2022-02-02,699.8272705078125,716.446533203125,2147.64501953125,782.75439453125,1570.309326171875,182.79263305664062,1884.3592529296875,1079.5523681640625,493.7805480957031,3362.200439453125
2022-02-03,696.5455932617188,709.0302734375,2120.198486328125,778.13720703125,1527.649169921875,184.60362243652344,1837.7420654296875,1065.6025390625,494.05499267578125,3334.6484375
2022-02-04,695.14599609375,713.0776977539062,2127.994140625,774.3856811523438,1529.8896484375,184.48553466796875,1851.332763671875,1055.8875732421875,485.0904541015625,3326.1904296875
2022-02-07,681.922607421875,686.945556640625,2082.78857421875,756.4461669921875,1506.955810546875,181.25721740722656,1791.0299072265625,1049.4561767578125,487.7889404296875,3294.890380859375
2022-02-08,684.2391357421875,683.997802734375,2089.01611328125,762.313720703125,1508.9766845703125,182.08399963378906,1782.5711669921875,1067.09716796875,486.0509033203125,3263.893798828125
2022-02-09,694.3255615234375,700.72509765625,2101.285888671875,772.2214965820312,1526.5506591796875,181.2178497314453,1795.11669921875,1079.5299072265625,489.61846923828125,3278.803955078125
2022-02-10,698.862060546875,713.59228515625,2106.360107421875,774.818603515625,1554.932373046875,182.8713836669922,1806.71142578125,1078.4202880859375,494.4665832519531,3287.34814453125
2022-02-11,690.2716674804688,710.66796875,2083.157470703125,760.678466796875,1512.5355224609375,183.02886962890625,1778.43701171875,1076.3140869140625,484.4501037597656,3221.607421875
2022-02-14,665.70703125,689.5423583984375,2055.98828125,724.9916381835938,1478.134521484375,176.94302368164062,1709.7706298828125,1059.1712646484375,458.6542663574219,3255.436767578125
2022-02-15,686.7969360351562,710.1767578125,2112.772216796875,746.4903564453125,1527.385498046875,179.805419921875,1782.9991455078125,1095.1328125,480.05926513671875,3328.7197265625
2022-02-16,696.6903076171875,709.2174682617188,2109.450927734375,734.9474487304688,1523.0357666015625,179.60382080078125,1768.410400390625,1092.868408203125,472.64990234375,3324.621826171875
2022-02-17,692.0572509765625,704.889404296875,2128.870849609375,721.769287109375,1515.5670166015625,179.52320861816406,1776.013427734375,1106.704833984375,469.2196044921875,3299.424072265625
2022-02-18,687.7621459960938,707.6265258789062,2133.48388671875,720.3745727539062,1499.88232421875,178.91847229003906,1789.6993408203125,1098.0543212890625,471.3692321777344,3307.88134765625
2022-02-21,685.2525634765625,712.1885375976562,2117.10791015625,725.7131958007812,1520.7510986328125,175.77389526367188,1771.4990234375,1086.957763671875,468.21337890625,3242.92529296875
2022-02-22,674.9248046875,706.8545532226562,2094.18212890625,722.68310546875,1523.9583740234375,173.2340545654297,1752.96630859375,1082.0208740234375,455.9100341796875,3126.962890625
2022-02-23,679.8956298828125,702.2692260742188,2085.371826171875,716.2382202148438,1531.4273681640625,174.12100219726562,1730.01416015625,1075.249755859375,456.1844787597656,3107.258544921875
2022-02-24,647.56103515625,664.1354370117188,2003.2630615234375,680.4552612304688,1474.5760498046875,168.11402893066406,1670.1864013671875,1021.6694946289062,432.35528564453125,2965.88037109375
2022-02-25,664.6935424804688,681.3072509765625,2002.6171875,702.2424926757812,1489.0303955078125,172.50836181640625,1688.909423828125,1034.4420166015625,441.77716064453125,3069.72314453125
2022-02-28,662.6183471679688,667.3405151367188,2003.909423828125,714.4107666015625,1507.4830322265625,174.0403594970703,1726.6402587890625,1068.6824951171875,442.005859375,3098.888427734375
2022-03-02,650.7944946289062,643.0098266601562,1982.6903076171875,687.6213989257812,1496.23583984375,173.5968780517578,1695.98974609375,1086.3463134765625,433.8188781738281,3091.86962890625
2022-03-03,648.6709594726562,641.4891967773438,1929.0888671875,671.701904296875,1512.0960693359375,176.90272521972656,1665.386962890625,1077.1746826171875,427.5528259277344,3090.343505859375
2022-03-04,630.9593505859375,639.3836059570312,1863.125244140625,661.84228515625,1514.248779296875,181.82115173339844,1626.84814453125,1053.283203125,422.5674743652344,3072.86279296875
2022-03-07,651.904541015625,619.8722534179688,1793.4251708984375,628.8487548828125,1528.7911376953125,181.37770080566406,1553.3822021484375,1014.3323974609375,402.7632141113281,3038.465576171875
2022-03-08,659.2400512695312,621.27587890625,1798.0841064453125,639.6702270507812,1562.4891357421875,182.94998168945312,1576.2393798828125,1012.4979858398438,402.7632141113281,3138.77734375
2022-03-09,667.4443969726562,641.559326171875,1843.197998046875,642.0269775390625,1593.3751220703125,184.84481811523438,1607.079833984375,1066.214111328125,413.1912841796875,3167.2451171875
2022-03-10,673.4769897460938,651.642578125,1939.19091796875,650.828369140625,1604.4027099609375,187.06211853027344,1642.4822998046875,1083.4927978515625,428.7420349121094,3157.087158203125
2022-03-11,670.6778564453125,653.5609130859375,1932.2254638671875,652.0789184570312,1600.9757080078125,190.5695343017578,1642.9100341796875,1086.6180419921875,430.2513732910156,3138.07958984375
2022-03-14,676.0347900390625,674.9673461914062,1899.843505859375,669.6336669921875,1661.341796875,192.70623779296875,1660.1121826171875,1095.5404052734375,443.78961181640625,3176.312255859375
2022-03-15,678.6408081054688,666.287841796875,1880.3770751953125,670.7880249023438,1616.1771240234375,191.7790069580078,1656.9759521484375,1070.4488525390625,444.429931640625,3133.502197265625
2022-03-16,687.2312622070312,677.5875854492188,1911.6983642578125,681.032470703125,1660.1995849609375,195.60894775390625,1669.0933837890625,1088.520263671875,450.7416687011719,3187.5595703125
2022-03-17,697.7521362304688,692.5134887695312,1939.283203125,692.6714477539062,1629.62109375,197.4634246826172,1699.22119140625,1124.0064697265625,459.11163330078125,3202.251220703125
2022-03-21,683.5634765625,695.531494140625,1892.3704833984375,683.6776733398438,1628.25927734375,197.14089965820312,1669.1885986328125,1117.5296630859375,448.77496337890625,3162.100830078125
2022-03-22,694.2290649414062,699.1109008789062,1839.138427734375,690.8439331054688,1658.442138671875,201.37400817871094,1686.05810546875,1146.4031982421875,451.6106872558594,3226.839111328125
2022-03-23,680.426513671875,692.13916015625,1825.3460693359375,690.9400024414062,1645.2618408203125,203.18817138671875,1679.595458984375,1150.0491943359375,448.8207092285156,3236.82177734375
2022-03-24,681.7777709960938,675.0140380859375,1813.67578125,677.3771362304688,1657.8271484375,205.48614501953125,1683.6822509765625,1167.916748046875,445.5733947753906,3269.474365234375
2022-03-25,684.6734619140625,669.5162353515625,1801.7745361328125,672.61572265625,1648.908447265625,204.27667236328125,1664.2462158203125,1175.70703125,448.866455078125,3232.506103515625
2022-03-28,707.5490112304688,670.4053344726562,1822.1632080078125,683.2928466796875,1646.579833984375,207.260009765625,1655.217529296875,1187.5283203125,455.08673095703125,3232.723876953125
2022-03-29,728.6871337890625,679.2954711914062,1833.1881103515625,688.0543212890625,1657.2117919921875,205.28456115722656,1660.0172119140625,1187.7999267578125,452.79986572265625,3230.675537109375
2022-03-30,723.4266967773438,691.06298828125,1859.80419921875,703.0601806640625,1672.9844970703125,200.93051147460938,1685.6304931640625,1210.6270751953125,452.1595458984375,3253.51904296875
2022-03-31,728.6871337890625,687.9749145507812,1890.0181884765625,702.4829711914062,1675.53271484375,202.0996551513672,1679.9755859375,1193.3253173828125,451.4734802246094,3260.8427734375
2022-04-01,732.1136474609375,704.6554565429688,1917.23388671875,708.2063598632812,1672.6331787109375,204.2363739013672,1701.31201171875,1202.8822021484375,464.8745422363281,3277.234375
2022-04-04,741.090087890625,775.214599609375,1963.6387939453125,718.162109375,1654.5318603515625,205.96994018554688,1735.7640380859375,1206.4375,468.716552734375,3287.34814453125
2022-04-05,739.931884765625,752.4981689453125,1974.1099853515625,713.544921875,1635.33251953125,209.19512939453125,1744.9830322265625,1189.3851318359375,465.97222900390625,3326.103759765625
2022-04-06,748.6669921875,725.6407470703125,1976.1859130859375,713.3525390625,1606.994873046875,209.31605529785156,1760.90234375,1186.214599609375,470.13433837890625,3274.269775390625
2022-04-07,735.8779907226562,709.6854248046875,1997.1741943359375,720.037841796875,1591.310302734375,206.93748474121094,1735.7166748046875,1165.2899169921875,471.0491027832031,3212.19091796875
2022-04-08,735.5883178710938,708.7027587890625,2014.0111083984375,725.5687866210938,1594.4735107421875,215.9277801513672,1739.9459228515625,1184.6746826171875,472.1010437011719,3213.49853515625
2022-04-11,731.6792602539062,700.0466918945312,1995.559814453125,730.6669311523438,1552.2523193359375,215.68588256835938,1693.1385498046875,1182.2064208984375,471.00335693359375,3222.87158203125
2022-04-12,715.8497924804688,698.8067626953125,1967.144775390625,734.7550048828125,1531.07568359375,213.5088348388672,1661.0150146484375,1159.9454345703125,469.1280822753906,3218.25048828125
2022-04-13,714.8846435546875,685.4481811523438,1985.503662109375,733.2160034179688,1536.4356689453125,217.3387908935547,1673.4654541015625,1155.68798828125,473.5646667480469,3192.8349609375
2022-04-18,704.1224365234375,652.92919921875,2009.0294189453125,728.9354248046875,1424.7103271484375,217.78224182128906,1652.1287841796875,1152.1552734375,466.063720703125,3076.08837890625
2022-04-19,698.3311767578125,628.0136108398438,1949.4315185546875,737.1116943359375,1372.5157470703125,210.88833618164062,1621.145751953125,1196.0655517578125,468.1676330566406,3027.13134765625
2022-04-20,713.6297607421875,633.67529296875,1997.3125,726.771240234375,1395.0982666015625,209.2757568359375,1607.6976318359375,1231.234619140625,465.8807678222656,3101.1552734375
2022-04-21,710.155029296875,643.0565795898438,2027.7576904296875,733.3121948242188,1422.4256591796875,209.9611053466797,1629.4617919921875,1260.0628662109375,472.28399658203125,3163.800537109375
2022-04-22,713.0506591796875,634.2835693359375,1962.2554931640625,719.1721801757812,1393.121337890625,210.5255126953125,1610.3111572265625,1249.5098876953125,457.9224548339844,3149.762939453125
2022-04-25,713.6297607421875,639.03271484375,1938.0841064453125,723.548828125,1371.72509765625,205.80865478515625,1575.146484375,1220.6138916015625,452.5711975097656,3093.65673828125
2022-04-26,729.990234375,641.98046875,1981.9984130859375,725.0397338867188,1389.2110595703125,208.7919921875,1615.633544921875,1257.1416015625,462.4047546386719,3092.000244140625
2022-04-27,726.3223876953125,642.2144775390625,1978.99951171875,708.6392211914062,1364.4320068359375,207.62283325195312,1593.8692626953125,1258.364501953125,454.8580322265625,3104.9921875
2022-04-28,721.3515014648438,641.6529541015625,2068.25830078125,718.691162109375,1390.6170654296875,210.5255126953125,1633.9761962890625,1277.1605224609375,464.2342224121094,3125.132080078125
2022-04-29,713.2920532226562,647.8525390625,2061.800048828125,714.9877319335938,1377.392578125,209.2757568359375,1610.3111572265625,1263.75439453125,453.989013671875,3092.348876953125
2022-05-02,715.5601806640625,656.7894287109375,2057.786865234375,712.775390625,1354.0635986328125,212.17843627929688,1596.150146484375,1259.3155517578125,449.1408996582031,3088.599609375
2022-05-04,697.2694702148438,634.4706420898438,2003.401611328125,696.6633911132812,1349.2747802734375,209.43701171875,1552.906982421875,1220.0023193359375,438.75848388671875,3033.9755859375
2022-05-05,693.939453125,633.0435791015625,1998.8353271484375,701.0401000976562,1392.8575439453125,211.29151916503906,1556.42333984375,1196.11083984375,439.07867431640625,3063.314697265625
2022-05-06,685.5421142578125,616.5033569335938,1982.781982421875,691.8538208007812,1355.68896484375,215.00050354003906,1541.977294921875,1186.9393310546875,442.6919250488281,2992.86572265625
2022-05-09,686.7486572265625,617.55615234375,1952.752685546875,683.2928466796875,1379.85302734375,212.0172119140625,1535.9898681640625,1140.583251953125,435.32818603515625,3003.764892578125
2022-05-10,694.615234375,627.4756469726562,2011.5662841796875,684.2067260742188,1364.6077880859375,209.43701171875,1528.196533203125,1120.8133544921875,434.68792724609375,2998.22802734375
2022-05-11,697.7037963867188,631.0082397460938,1995.97509765625,686.9962158203125,1341.5419921875,206.13119506835938,1492.8892822265625,1109.3316650390625,435.9227600097656,2974.904541015625
2022-05-12,680.8609008789062,616.784423828125,1973.1878662109375,669.2970581054688,1325.76953125,203.91384887695312,1450.453857421875,1086.731201171875,423.2077941894531,2971.983642578125
2022-05-13,665.900146484375,611.246337890625,2024.2059326171875,651.5498046875,1321.9033203125,208.50978088378906,1458.3896484375,1099.050537109375,406.7423400878906,2977.433349609375
2022-05-16,669.0852661132812,617.7546997070312,2045.5626220703125,656.984619140625,1308.459228515625,204.88140869140625,1466.3729248046875,1099.322509765625,416.2099914550781,2944.214111328125
2022-05-17,682.4534912109375,621.9674682617188,2071.1640625,682.9561767578125,1334.2490234375,213.42820739746094,1524.5374755859375,1145.4974365234375,427.46136474609375,3009.432373046875
2022-05-18,671.9326782226562,621.9201049804688,2113.971435546875,680.4071655273438,1326.1212158203125,215.12144470214844,1494.5048828125,1149.6641845703125,418.9542236328125,3006.99072265625
2022-05-19,650.7944946289062,609.2109985351562,2089.20068359375,664.0065307617188,1254.0245361328125,222.25723266601562,1471.1724853515625,1123.16845703125,409.3493957519531,2844.076904296875
2022-05-20,663.9696044921875,625.2571411132812,2145.84619140625,682.5233154296875,1278.6278076171875,225.7646484375,1530.239990234375,1188.660400390625,422.9791259765625,2871.1494140625
2022-05-23,661.990966796875,617.234130859375,2195.526123046875,683.9662475585938,1290.2705078125,221.32998657226562,1562.6011962890625,1180.711669921875,421.60699462890625,2896.216064453125
2022-05-24,654.6070556640625,624.3104248046875,2130.80810546875,681.1766967773438,1266.1942138671875,218.38697814941406,1545.6363525390625,1184.765380859375,422.658935546875,2866.790283203125
2022-05-25,664.2592163085938,628.972900390625,2120.7060546875,686.1785888671875,1239.350341796875,219.8786163330078,1496.643310546875,1183.021728515625,421.8692932128906,2780.461181640625
2022-05-26,669.5196533203125,646.9124145507812,2103.638916015625,700.75146484375,1251.21240234375,220.28395080566406,1486.94921875,1171.7440185546875,435.61883544921875,2832.5126953125
2022-05-27,660.5913696289062,658.9115600585938,2150.13623046875,711.6211547851562,1284.07568359375,222.34884643554688,1520.9261474609375,1166.308837890625,435.665283203125,2862.664306640625
2022-05-30,674.7317504882812,663.4082641601562,2167.065185546875,719.98974609375,1341.5859375,222.22494506835938,1578.4727783203125,1206.9356689453125,440.9142761230469,2962.685546875
2022-05-31,675.8418579101562,657.4441528320312,2171.0322265625,724.1740112304688,1335.1925048828125,223.5465087890625,1572.437744140625,1192.3743896484375,434.8756408691406,2953.11865234375
2022-06-01,670.4849243164062,660.2368774414062,2129.701171875,723.981689453125,1312.9481201171875,224.53765869140625,1566.2601318359375,1192.7593994140625,435.0614013671875,2945.086181640625
2022-06-02,671.7396850585938,655.6218872070312,2107.882568359375,721.192138671875,1339.099609375,225.90048217773438,1555.9483642578125,1233.88427734375,436.5013732910156,3004.599609375
2022-06-03,662.6183471679688,653.3497924804688,2114.47900390625,715.94970703125,1351.26513671875,225.23968505859375,1570.109375,1258.88525390625,431.5311279296875,3019.65283203125
2022-06-06,659.1918334960938,652.4740600585938,2103.91552734375,718.306396484375,1358.6800537109375,226.9742431640625,1558.846923828125,1253.4730224609375,430.78790283203125,3011.57763671875
2022-06-07,661.4601440429688,644.9716796875,2040.3507080078125,707.244384765625,1337.9451904296875,226.2308807373047,1510.6141357421875,1255.8282470703125,430.50921630859375,2951.669677734375
2022-06-08,640.2254028320312,647.2437744140625,2026.92724609375,701.7135009765625,1331.99560546875,221.27508544921875,1505.957275390625,1233.7711181640625,437.8484802246094,2988.053466796875
2022-06-09,652.8213500976562,652.1190795898438,2027.52685546875,704.8396606445312,1345.3155517578125,223.711669921875,1515.9840087890625,1267.60400390625,433.8072509765625,3008.19873046875
2022-06-10,649.9258422851562,639.5283203125,2029.556396484375,692.5753173828125,1311.39404296875,223.13352966308594,1506.4798583984375,1229.33251953125,429.0692443847656,2949.21240234375
2022-06-13,647.9472045898438,627.9315185546875,2026.7886962890625,661.7941284179688,1264.951904296875,218.5906982421875,1456.0611572265625,1206.0750732421875,414.2048645019531,2826.0615234375
2022-06-14,658.3231811523438,621.020751953125,2002.8944091796875,659.389404296875,1279.2041015625,219.25148010253906,1468.0362548828125,1190.3135986328125,416.2951354980469,2818.117919921875
2022-06-15,658.3713989257812,618.8670654296875,1997.822021484375,661.07275390625,1262.909423828125,217.55825805664062,1482.9573974609375,1175.910888671875,419.3144836425781,2814.387939453125
2022-06-16,631.4420166015625,606.4892578125,1997.9613037109375,652.6560668945312,1240.7095947265625,215.32815551757812,1451.6419677734375,1159.4698486328125,410.2565002441406,2757.94677734375
2022-06-17,621.2590942382812,610.4889526367188,1964.2232666015625,660.6879272460938,1231.91845703125,217.4756622314453,1416.0491943359375,1173.0574951171875,409.6990966796875,2711.3369140625
2022-06-20,618.6046752929688,625.8251953125,2043.75244140625,659.822265625,1255.7611083984375,218.13644409179688,1398.799560546875,1151.79296875,403.84625244140625,2731.96435546875
2022-06-21,631.5385131835938,632.6412963867188,2052.221923828125,669.5856323242188,1287.5072021484375,222.927001953125,1425.885986328125,1170.3851318359375,418.757080078125,2819.3466796875
2022-06-22,620.48681640625,629.6591796875,2050.22119140625,660.447509765625,1276.2738037109375,219.1276092529297,1405.40478515625,1134.8310546875,415.8771057128906,2829.002197265625
2022-06-23,637.2333374023438,631.9785766601562,2096.52392578125,672.5194702148438,1289.771240234375,219.29278564453125,1420.18359375,1116.4200439453125,419.3609313964844,2904.35888671875
2022-06-24,647.8505859375,640.806396484375,2144.26953125,686.2747802734375,1279.6927490234375,219.5818634033203,1420.706298828125,1132.3175048828125,422.0086669921875,2890.577392578125
2022-06-27,660.1570434570312,641.9660034179688,2159.858642578125,690.0261840820312,1309.4404296875,222.9683074951172,1459.625244140625,1128.9658203125,428.46539306640625,2909.536865234375
2022-06-28,657.4544067382812,637.0669555664062,2157.066650390625,683.2447509765625,1314.369140625,224.53765869140625,1474.5465087890625,1144.840576171875,431.2988586425781,2912.565185546875
2022-06-29,663.8731689453125,636.1438598632812,2078.700927734375,675.9823608398438,1299.3616943359375,226.35476684570312,1471.125,1168.59619140625,426.514404296875,2888.294921875
2022-06-30,661.1222534179688,638.0609741210938,2076.04833984375,680.2628784179688,1298.1629638671875,225.90048217773438,1480.9617919921875,1175.6165771484375,432.8317565917969,2867.755615234375
2022-07-01,650.0223999023438,640.7826538085938,2124.212646484375,677.088623046875,1313.702880859375,234.86216735839844,1494.1722412109375,1090.943359375,433.7143249511719,2909.888427734375
2022-07-04,658.1784057617188,641.6820678710938,2210.629638671875,692.6714477539062,1321.3397216796875,241.09817504882812,1503.248779296875,1093.2080078125,439.84588623046875,2839.623046875
2022-07-05,660.6396484375,640.23828125,2235.107177734375,692.0462036132812,1310.639404296875,236.96835327148438,1487.2818603515625,1102.0625,438.6381530761719,2823.165283203125
2022-07-06,669.8091430664062,649.0661010742188,2325.29345703125,698.2986450195312,1324.580810546875,238.95065307617188,1478.9658203125,1092.3701171875,445.884521484375,2862.181640625
2022-07-07,662.9078979492188,660.6865844726562,2301.6064453125,713.7373046875,1330.8414306640625,241.13946533203125,1531.1903076171875,1081.61328125,452.201904296875,2885.96875
2022-07-08,670.9674682617188,661.3018798828125,2323.8505859375,726.9154663085938,1344.8271484375,242.0480499267578,1603.75341796875,1083.10791015625,453.8741149902344,2866.30712890625
2022-07-11,637.5711059570312,665.585693359375,2318.033935546875,740.1898803710938,1308.153076171875,243.6586456298828,1580.51611328125,1097.827880859375,453.5489807128906,2733.193359375
2022-07-12,639.935791015625,658.793212890625,2279.827880859375,730.95556640625,1277.4725341796875,241.7589111328125,1571.7249755859375,1096.2650146484375,450.5296936035156,2707.650390625
2022-07-13,621.1141967773438,642.7233276367188,2324.688232421875,724.5106811523438,1282.667236328125,242.87399291992188,1565.5472412109375,1076.8349609375,451.9696350097656,2667.3173828125
2022-07-14,619.32861328125,639.504638671875,2324.735107421875,723.7412109375,1268.8148193359375,240.23095703125,1564.501953125,1085.7122802734375,445.3271484375,2639.15478515625
2022-07-15,629.1254272460938,644.7113647460938,2390.5361328125,722.5869140625,1270.146728515625,242.46099853515625,1601.2823486328125,1087.8182373046875,445.0948791503906,2635.502197265625
2022-07-18,639.9840698242188,637.8479614257812,2376.5751953125,742.5946655273438,1323.02685546875,243.90643310546875,1641.9595947265625,1097.08056640625,455.4999084472656,2696.139892578125
2022-07-19,649.4915161132812,638.0846557617188,2390.02392578125,750.9152221679688,1317.9210205078125,243.32826232910156,1644.0030517578125,1103.806396484375,462.60693359375,2705.600830078125
2022-07-20,647.3197631835938,646.1314086914062,2424.042236328125,753.2718505859375,1345.5821533203125,246.3017578125,1653.6494140625,1133.6534423828125,472.50103759765625,2785.29248046875
2022-07-21,654.7518310546875,644.0960083007812,2426.787841796875,756.0614013671875,1361.2108154296875,247.416748046875,1699.0830078125,1126.0897216796875,475.7061767578125,2796.293212890625
2022-07-22,655.2344360351562,659.12451171875,2457.640625,769.576171875,1337.590087890625,248.2427520751953,1701.5855712890625,1133.698974609375,477.2390441894531,2790.748779296875
2022-07-25,654.8001098632812,661.065185546875,2441.81884765625,770.3938598632812,1335.1925048828125,248.69699096679688,1715.7353515625,1096.242431640625,481.04803466796875,2787.008544921875
2022-07-26,660.3018798828125,659.7162475585938,2370.619140625,765.9690551757812,1288.6170654296875,249.81207275390625,1685.7032470703125,1096.74072265625,477.7035827636719,2742.256103515625
2022-07-27,651.421875,664.75732421875,2403.054443359375,770.0090942382812,1306.2882080078125,251.21621704101562,1729.4039306640625,1095.6990966796875,490.7098388671875,2806.458251953125
2022-07-28,643.6519165039062,670.6503295898438,2438.561279296875,783.572021484375,1347.4468994140625,250.63800048828125,1733.8316650390625,1112.8646240234375,494.65826416015625,2869.5166015625
2022-07-29,654.3657836914062,678.86279296875,2454.662353515625,787.4196166992188,1376.12890625,250.30764770507812,1740.377197265625,1136.57470703125,490.8492126464844,2905.95263671875
2022-08-01,673.2711181640625,684.5191650390625,2413.3388671875,792.0369262695312,1377.3280029296875,253.9832000732422,1746.7781982421875,1166.1956787109375,495.8659362792969,2903.223876953125
2022-08-02,665.8543701171875,676.9931030273438,2452.66162109375,786.60205078125,1370.712158203125,256.0067443847656,1725.9385986328125,1170.6343994140625,503.6233215332031,2897.063232421875
2022-08-03,672.0108032226562,678.5787353515625,2444.3779296875,793.3834838867188,1390.6923828125,254.52001953125,1722.810302734375,1180.4625244140625,502.4620056152344,2939.04345703125
2022-08-04,673.1256713867188,677.774169921875,2445.866943359375,789.0067749023438,1420.70654296875,255.6350860595703,1713.4732666015625,1164.859619140625,495.4014587402344,2952.640625
2022-08-05,682.1905517578125,675.4784545898438,2462.10791015625,806.2730712890625,1435.5804443359375,256.7501220703125,1720.548095703125,1147.6939697265625,493.3575744628906,2961.52978515625
2022-08-08,682.869140625,692.0452880859375,2466.715087890625,809.9019165039062,1438.0225830078125,258.6498107910156,1761.168701171875,1162.708251953125,483.4635314941406,2969.802001953125
2022-08-10,693.436767578125,694.0569458007812,2459.688232421875,821.3204956054688,1422.9710693359375,257.03924560546875,1785.7142333984375,1169.66064453125,478.1680603027344,2952.024658203125
2022-08-11,688.1528930664062,703.23974609375,2432.604248046875,831.9166870117188,1438.510986328125,252.95068359375,1797.26513671875,1173.5556640625,487.5047607421875,3012.090576171875
2022-08-12,688.0560302734375,702.9794311523438,2415.153076171875,846.1416625976562,1415.55615234375,254.85040283203125,1777.33984375,1192.53271484375,493.032470703125,2993.65283203125
2022-08-16,682.6268310546875,711.0262451171875,2461.2705078125,850.8348388671875,1417.64306640625,256.5023498535156,1779.6982421875,1200.8211669921875,488.6195983886719,2985.86376953125
2022-08-17,700.9019165039062,714.6945190429688,2498.638427734375,854.70556640625,1426.345458984375,258.1542663574219,1786.24365234375,1207.09423828125,490.6634216308594,2993.256591796875
2022-08-18,710.8392944335938,715.5465698242188,2496.218994140625,856.4957885742188,1405.655029296875,260.7147216796875,1823.6396484375,1209.2833251953125,494.5653076171875,2975.786376953125
2022-08-19,709.9667358398438,706.71875,2452.010009765625,842.2708740234375,1418.220458984375,257.70001220703125,1863.58642578125,1187.7220458984375,483.4170227050781,2979.74658203125
2022-08-22,705.4100952148438,695.9740600585938,2444.70361328125,824.7073974609375,1399.1728515625,259.6822814941406,1810.2598876953125,1184.427734375,475.0093994140625,2952.288330078125
2022-08-23,715.1051025390625,693.8203735351562,2413.10595703125,835.9810180664062,1369.6468505859375,260.9212951660156,1806.794677734375,1202.6944580078125,484.8570556640625,2890.726806640625
2022-08-24,716.2200317382812,697.1572875976562,2408.918212890625,845.0771484375,1365.2955322265625,259.43450927734375,1822.4844970703125,1199.490966796875,482.4415588378906,2864.984130859375
2022-08-25,718.4014282226562,693.3706665039062,2395.84130859375,844.1578369140625,1348.1126708984375,257.9891357421875,1807.6129150390625,1195.9920654296875,483.4635314941406,2832.28857421875
2022-08-26,708.5609741210938,693.4888916015625,2393.375,842.706298828125,1351.13232421875,258.4433288574219,1834.08349609375,1189.6077880859375,486.6221618652344,2835.809326171875
2022-08-29,698.6234741210938,681.3240966796875,2397.33056640625,828.1910400390625,1298.02978515625,258.9802551269531,1811.078125,1180.3609619140625,478.3074035644531,2756.90966796875
2022-08-30,704.4406127929688,703.4290771484375,2475.556640625,858.6246948242188,1325.735107421875,264.7206726074219,1850.5433349609375,1198.673095703125,493.5434265136719,2826.084716796875
2022-09-01,712.6328735351562,696.8259887695312,2425.438232421875,846.0932006835938,1300.2054443359375,262.32537841796875,1841.350830078125,1163.4346923828125,495.44793701171875,2756.16162109375
2022-09-02,712.58447265625,703.1451416015625,2423.204345703125,844.2063598632812,1290.259765625,266.9094543457031,1867.86962890625,1149.84814453125,498.6065979003906,2755.017333984375
2022-09-05,717.81982421875,707.66552734375,2420.411865234375,853.9315185546875,1297.6302490234375,271.617431640625,1894.6773681640625,1167.7060546875,500.65045166015625,2757.657958984375
2022-09-06,738.0338134765625,704.9674682617188,2394.8173828125,855.0926513671875,1292.1246337890625,270.21331787109375,1888.853759765625,1179.9974365234375,499.62847900390625,2752.069580078125
2022-09-07,730.13232421875,701.6304321289062,2386.90673828125,847.8834838867188,1294.388916015625,269.3460388183594,1884.8109130859375,1173.135986328125,495.0298767089844,2771.9150390625
2022-09-08,746.3230590820312,708.8724975585938,2398.587158203125,869.7530517578125,1310.594970703125,272.4847106933594,1900.5008544921875,1174.7945556640625,505.99237060546875,2789.56005859375
2022-09-09,742.3966064453125,709.3457641601562,2409.336669921875,872.1238403320312,1342.3409423828125,272.9803161621094,1876.7735595703125,1167.478759765625,514.0747680664062,2831.8046875
2022-09-12,745.6929321289062,706.9554443359375,2401.611572265625,877.881591796875,1364.14111328125,273.3106994628906,1888.4688720703125,1180.542724609375,515.5148315429688,2854.071044921875
2022-09-13,760.3323974609375,716.209228515625,2407.38232421875,880.5911865234375,1371.9111328125,276.2015686035156,1916.8165283203125,1190.4029541015625,518.394775390625,2842.102294921875
2022-09-14,759.4598388671875,723.5697021484375,2393.235107421875,888.4293212890625,1310.1510009765625,276.9862365722656,1880.7681884765625,1176.135009765625,531.1688842773438,2746.216064453125
2022-09-15,761.156494140625,719.8065185546875,2382.997314453125,887.9454345703125,1272.3223876953125,275.9537353515625,1884.2335205078125,1164.479736328125,531.5404663085938,2732.091552734375
2022-09-16,755.872802734375,706.5768432617188,2352.98193359375,879.7200927734375,1222.8165283203125,273.64105224609375,1848.1370849609375,1135.625732421875,521.925048828125,2647.91162109375
2022-09-19,758.878173828125,711.2391967773438,2400.54150390625,870.14013671875,1234.5823974609375,277.19268798828125,1839.1851806640625,1137.1024169921875,531.6334228515625,2665.60107421875
2022-09-20,767.9915161132812,719.8065185546875,2404.54345703125,887.1229858398438,1233.0284423828125,277.5230712890625,1860.361572265625,1137.2841796875,533.3056030273438,2675.722412109375
2022-09-21,756.4059448242188,718.6942138671875,2441.81884765625,885.6714477539062,1222.994140625,281.6115417480469,1824.698486328125,1140.419677734375,529.2642822265625,2641.310791015625
2022-09-22,760.18701171875,703.3817138671875,2506.177490234375,874.2044677734375,1214.735595703125,284.998046875,1817.5272216796875,1129.673095703125,527.03466796875,2646.767333984375
2022-09-23,747.8258056640625,684.5191650390625,2496.218994140625,853.7379150390625,1212.515625,286.1130676269531,1787.3507080078125,1108.498291015625,511.5199279785156,2624.456787109375
2022-09-26,732.0228881835938,675.2890625,2476.2080078125,833.2230224609375,1225.657958984375,274.7148132324219,1782.1527099609375,1080.257568359375,504.7381286621094,2635.325927734375
2022-09-27,737.4036254882812,669.2302856445312,2493.613037109375,824.9977416992188,1237.468505859375,276.5732116699219,1772.286376953125,1088.8455810546875,498.4208068847656,2655.61181640625
2022-09-28,738.2277221679688,657.7282104492188,2514.87939453125,822.0462646484375,1238.489501953125,268.3962097167969,1766.751708984375,1059.855224609375,487.59765625,2671.62939453125
2022-09-29,741.3302001953125,654.3201293945312,2513.43701171875,816.6273193359375,1241.997314453125,275.08648681640625,1747.54833984375,1056.606201171875,484.7176818847656,2637.87841796875
2022-09-30,775.505126953125,672.7803955078125,2509.621337890625,834.142333984375,1255.139404296875,274.3844299316406,1778.5430908203125,1080.4393310546875,492.93951416015625,2644.259033203125
2022-10-03,778.8499145507812,668.9226684570312,2440.794921875,820.9334716796875,1237.64599609375,267.9419250488281,1751.2061767578125,1076.690673828125,482.8596496582031,2627.009033203125
2022-10-04,784.0367431640625,687.7615966796875,2483.095458984375,839.6097412109375,1269.3031005859375,274.92132568359375,1801.50048828125,1096.547607421875,494.8904724121094,2720.47412109375
2022-10-06,764.5496826171875,680.1881103515625,2432.88330078125,856.83447265625,1292.1690673828125,278.0599365234375,1841.350830078125,1100.5916748046875,499.16400146484375,2729.978759765625
2022-10-07,768.9124755859375,677.25341796875,2419.574462890625,854.0281372070312,1288.661376953125,275.9537353515625,1852.5167236328125,1105.249267578125,492.56793212890625,2697.3720703125
2022-10-10,768.1853637695312,669.774658203125,2425.06591796875,853.2540893554688,1298.8289794921875,270.7915344238281,1838.17431640625,1093.1851806640625,493.0788879394531,2744.589111328125
2022-10-11,756.5029296875,662.9822998046875,2373.9228515625,842.46435546875,1264.3302001953125,269.5112609863281,1808.62353515625,1071.4195556640625,489.9666442871094,2701.46484375
2022-10-12,751.8977661132812,667.3133544921875,2411.802978515625,840.287109375,1268.6815185546875,272.64990234375,1839.7144775390625,1079.3033447265625,495.91241455078125,2728.923095703125
2022-10-13,745.4506225585938,659.6452026367188,2388.581787109375,826.0137939453125,1260.8671875,271.45220947265625,1805.9283447265625,1082.7340087890625,484.4389953613281,2731.167236328125
2022-10-14,742.5905151367188,681.1348266601562,2397.33056640625,842.125732421875,1309.1297607421875,274.30181884765625,1840.0513916015625,1077.2357177734375,489.7808837890625,2727.514404296875
2022-10-17,742.6389770507812,684.7085571289062,2411.058349609375,856.5925903320312,1323.0712890625,274.42572021484375,1812.71435546875,1094.5255126953125,505.0633239746094,2745.69140625
2022-10-18,759.2659912109375,683.430419921875,2421.94775390625,867.91455078125,1335.28125,281.07470703125,1846.3082275390625,1113.83740234375,522.5288696289062,2774.76513671875
2022-10-19,759.5083618164062,690.4359741210938,2404.03125,863.2695922851562,1319.0751953125,286.0717468261719,1833.6021728515625,1133.2174072265625,514.1212768554688,2754.603515625
2022-10-20,768.7186889648438,685.7735595703125,2420.691162109375,859.93115234375,1332.7950439453125,288.8387451171875,1832.8802490234375,1136.261962890625,515.9793701171875,2785.8837890625
2022-10-21,773.1298217773438,680.9454345703125,2470.01904296875,877.833251953125,1332.4398193359375,285.4523010253906,1806.5059814453125,1123.0843505859375,521.04248046875,2768.32421875
2022-10-24,777.6380004882812,691.5719604492188,2394.8173828125,896.3643188476562,1347.8463134765625,287.1867980957031,1838.2706298828125,1126.8331298828125,530.0075073242188,2789.765869140625
2022-10-25,777.8319091796875,686.767578125,2331.808349609375,895.1546630859375,1355.3499755859375,286.0304870605469,1876.1478271484375,1109.4298095703125,537.4862060546875,2790.1181640625
2022-10-27,792.1805419921875,688.4242553710938,2344.4658203125,894.5257568359375,1368.05224609375,285.61749267578125,1890.538330078125,1113.7919921875,538.5081176757812,2785.9716796875
2022-10-28,791.9381713867188,690.4595336914062,2349.35205078125,878.5105590820312,1358.447021484375,285.61749267578125,1901.126708984375,1147.871826171875,530.2398071289062,2791.133056640625
2022-10-31,806.6260986328125,708.446533203125,2373.969482421875,879.3331298828125,1380.3509521484375,288.01275634765625,1947.378173828125,1158.527099609375,533.0733032226562,2817.51611328125
2022-11-01,810.0679321289062,716.2802734375,2390.928466796875,879.2363891601562,1412.0848388671875,288.6735534667969,1948.6776123046875,1149.552978515625,535.9533081054688,2876.23681640625
2022-11-02,785.151611328125,716.7298583984375,2359.54052734375,875.4623413085938,1394.4000244140625,292.92724609375,1937.945068359375,1156.7322998046875,533.1198120117188,2860.354736328125
2022-11-03,793.683349609375,713.5822143554688,2385.822265625,879.2847900390625,1374.1568603515625,292.1426086425781,1933.51708984375,1161.0491943359375,543.385498046875,2829.51611328125
2022-11-04,791.501953125,708.6594848632812,2361.46142578125,876.04296875,1359.1204833984375,292.0599670410156,1939.677490234375,1178.1343994140625,551.7931518554688,2838.91259765625
2022-11-07,797.6098022460938,714.1738891601562,2373.126220703125,887.8487548828125,1353.240234375,291.9773864746094,1942.1322021484375,1184.427734375,570.5594482421875,2853.295654296875
2022-11-09,794.0711059570312,713.9608764648438,2350.639404296875,881.0748901367188,1356.6065673828125,297.92431640625,1928.51171875,1183.246337890625,571.8600463867188,2837.72216796875
2022-11-10,800.5667724609375,721.7235717773438,2355.136962890625,881.2684936523438,1348.3031005859375,294.04229736328125,1903.6292724609375,1168.9329833984375,562.755615234375,2828.54541015625
2022-11-11,801.6817016601562,762.6201171875,2345.25146484375,877.2525634765625,1409.4815673828125,294.3313903808594,1935.8272705078125,1195.878662109375,558.6214599609375,2925.8701171875
2022-11-14,796.834228515625,764.4661254882812,2302.854248046875,866.0275268554688,1423.12646484375,286.77386474609375,1924.9501953125,1190.0849609375,550.4924926757812,2943.119873046875
2022-11-15,809.7770385742188,766.3357543945312,2302.5732421875,882.2362060546875,1430.9364013671875,285.1632080078125,1921.822021484375,1184.745849609375,558.203369140625,2940.56103515625
2022-11-16,815.5455932617188,772.9153442382812,2321.640380859375,884.0747680664062,1438.8363037109375,284.21331787109375,1928.60791015625,1177.9527587890625,557.1815185546875,2960.635009765625
2022-11-17,820.3447265625,765.9334716796875,2304.915771484375,890.0744018554688,1425.011474609375,283.8829650878906,1953.586669921875,1180.9970703125,556.5311889648438,2955.032470703125
2022-11-18,811.7644653320312,763.921875,2327.121826171875,890.6066284179688,1430.3978271484375,281.69415283203125,1948.6776123046875,1180.3609619140625,559.922119140625,2950.13525390625
2022-11-21,825.2406005859375,756.0880737304688,2343.70556640625,891.6227416992188,1407.775634765625,278.51422119140625,1936.1640625,1159.1180419921875,555.6484985351562,2897.237548828125
2022-11-22,821.7503662109375,754.9756469726562,2357.104248046875,893.848388671875,1422.902099609375,281.03338623046875,1953.827392578125,1165.547607421875,556.57763671875,2924.9873046875
2022-11-23,817.5330810546875,756.9400634765625,2349.280517578125,897.4771728515625,1421.1964111328125,280.6617126464844,1949.2071533203125,1161.912353515625,564.520751953125,2919.1201171875
2022-11-24,822.4775390625,769.2468872070312,2388.4453125,908.5087280273438,1463.0743408203125,281.4464111328125,1975.3890380859375,1171.9320068359375,566.10009765625,2982.517333984375
2022-11-25,821.0232543945312,765.6968994140625,2377.483154296875,900.2350463867188,1468.32568359375,281.07470703125,1985.544189453125,1189.4261474609375,564.28857421875,2990.899658203125
2022-11-28,811.8615112304688,757.4607543945312,2366.005615234375,907.1056518554688,1457.328857421875,280.8681945800781,1987.180419921875,1230.2991943359375,565.4033203125,2995.841064453125
2022-11-29,810.3587646484375,756.3247680664062,2468.133544921875,916.1535034179688,1462.40087890625,282.72662353515625,1973.80078125,1232.4119873046875,565.3568725585938,2997.694091796875
2022-11-30,822.8652954101562,761.3421020507812,2515.1220703125,922.1046752929688,1467.6973876953125,280.826904296875,1997.1912841796875,1241.1136474609375,559.6898193359375,2991.9150390625
2022-12-01,822.7199096679688,766.572509765625,2494.977783203125,909.815185546875,1487.5814208984375,280.4552307128906,2025.4906005859375,1237.455810546875,564.9388427734375,3066.782958984375
2022-12-02,822.7684326171875,760.7030639648438,2450.238037109375,900.5253295898438,1470.3455810546875,278.472900390625,2007.4425048828125,1236.9332275390625,564.4278564453125,3034.57666015625
2022-12-05,818.357177734375,763.4721069335938,2454.6884765625,903.4283447265625,1472.0062255859375,278.1425476074219,2007.5389404296875,1218.8936767578125,573.48583984375,3022.885986328125
2022-12-06,807.9349975585938,762.6201171875,2487.200927734375,892.8323364257812,1447.9031982421875,278.5968322753906,2015.1431884765625,1222.415283203125,565.728515625,2987.106201171875
2022-12-07,808.565185546875,762.2887573242188,2536.67236328125,892.3484497070312,1441.2601318359375,280.9095458984375,2044.5015869140625,1204.375732421875,563.96337890625,2982.914794921875
2022-12-08,807.2078857421875,766.572509765625,2534.89208984375,901.7833251953125,1454.411376953125,279.5054016113281,2086.566162109375,1203.8077392578125,568.2368774414062,2956.3994140625
2022-12-09,809.4378051757812,772.03955078125,2550.632568359375,899.8479614257812,1408.763427734375,281.9833068847656,2073.427001953125,1185.56396484375,572.7426147460938,2905.398681640625
2022-12-12,803.135986328125,778.0509643554688,2545.947998046875,900.2350463867188,1388.9239501953125,283.4700012207031,2082.715576171875,1187.3812255859375,569.5375366210938,2899.840087890625
2022-12-13,812.4916381835938,780.2047119140625,2539.43603515625,902.7993774414062,1411.32177734375,285.4523010253906,2091.5712890625,1192.7886962890625,572.974853515625,2940.1201171875
2022-12-14,803.9115600585938,786.8078002929688,2515.403564453125,891.9613647460938,1417.830078125,285.2870788574219,2113.27734375,1188.471923828125,581.103759765625,2969.458740234375
2022-12-15,801.1483764648438,772.3945922851562,2495.352294921875,879.4298706054688,1382.9093017578125,279.87701416015625,2096.047607421875,1171.5911865234375,572.2316284179688,2916.296630859375
2022-12-16,797.6582641601562,776.1102905273438,2502.89501953125,872.849609375,1366.4813232421875,276.7796936035156,2093.592529296875,1165.7974853515625,560.5259399414062,2859.075439453125
2022-12-19,814.77001953125,778.5243530273438,2546.74462890625,877.1558227539062,1353.1507568359375,281.2398681640625,2102.255859375,1181.1107177734375,561.5478515625,2825.368896484375
2022-12-20,803.6691284179688,773.1519775390625,2505.939697265625,880.3008422851562,1353.1058349609375,280.9508056640625,2082.282470703125,1191.3345947265625,561.5478515625,2862.340087890625
2022-12-21,789.1751708984375,765.6731567382812,2498.116455078125,863.4147338867188,1355.1256103515625,276.8210144042969,2065.967041015625,1174.3856201171875,551.2822265625,2884.046630859375
2022-12-22,791.69580078125,763.046142578125,2478.581298828125,861.866455078125,1366.3468017578125,274.5909729003906,2030.9774169921875,1171.3411865234375,551.2822265625,2876.23681640625
2022-12-23,783.98828125,756.2301025390625,2455.85986328125,850.4962158203125,1343.9490966796875,269.8415832519531,1985.544189453125,1136.98876953125,533.2591552734375,2848.5751953125
2022-12-26,786.2666625976562,771.2822265625,2452.439697265625,864.3341064453125,1348.7071533203125,276.3667297363281,2012.7850341796875,1146.917236328125,554.7195434570312,2870.237060546875
2022-12-27,789.9507446289062,772.063232421875,2429.765625,871.5433349609375,1359.88330078125,275.1690979003906,2044.59814453125,1156.3006591796875,559.178955078125,2876.060791015625
2022-12-28,779.2861938476562,771.4479370117188,2420.7236328125,869.8982543945312,1355.6641845703125,276.2015686035156,2041.7103271484375,1156.187255859375,558.3892211914062,2873.943115234375
2022-12-29,795.71923828125,776.8912963867188,2406.154296875,878.7041625976562,1362.3072509765625,276.9862365722656,2031.8919677734375,1155.66455078125,568.376220703125,2884.222412109375
2022-12-30,781.5160522460938,770.6669311523438,2399.595458984375,862.0599975585938,1353.91357421875,273.8475036621094,2007.7315673828125,1157.4366455078125,570.141357421875,2873.59033203125
2023-01-02,788.6903686523438,770.9271850585938,2397.112060546875,873.28515625,1368.0972900390625,274.92132568359375,2011.2445068359375,1170.477783203125,568.747802734375,2877.78125
2023-01-03,792.665283203125,775.9682006835938,2381.79296875,872.2206420898438,1366.7957763671875,273.4758605957031,2010.7635498046875,1161.912353515625,568.93359375,2921.81103515625
2023-01-04,787.042236328125,762.0994873046875,2376.218505859375,870.0433349609375,1341.884521484375,270.0894470214844,1993.05224609375,1144.4183349609375,562.2445678710938,2924.72314453125
2023-01-05,782.4855346679688,757.2003784179688,2420.8173828125,850.7381591796875,1324.28955078125,275.4168395996094,2009.2235107421875,1142.37353515625,562.1517333984375,2921.590087890625
2023-01-06,771.7240600585938,754.6917114257812,2414.0244140625,841.9805297851562,1300.32080078125,276.7384033203125,2008.453369140625,1152.7562255859375,558.0176391601562,2833.751220703125
2023-01-09,794.410400390625,756.1590576171875,2458.623779296875,845.1255493164062,1332.5931396484375,279.21630859375,2042.2877197265625,1179.9747314453125,564.5671997070312,2929.399658203125
2023-01-10,768.6701049804688,742.3375854492188,2477.17578125,833.5133056640625,1319.397216796875,275.3755798339844,2027.80078125,1162.52587890625,552.907958984375,2899.79638671875
2023-01-11,742.20263671875,753.0350341796875,2429.765625,838.3033447265625,1320.7435302734375,274.0539855957031,2045.80126953125,1147.871826171875,554.3479614257812,2937.119873046875
2023-01-12,733.8165893554688,757.0584716796875,2426.76708984375,832.8359985351562,1329.1370849609375,272.443359375,2078.91357421875,1123.0843505859375,552.6757202148438,2942.10546875
2023-01-13,740.9907836914062,757.650146484375,2458.57666015625,845.2222900390625,1349.8291015625,271.5348205566406,2072.80126953125,1121.2667236328125,557.5066528320312,2977.576171875
2023-01-16,735.9979248046875,750.3843994140625,2433.37255859375,837.287353515625,1369.4439697265625,272.7325134277344,2057.20751953125,1110.58837890625,560.2008056640625,3008.709716796875
2023-01-17,742.3480834960938,761.5551147460938,2499.381103515625,837.1905517578125,1382.01171875,274.42572021484375,2130.266845703125,1126.3560791015625,550.8641357421875,3048.73193359375
2023-01-18,752.8671875,774.9979248046875,2516.855712890625,841.3999633789062,1387.30810546875,276.4079895019531,2181.66796875,1124.492919921875,549.4705810546875,3059.200439453125
2023-01-19,748.4559936523438,778.2166137695312,2482.70361328125,838.1582641601562,1381.47314453125,274.34307861328125,2188.021240234375,1123.2889404296875,547.984130859375,3043.94970703125
2023-01-20,741.1362915039062,786.1923217773438,2388.070556640625,842.2224731445312,1369.48876953125,276.3667297363281,2165.737548828125,1109.9296875,550.1674194335938,3034.925048828125
2023-01-23,749.1347045898438,791.9434814453125,2432.716552734375,843.5288696289062,1389.6422119140625,278.9684753417969,2149.903076171875,1104.3177490234375,557.8318481445312,3081.670654296875
2023-01-24,751.9946899414062,802.5462646484375,2436.558349609375,842.609619140625,1393.1431884765625,279.95965576171875,2124.87646484375,1097.7972412109375,552.1646728515625,3100.982421875
2023-01-25,752.8187255859375,780.370361328125,2457.031005859375,827.6588134765625,1385.15380859375,280.20745849609375,2093.3037109375,1082.6204833984375,528.3353881835938,3095.07177734375
2023-01-27,750.8796997070312,764.8211669921875,2447.473876953125,790.7902221679688,1363.7435302734375,285.78271484375,2079.009765625,1062.0816650390625,501.6259460449219,3078.196533203125
2023-01-30,746.7109375,764.0401611328125,2406.247802734375,796.8865356445312,1381.3831787109375,284.7915344238281,2033.81689453125,1072.26025390625,500.0001220703125,3098.591064453125
2023-01-31,746.8079223632812,758.9990234375,2414.305908203125,805.0150756835938,1376.8499755859375,291.0274963378906,2044.886474609375,1069.5791015625,514.2141723632812,3030.95458984375
2023-02-01,745.6444702148438,770.3828735351562,2411.96337890625,820.5464477539062,1392.425048828125,298.5025329589844,2065.244873046875,1063.240478515625,489.92022705078125,3075.760009765625
2023-02-02,754.0305786132812,758.9281005859375,2468.7431640625,830.1749267578125,1421.7349853515625,312.70904541015625,2064.619140625,1057.35595703125,490.6169738769531,3122.730224609375
2023-02-03,768.7186889648438,785.1747436523438,2481.766357421875,835.8840942382812,1435.7843017578125,314.40228271484375,2085.459228515625,1058.2874755859375,505.5743103027344,3142.4931640625
2023-02-06,765.179931640625,781.837646484375,2471.319580078125,826.110595703125,1409.2569580078125,316.67364501953125,2075.400146484375,1050.3128662109375,506.6890869140625,3122.324462890625
2023-02-07,761.9320678710938,782.9972534179688,2437.214111328125,825.1913452148438,1402.5692138671875,308.2901611328125,2084.255859375,1047.791015625,508.2684326171875,3133.695068359375
2023-02-08,751.46142578125,782.902587890625,2419.973876953125,831.3360595703125,1427.7945556640625,310.1898498535156,2051.095458984375,1068.7159423828125,510.73028564453125,3176.60498046875
2023-02-09,743.2691650390625,781.2697143554688,2423.6279296875,832.9811401367188,1451.5836181640625,309.1160888671875,2067.025634765625,1070.578857421875,511.7057800292969,3195.330322265625
2023-02-10,748.4075927734375,784.3699951171875,2415.00830078125,826.2557373046875,1443.998046875,306.7208251953125,2082.85986328125,1061.7635498046875,513.7960815429688,3192.351806640625
2023-02-13,745.15966796875,784.961669921875,2418.287353515625,823.1591796875,1407.1024169921875,309.07476806640625,2120.83349609375,1055.72021484375,499.34979248046875,3142.583740234375
2023-02-14,751.5584716796875,792.2274780273438,2416.976318359375,837.335693359375,1430.2630615234375,319.19281005859375,2109.619384765625,1080.5985107421875,502.4620056152344,3158.556884765625
2023-02-15,761.4473876953125,790.6181640625,2387.78955078125,842.657958984375,1433.6744384765625,320.85595703125,2093.64111328125,1105.0675048828125,503.7626647949219,3177.101318359375
2023-02-16,760.5263061523438,787.7544555664062,2367.78564453125,841.3515625,1437.9384765625,321.1497497558594,2096.76904296875,1104.2042236328125,501.7652893066406,3210.851806640625
2023-02-17,753.1095581054688,783.8020629882812,2356.916748046875,834.7713623046875,1421.780029296875,321.86334228515625,2143.020751953125,1108.8162841796875,493.3111267089844,3159.504150390625
2023-02-20,755.3880004882812,776.4415893554688,2353.122314453125,824.5621948242188,1429.544921875,322.40899658203125,2142.20263671875,1097.0928955078125,487.8763732910156,3147.005859375
2023-02-21,755.291015625,779.3526611328125,2357.52587890625,826.5944213867188,1417.919677734375,320.89788818359375,2146.004638671875,1106.0445556640625,486.2970275878906,3114.247802734375
2023-02-22,748.6015014648438,764.0637817382812,2336.819091796875,812.1275634765625,1402.03076171875,322.2411193847656,2112.603515625,1080.9617919921875,479.7009582519531,3069.623046875
2023-02-23,739.6820678710938,758.8807373046875,2333.63330078125,812.6113891601562,1392.06591796875,325.38922119140625,2078.3359375,1075.7818603515625,484.0209045410156,3080.677978515625
2023-02-24,734.0104370117188,752.1119384765625,2327.590087890625,812.5630493164062,1392.0211181640625,323.29046630859375,2054.17529296875,1083.14306640625,484.0673828125,3068.630615234375
2023-02-27,729.9385375976562,753.981689453125,2312.552001953125,828.7233276367188,1354.9012451171875,320.85595703125,2034.5870361328125,1075.9407958984375,490.24542236328125,3006.724609375
2023-02-28,719.6133422851562,757.1531372070312,2305.524658203125,827.223388671875,1335.3760986328125,316.2386779785156,2030.207275390625,1055.356689453125,485.69317626953125,2989.57861328125
2023-03-01,727.3209228515625,756.41943359375,2310.771728515625,828.6265258789062,1343.006591796875,317.9176940917969,2036.1270751953125,1065.0579833984375,498.6065979003906,3055.31982421875
2023-03-02,717.5288696289062,749.98193359375,2300.55908203125,826.40087890625,1321.551513671875,315.2732849121094,2042.191650390625,1056.947021484375,495.8659362792969,2997.33984375
2023-03-03,741.0877685546875,764.8685302734375,2315.22216796875,840.480712890625,1327.97021484375,323.1645812988281,2071.501708984375,1083.9154052734375,521.36767578125,3016.01953125
2023-03-06,743.2206420898438,770.2645874023438,2328.198974609375,839.70654296875,1353.240234375,325.8509216308594,2061.009521484375,1094.5028076171875,521.8321533203125,3042.82177734375
2023-03-08,743.1721801757812,771.8029174804688,2328.433837890625,843.9158325195312,1339.9991455078125,329.4187927246094,2089.550048828125,1098.433349609375,524.7122192382812,3059.560791015625
2023-03-09,749.8132934570312,771.8739013671875,2306.227294921875,828.287841796875,1328.9576416015625,325.3052673339844,2111.111572265625,1072.0330810546875,519.2308959960938,3011.23681640625
2023-03-10,750.1526489257812,751.969970703125,2310.02197265625,815.417724609375,1321.0128173828125,325.7250061035156,2077.0849609375,1055.4248046875,508.5006103515625,3005.95751953125
2023-03-13,741.9603271484375,742.4559326171875,2300.324951171875,801.6282348632812,1288.2916259765625,322.0732116699219,2053.983154296875,1038.06689453125,492.38214111328125,2961.694091796875
2023-03-14,748.2620849609375,740.4678955078125,2288.47216796875,803.5151977539062,1274.736328125,318.7572326660156,2063.945556640625,1034.181884765625,488.108642578125,2901.232177734375
2023-03-15,733.57421875,729.84130859375,2254.413818359375,799.2090454101562,1274.422119140625,318.5053405761719,2095.180908203125,1016.5057983398438,480.8157653808594,2886.748291015625
2023-03-16,723.2005615234375,734.5747680664062,2304.306884765625,797.2736206054688,1260.462890625,320.226318359375,2092.245361328125,1011.439208984375,487.27252197265625,2874.204833984375
2023-03-17,734.1558837890625,744.3966064453125,2293.110107421875,809.2245483398438,1275.364501953125,315.2732849121094,2113.56591796875,1010.1670532226562,492.1963195800781,2869.060791015625
2023-03-20,731.780517578125,739.2371826171875,2352.887939453125,809.4180908203125,1260.058837890625,318.00164794921875,2096.047607421875,1000.2384643554688,482.34869384765625,2836.57373046875
2023-03-21,733.8650512695312,747.615234375,2307.35205078125,824.8526000976562,1248.4337158203125,316.44854736328125,2125.79052734375,1031.3419189453125,484.8105773925781,2803.003662109375
2023-03-22,733.6226806640625,745.8875732421875,2320.2353515625,832.4005737304688,1247.1322021484375,317.1201477050781,2131.084716796875,1034.477294921875,484.5318298339844,2825.29345703125
2023-03-23,740.263671875,739.8998413085938,2328.433837890625,827.8040771484375,1233.935791015625,319.5547180175781,2124.05810546875,1021.390625,476.3564758300781,2819.743408203125
2023-03-24,739.197265625,738.716552734375,2324.404541015625,824.8526000976562,1239.411865234375,317.9176940917969,2085.07373046875,1001.1699829101562,469.4817199707031,2815.998291015625
2023-03-27,738.5186157226562,741.9351806640625,2341.45703125,821.2721557617188,1246.8629150390625,319.1769714355469,2073.378662109375,1016.7330322265625,473.9410095214844,2817.623046875
2023-03-28,725.624267578125,747.9703369140625,2326.2783203125,827.1266479492188,1236.673828125,318.79913330078125,2053.74267578125,1021.4815673828125,472.0365295410156,2811.84716796875
2023-03-29,720.9220581054688,751.567626953125,2371.299072265625,823.497802734375,1242.0150146484375,321.3176574707031,2067.07373046875,1015.4380493164062,479.84033203125,2832.6025390625
2023-03-31,726.157470703125,761.8628540039062,2398.939453125,848.8995361328125,1281.8729248046875,321.9472961425781,2083.197021484375,1059.218994140625,486.57574462890625,2893.06494140625
2023-04-03,737.355224609375,762.3361206054688,2376.218505859375,855.23779296875,1266.5223388671875,318.0855712890625,2088.92431640625,1059.4007568359375,489.36279296875,2887.740478515625
2023-04-05,740.1668090820312,782.7843627929688,2419.927490234375,856.0119018554688,1277.92333984375,324.3818054199219,2173.24560546875,1056.856201171875,485.87896728515625,2923.657470703125
2023-04-06,742.5905151367188,788.7484741210938,2403.53076171875,846.7222290039062,1276.4420166015625,325.1793518066406,2189.128173828125,1063.944580078125,490.1989440917969,2906.4208984375
2023-04-10,746.274658203125,785.009033203125,2372.517333984375,840.3839111328125,1281.5589599609375,326.186767578125,2223.2509765625,1056.4017333984375,488.9447326660156,2944.953857421875
2023-04-11,750.5404663085938,787.3047485351562,2387.134033203125,853.3992919921875,1262.3031005859375,332.44097900390625,2215.35791015625,1061.6273193359375,494.3330383300781,2900.1943359375
2023-04-12,747.5834350585938,797.52880859375,2369.51904296875,861.3826904296875,1282.1873779296875,330.38421630859375,2202.844482421875,1066.3076171875,490.7098388671875,2925.326416015625
2023-04-13,743.656982421875,801.1025390625,2376.311767578125,869.9466552734375,1247.087158203125,332.10516357421875,2174.208251953125,1070.3291015625,495.12274169921875,2877.678955078125
2023-04-17,736.482666015625,788.8904418945312,2390.975341796875,872.1723022460938,1129.578125,335.9249267578125,2131.1328125,1075.7589111328125,505.3884582519531,2833.14404296875
2023-04-18,736.5796508789062,785.5534057617188,2380.8564453125,867.8660278320312,1130.5205078125,334.53973388671875,2133.6357421875,1063.44482421875,507.10711669921875,2825.248046875
2023-04-19,741.3302001953125,788.4407348632812,2372.00244140625,863.0760498046875,1106.14794921875,334.7496032714844,2136.5234375,1068.7386474609375,501.9510803222656,2788.1142578125
2023-04-20,748.7468872070312,791.3754272460938,2335.46044921875,865.4953002929688,1098.248291015625,336.0508728027344,2149.18115234375,1066.034912109375,506.1317138671875,2801.830322265625
2023-04-21,741.8634033203125,792.6535034179688,2340.47314453125,857.028076171875,1101.794189453125,342.724853515625,2132.2880859375,1067.37548828125,504.5987854003906,2852.411376953125
2023-04-24,737.0643310546875,799.0671997070312,2342.159912109375,875.5108032226562,1100.8516845703125,343.10260009765625,2145.47509765625,1071.465087890625,515.2360229492188,2864.99951171875
2023-04-25,749.0377197265625,787.7070922851562,2333.446044921875,883.9296875,1099.5948486328125,345.4952392578125,2163.812255859375,1079.666748046875,521.925048828125,2866.082275390625
2023-04-26,749.86181640625,791.328125,2352.51318359375,885.3812255859375,1101.9737548828125,346.08282470703125,2190.95654296875,1073.328125,526.152099609375,2886.071044921875
2023-04-27,762.5137939453125,795.6829223632812,2313.301513671875,888.6712036132812,1118.7607421875,349.23095703125,2219.3046875,1080.121337890625,524.6657104492188,2876.8662109375
2023-04-28,774.92333984375,798.8068237304688,2302.3857421875,887.993896484375,1124.595703125,357.2481384277344,2275.90380859375,1099.8648681640625,537.25390625,2905.1123046875
2023-05-02,766.1010131835938,798.6412353515625,2297.138916015625,892.3001098632812,1146.7689208984375,356.3247375488281,2295.203369140625,1109.2025146484375,534.4668579101562,2905.248046875
2023-05-03,755.5333862304688,801.4339599609375,2329.2763671875,893.0258178710938,1139.318115234375,358.5913391113281,2268.10693359375,1099.68310546875,530.0075073242188,2869.601806640625
2023-05-04,765.0345458984375,817.8351440429688,2348.71875,891.9130859375,1143.267822265625,356.4506530761719,2268.684326171875,1112.3607177734375,538.833251953125,2906.4208984375
2023-05-05,763.2893676757812,769.4835815429688,2343.0966796875,896.9933471679688,1130.296142578125,359.9345703125,2288.513427734375,1109.5206298828125,535.5816650390625,2915.4453125
2023-05-08,769.5426635742188,778.3822631835938,2357.666748046875,907.5894775390625,1136.131103515625,362.2011413574219,2276.8662109375,1123.2205810546875,542.177734375,2933.403564453125
2023-05-09,769.397216796875,778.406005859375,2357.19775390625,904.2025756835938,1140.7093505859375,355.7789611816406,2285.481201171875,1126.6968994140625,532.794677734375,2962.86669921875
2023-05-10,771.7725219726562,782.0033569335938,2363.662841796875,905.7992553710938,1134.0218505859375,357.0802307128906,2275.95166015625,1134.4442138671875,531.5869140625,2966.071533203125
2023-05-11,764.5496826171875,782.5240478515625,2428.96875,908.847412109375,1127.60302734375,352.92474365234375,2158.229248046875,1127.0377197265625,532.7481689453125,2961.8740234375
2023-05-12,767.797607421875,789.4347534179688,2458.0146484375,913.3956298828125,1117.818115234375,352.9667663574219,2137.96728515625,1128.8779296875,537.1145629882812,2954.790771484375
2023-05-15,772.7420043945312,793.2214965820312,2494.415283203125,915.1857299804688,1129.622802734375,359.1369934082031,2162.75341796875,1131.1044921875,540.5984497070312,2937.4189453125
2023-05-16,763.337890625,788.6732177734375,2507.205078125,915.7662963867188,1134.96435546875,355.9049987792969,2143.839111328125,1114.99609375,544.6861572265625,2940.21630859375
2023-05-17,768.0885009765625,784.43603515625,2493.94677734375,908.9926147460938,1119.34423828125,358.9691162109375,2136.5234375,1108.4073486328125,544.6861572265625,2895.59228515625
2023-05-18,774.9718627929688,787.572021484375,2461.903076171875,915.9115600585938,1118.5364990234375,352.3371276855469,2106.298828125,1106.0218505859375,533.4450073242188,2887.605224609375
2023-05-19,781.1766967773438,788.4817504882812,2474.927001953125,923.45947265625,1139.0936279296875,352.4630126953125,2108.07958984375,1109.611572265625,534.3275756835938,2908.36083984375
2023-05-22,777.3956909179688,785.680908203125,2471.7880859375,919.6370849609375,1160.5487060546875,356.5765686035156,2133.6357421875,1115.5413818359375,536.185546875,2976.80908203125
2023-05-23,775.5536499023438,783.8375854492188,2462.60546875,922.5885620117188,1167.05712890625,360.27032470703125,2115.39501953125,1115.3367919921875,540.3196411132812,2975.320556640625
2023-05-24,776.95947265625,773.5921020507812,2450.09716796875,910.2505493164062,1165.80029296875,363.92218017578125,2103.36279296875,1108.8389892578125,541.3416748046875,2981.005859375
2023-05-25,797.6098022460938,770.6236572265625,2433.51318359375,909.4764404296875,1170.9171142578125,370.3443298339844,2122.180908203125,1108.70263671875,539.9945068359375,2972.1171875
2023-05-26,793.004638671875,773.5921020507812,2485.1396484375,919.9757690429688,1182.6771240234375,372.40106201171875,2135.41650390625,1138.94287109375,544.4074096679688,3004.062255859375
2023-05-29,796.2039184570312,783.0237426757812,2483.218994140625,917.50830078125,1179.9390869140625,377.018310546875,2141.2880859375,1145.349609375,552.7686157226562,2996.346923828125
2023-05-30,793.4894409179688,783.6221923828125,2489.074462890625,919.2500610351562,1188.42236328125,386.1734313964844,2128.052978515625,1145.0543212890625,550.7247314453125,2992.6015625
2023-05-31,823.9802856445312,771.2221069335938,2499.381103515625,918.4758911132812,1183.4403076171875,382.39666748046875,2123.095458984375,1122.311767578125,549.162109375,2968.507568359375
2023-06-01,802.6996459960938,767.9425659179688,2527.81787109375,905.8475341796875,1184.5174560546875,377.4181823730469,2125.1650390625,1119.2901611328125,551.9086303710938,2999.640869140625
2023-06-02,810.9889526367188,769.1394653320312,2545.432861328125,907.8313598632812,1181.7882080078125,380.5941162109375,2150.9140625,1115.63232421875,556.1231079101562,2983.0361328125
2023-06-05,809.0499267578125,768.134033203125,2525.850341796875,916.1535034179688,1186.7918701171875,378.2336120605469,2183.40087890625,1125.6517333984375,556.1231079101562,2967.96533203125
2023-06-06,804.1539306640625,765.7402954101562,2521.4931640625,911.6536865234375,1163.5927734375,380.0791320800781,2192.689453125,1126.6058349609375,554.3710327148438,2916.88916015625
2023-06-07,818.5026245117188,769.7140502929688,2544.96435546875,909.815185546875,1172.6448974609375,381.06622314453125,2228.833984375,1135.1485595703125,558.0172729492188,2955.331787109375
2023-06-08,810.504150390625,770.1926879882812,2510.95263671875,907.5894775390625,1167.0498046875,380.16497802734375,2252.705810546875,1135.830078125,557.3543090820312,2920.633544921875
2023-06-09,808.0804443359375,771.1024169921875,2470.007568359375,907.7345581054688,1151.72021484375,376.34527587890625,2274.55615234375,1127.787353515625,548.072998046875,2896.13330078125
2023-06-12,810.843505859375,766.4105834960938,2476.80078125,905.7024536132812,1175.3743896484375,375.0577392578125,2252.368896484375,1128.786865234375,548.0256958007812,2930.064208984375
2023-06-13,808.9044799804688,767.7031860351562,2507.205078125,913.0568237304688,1187.110107421875,382.31085205078125,2266.27783203125,1145.46337890625,545.8947143554688,2927.176025390625
2023-06-14,802.6996459960938,766.8652954101562,2528.614501953125,909.427978515625,1183.061767578125,381.5382995605469,2266.90380859375,1159.5496826171875,546.0367431640625,2933.808837890625
2023-06-15,804.3963012695312,757.4336547851562,2520.13525390625,896.6546020507812,1170.6888427734375,384.6283874511719,2272.920166015625,1159.86767578125,536.5186157226562,2924.0361328125
2023-06-16,812.249267578125,767.3441162109375,2544.44873046875,904.0090942382812,1175.101318359375,388.9201354980469,2278.214111328125,1171.1595458984375,541.0172119140625,2886.39794921875
2023-06-19,802.8935546875,768.014404296875,2534.625,893.316162109375,1177.2392578125,389.34930419921875,2277.781005859375,1159.52685546875,538.7442626953125,2918.671875
2023-06-20,805.8505249023438,769.6182861328125,2527.87109375,895.6386108398438,1185.7911376953125,388.70556640625,2292.84521484375,1161.9351806640625,537.3710327148438,2934.39990234375
2023-06-21,813.4127197265625,783.0715942382812,2528.343505859375,894.8160400390625,1182.1065673828125,383.7270812988281,2304.8291015625,1165.2069091796875,536.3765869140625,2962.12841796875
2023-06-22,817.0967407226562,786.9017944335938,2507.32568359375,895.8321533203125,1165.912841796875,384.24212646484375,2325.81298828125,1152.1202392578125,533.1565551757812,2944.218505859375
2023-06-23,828.7307739257812,786.8538818359375,2495.281982421875,893.6548461914062,1150.85595703125,381.7529296875,2300.112548828125,1142.6915283203125,525.2484130859375,2924.08154296875
2023-06-26,825.9677124023438,783.0476684570312,2505.200439453125,897.4771728515625,1155.72314453125,382.5683288574219,2288.5615234375,1133.9671630859375,527.5687866210938,2899.8076171875
2023-06-27,838.5227661132812,794.083251953125,2504.491943359375,905.8475341796875,1163.729248046875,382.0533447265625,2298.668701171875,1134.3760986328125,536.1397705078125,2906.807861328125
2023-06-28,845.6001586914062,802.4856567382812,2513.843505859375,907.1539916992188,1176.6478271484375,385.70135498046875,2330.818359375,1149.3939208984375,539.6439819335938,2923.263427734375
2023-06-30,851.950439453125,814.574462890625,2529.8076171875,904.39599609375,1214.99462890625,387.63262939453125,2382.893798828125,1158.8226318359375,542.5325317382812,3002.17529296875
2023-07-03,852.3381958007812,823.3838500976562,2551.43896484375,912.0891723632812,1213.3570556640625,397.6324768066406,2362.198486328125,1188.5628662109375,554.4657592773438,2974.94775390625
2023-07-04,838.7651977539062,827.4054565429688,2550.447021484375,914.169677734375,1223.7740478515625,400.2933654785156,2369.70654296875,1176.31689453125,558.0646362304688,3008.176025390625
2023-07-05,840.219482421875,801.1211547851562,2603.20361328125,927.0398559570312,1225.7298583984375,407.8039245605469,2378.321533203125,1174.3856201171875,559.3431396484375,3018.267578125
2023-07-06,843.1279296875,801.93505859375,2604.38427734375,928.3946533203125,1222.6365966796875,406.77386474609375,2395.455322265625,1199.03662109375,561.1426391601562,3020.94970703125
2023-07-07,843.9035034179688,794.945068359375,2548.652587890625,915.8147583007812,1210.1728515625,402.052978515625,2357.674072265625,1196.696533203125,562.184326171875,3026.722412109375
2023-07-10,858.3976440429688,793.0538940429688,2509.40380859375,917.7501220703125,1209.2176513671875,399.8641662597656,2347.470947265625,1242.794921875,561.2373046875,2974.62890625
2023-07-11,864.6994018554688,789.1998291015625,2535.8056640625,914.41162109375,1226.9124755859375,406.1301574707031,2381.93115234375,1256.2677001953125,557.4016723632812,2975.03857421875
2023-07-12,862.8088989257812,781.8029174804688,2525.556396484375,913.87939453125,1212.9931640625,405.40057373046875,2363.064453125,1257.653564453125,558.0646362304688,2963.674072265625
2023-07-13,858.0582275390625,785.704833984375,2507.656494140625,924.814208984375,1241.923828125,405.1430358886719,2358.444091796875,1246.4073486328125,554.6551513671875,3036.995849609375
2023-07-14,859.4639892578125,787.3327026367188,2528.626708984375,929.0236206054688,1297.282958984375,405.91552734375,2379.717041015625,1245.3621826171875,553.4712524414062,3195.27490234375
2023-07-17,851.3202514648438,803.80224609375,2533.16064453125,937.3941040039062,1294.5535888671875,405.4434814453125,2376.396240234375,1270.8084716796875,569.2874755859375,3174.41015625
2023-07-18,848.7510375976562,803.1319580078125,2534.199951171875,943.9259033203125,1342.089111328125,405.5722351074219,2382.0751953125,1281.600341796875,561.0005493164062,3179.092529296875
2023-07-19,844.1943969726562,806.7705078125,2523.620361328125,941.9906005859375,1341.86181640625,411.0227966308594,2400.79736328125,1291.32421875,569.6190185546875,3154.728271484375
2023-07-20,857.8643188476562,808.51806640625,2553.517333984375,963.4247436523438,1318.7081298828125,422.4388732910156,2396.51416015625,1289.7606201171875,577.7637939453125,3156.778564453125
2023-07-21,858.979248046875,802.2941284179688,2459.764404296875,964.7794799804688,1211.4464111328125,420.9797058105469,2489.4501953125,1249.8345947265625,582.5465087890625,3070.187255859375
2023-07-24,861.0637817382812,803.5628662109375,2437.330078125,959.9410400390625,1215.995361328125,404.5850830078125,2507.739013671875,1224.554931640625,584.9616088867188,3094.29541015625
2023-07-25,856.7009887695312,812.2764282226562,2425.900390625,962.5538330078125,1214.1759033203125,396.8170166015625,2465.049072265625,1223.767333984375,577.3375854492188,3098.306396484375
2023-07-26,862.2756958007812,809.45166015625,2440.211181640625,964.2472534179688,1227.1400146484375,405.3576354980469,2547.20458984375,1243.65625,582.5939331054688,3088.4169921875
2023-07-27,867.8502197265625,801.0493774414062,2427.50634765625,958.2476196289062,1231.052001953125,399.177490234375,2560.632080078125,1232.087158203125,583.9197998046875,3096.25537109375
2023-07-28,867.8017578125,786.8538818359375,2441.439208984375,964.00537109375,1219.5433349609375,402.0959167480469,2550.381103515625,1244.4686279296875,583.4462280273438,3058.42822265625
2023-07-31,862.7603759765625,790.5403442382812,2418.957275390625,966.0374755859375,1233.3719482421875,399.73541259765625,2580.990966796875,1255.00390625,587.3766479492188,3118.63232421875
2023-08-01,864.45703125,795.830810546875,2409.794677734375,962.4086303710938,1242.0146484375,398.9628601074219,2566.841064453125,1237.25634765625,579.4685668945312,3146.5244140625
2023-08-02,851.3202514648438,785.4175415039062,2426.65576171875,955.0543212890625,1234.418212890625,394.9286193847656,2552.724609375,1224.0382080078125,566.7777099609375,3136.133056640625
2023-08-03,845.115478515625,779.7442626953125,2409.984130859375,933.8136596679688,1241.1959228515625,391.4523010253906,2529.311767578125,1218.8934326171875,559.2484130859375,3099.035400390625
2023-08-04,862.51806640625,791.0191040039062,2404.9775390625,939.1359252929688,1253.97802734375,390.5080871582031,2557.34912109375,1235.45947265625,542.958740234375,3138.77685546875
2023-08-07,864.214599609375,790.5642700195312,2426.892333984375,944.1195068359375,1267.3062744140625,390.4652099609375,2566.110595703125,1242.4993896484375,537.8445434570312,3175.692138671875
2023-08-08,858.3976440429688,789.9180297851562,2423.7275390625,948.2320556640625,1264.7587890625,388.2763671875,2562.5087890625,1235.016357421875,542.7693481445312,3163.432373046875
2023-08-09,856.7494506835938,790.2052001953125,2410.83349609375,949.0126953125,1268.5799560546875,393.68402099609375,2581.395263671875,1243.1640625,543.3849487304688,3156.049560546875
2023-08-10,848.120849609375,783.1912231445312,2396.192626953125,940.6220703125,1263.758056640625,387.7613525390625,2573.509521484375,1248.7025146484375,543.2902221679688,3137.455322265625
2023-08-11,847.8773803710938,775.0283813476562,2363.225341796875,929.6460571289062,1248.0645751953125,385.186279296875,2568.641845703125,1253.9700927734375,543.7637939453125,3143.562255859375
2023-08-14,844.468505859375,771.24609375,2392.791748046875,936.182861328125,1267.806640625,385.5725402832031,2589.47509765625,1268.788330078125,531.1203002929688,3144.51904296875
2023-08-16,834.631591796875,768.9957885742188,2411.211669921875,933.2071533203125,1290.50537109375,386.4738464355469,2619.80078125,1267.754638671875,535.4295043945312,3152.312255859375
2023-08-17,834.3881225585938,764.7349243164062,2402.379638671875,928.4752807617188,1284.182373046875,378.5340576171875,2582.271484375,1249.4654541015625,541.86962890625,3131.6669921875
2023-08-18,833.9498291015625,761.598876953125,2413.24267578125,927.4996337890625,1263.4853515625,379.092041015625,2572.000732421875,1258.720703125,542.6273193359375,3069.092529296875
2023-08-21,849.2409057617188,761.0004272460938,2420.799560546875,931.9387817382812,1278.58740234375,384.37091064453125,2591.76318359375,1244.986328125,541.4434204101562,3100.585205078125
2023-08-22,854.79248046875,757.744873046875,2423.6806640625,928.8167724609375,1277.0863037109375,389.9072570800781,2607.875244140625,1244.68994140625,538.4127197265625,3082.810546875
2023-08-23,845.5399169921875,759.6119384765625,2431.4736328125,943.3051147460938,1280.9072265625,386.6455078125,2645.64794921875,1246.0732421875,546.3682250976562,3097.486083984375
2023-08-24,846.8060302734375,756.1170654296875,2438.27490234375,945.3539428710938,1295.14501953125,387.0317687988281,2616.977294921875,1225.1258544921875,546.4155883789062,3087.915283203125
2023-08-25,850.75048828125,747.5949096679688,2421.55517578125,946.7686157226562,1291.9608154296875,380.5511779785156,2568.54443359375,1219.4691162109375,539.7860717773438,3082.035888671875
2023-08-28,847.6825561523438,755.3749389648438,2414.139892578125,946.9149780273438,1287.91259765625,378.8774108886719,2623.987060546875,1207.315673828125,542.5325317382812,3076.795166015625
2023-08-29,832.9271240234375,761.3834838867188,2386.226806640625,944.1832275390625,1289.7320556640625,377.7615051269531,2646.9619140625,1195.755126953125,544.4266357421875,3077.34228515625
2023-08-30,835.4107055664062,755.8297119140625,2391.705078125,935.5487060546875,1305.6529541015625,380.0791320800781,2637.275390625,1194.6187744140625,537.3710327148438,3090.832275390625
2023-08-31,834.0958862304688,752.358642578125,2366.29541015625,935.4024047851562,1305.92578125,377.4181823730469,2631.142333984375,1189.1595458984375,531.64111328125,3059.704833984375
2023-09-01,843.3971557617188,753.9146728515625,2366.05908203125,945.1100463867188,1313.5679931640625,378.57696533203125,2630.55810546875,1191.950927734375,539.4072265625,3080.121826171875
2023-09-04,842.7640991210938,758.630615234375,2362.84765625,943.7929077148438,1332.900390625,375.52984619140625,2639.31982421875,1190.987548828125,545.0897216796875,3115.944091796875
2023-09-05,843.3484497070312,754.010498046875,2368.184814453125,944.8173828125,1345.455322265625,380.3366394042969,2660.59130859375,1197.36083984375,542.6746215820312,3125.833740234375
2023-09-06,857.3734741210938,763.873046875,2383.7236328125,934.182861328125,1344.135986328125,384.0704345703125,2658.157470703125,1199.8802490234375,540.3069458007812,3126.33447265625
2023-09-07,852.503662109375,771.2221069335938,2368.5625,942.1343383789062,1333.9012451171875,382.739990234375,2771.03759765625,1201.5106201171875,548.4044799804688,3149.441162109375
2023-09-08,862.7788696289062,777.2306518554688,2374.560791015625,946.9149780273438,1336.9945068359375,379.9503479003906,2824.776123046875,1209.51416015625,552.5715942382812,3137.272705078125
2023-09-11,867.5999755859375,781.2523803710938,2395.767333984375,954.4274291992188,1343.226318359375,383.8558654785156,2817.57177734375,1222.556884765625,560.385009765625,3172.593017578125
2023-09-12,867.21044921875,783.6940307617188,2360.43896484375,966.379150390625,1365.6519775390625,387.2463684082031,2866.15087890625,1204.8948974609375,557.2122802734375,3263.879150390625
2023-09-13,891.3157958984375,787.04541015625,2367.712158203125,965.6961669921875,1363.1502685546875,389.26348876953125,2829.78955078125,1210.9222412109375,564.883544921875,3252.075927734375
2023-09-14,891.1210327148438,786.566650390625,2362.28076171875,963.6473999023438,1370.9742431640625,386.21636962890625,2841.326171875,1212.033935546875,565.6885375976562,3244.96630859375
2023-09-15,911.7689208984375,795.5913696289062,2332.9033203125,968.2816772460938,1375.2047119140625,384.8429870605469,2831.5419921875,1214.28173828125,567.1091918945312,3279.830078125
2023-09-18,896.2343139648438,779.9357299804688,2350.803466796875,966.0864868164062,1357.1912841796875,388.0188903808594,2842.54296875,1203.7091064453125,571.9866333007812,3286.98583984375
2023-09-20,886.981689453125,748.6482543945312,2330.21142578125,963.1107788085938,1355.78125,388.7914123535156,2813.483154296875,1176.8826904296875,569.2874755859375,3286.894775390625
2023-09-21,894.0428466796875,743.6929931640625,2336.3515625,935.93896484375,1366.243408203125,384.1133728027344,2822.58544921875,1168.31103515625,557.0228881835938,3267.981201171875
2023-09-22,887.6635131835938,732.3462524414062,2344.947265625,927.1580810546875,1361.148681640625,380.3366394042969,2841.228515625,1163.4447021484375,566.49365234375,3284.70703125
2023-09-25,886.6895751953125,732.9925537109375,2338.712890625,933.060791015625,1341.1339111328125,379.9074401855469,2825.65234375,1156.2811279296875,562.6105346679688,3260.55224609375
2023-09-26,888.9296264648438,736.1763305664062,2341.640869140625,925.59716796875,1328.85205078125,379.7786865234375,2835.436279296875,1157.2939453125,562.9420166015625,3268.345458984375
2023-09-27,896.282958984375,731.005615234375,2363.17822265625,920.1334228515625,1334.62890625,385.5296630859375,2886.546142578125,1170.336669921875,558.5381469726562,3271.626708984375
2023-09-28,901.5423583984375,729.4974975585938,2324.0712890625,919.6456298828125,1309.5648193359375,378.3194885253906,2930.305908203125,1153.1439208984375,558.7276000976562,3223.72802734375
2023-09-29,902.2728271484375,730.7423706054688,2329.030517578125,928.7191772460938,1305.92578125,381.45245361328125,2943.49755859375,1158.5289306640625,566.8724365234375,3216.299560546875
2023-10-03,901.201416015625,722.0048828125,2332.147705078125,917.4016723632812,1304.606689453125,377.4611511230469,2991.88134765625,1145.2637939453125,571.03955078125,3202.85498046875
2023-10-04,900.1787719726562,732.29833984375,2368.9404296875,907.4012451171875,1314.0228271484375,374.3280944824219,2947.5859375,1143.287841796875,555.223388671875,3224.639404296875
2023-10-05,904.6589965820312,735.2667236328125,2379.992431640625,917.938232421875,1331.3992919921875,374.28521728515625,3014.07763671875,1143.26318359375,560.8111572265625,3271.672607421875
2023-10-06,901.9319458007812,734.452880859375,2360.9580078125,922.182373046875,1345.273193359375,379.5212097167969,3011.7900390625,1145.18994140625,562.7999877929688,3300.8857421875
2023-10-09,900.4710083007812,725.9307861328125,2372.19921875,915.7431030273438,1342.3165283203125,378.0619812011719,2993.29296875,1135.4326171875,554.13427734375,3316.3359375
2023-10-10,923.651123046875,730.0481567382812,2376.82763671875,928.0362548828125,1360.239013671875,381.45245361328125,2994.558837890625,1140.447021484375,560.337646484375,3307.72265625
2023-10-11,930.7122802734375,737.1099243164062,2414.801513671875,929.8899536132812,1359.556640625,384.7571716308594,3006.92236328125,1158.5535888671875,557.2122802734375,3290.404296875
2023-10-12,925.5990600585938,742.017333984375,2415.367919921875,931.011962890625,1333.2642822265625,386.8601379394531,3000.156494140625,1160.70263671875,555.033935546875,3229.014892578125
2023-10-13,929.3487548828125,735.2667236328125,2427.12841796875,928.1337280273438,1302.013916015625,384.8429870605469,3007.798583984375,1160.6534423828125,545.657958984375,3254.810546875
2023-10-16,921.8980102539062,732.3223266601562,2416.595947265625,928.2313842773438,1304.7431640625,385.35797119140625,3019.772705078125,1158.0596923828125,545.1843872070312,3212.152099609375
2023-10-17,928.8131713867188,737.8759765625,2414.564697265625,930.6704711914062,1312.2943115234375,389.2206115722656,2985.115478515625,1163.593017578125,545.9420166015625,3196.65673828125
2023-10-18,928.033935546875,727.6065063476562,2407.10302734375,920.7677001953125,1310.565673828125,387.675537109375,2964.963623046875,1148.1541748046875,542.3432006835938,3178.60888671875
2023-10-19,918.3917846679688,725.308349609375,2406.9609375,912.9624633789062,1304.2884521484375,386.60260009765625,2973.5302734375,1139.33544921875,540.9699096679688,3157.955810546875
2023-10-20,920.5831909179688,729.066650390625,2356.94384765625,910.0355834960938,1298.4656982421875,376.2165222167969,2932.59375,1135.8524169921875,533.298583984375,3193.504638671875
2023-10-23,914.8368530273438,721.0473022460938,2345.939453125,907.3037109375,1281.5440673828125,374.1564636230469,2879.974853515625,1118.1162109375,523.685791015625,3116.37548828125
2023-10-25,898.57177734375,716.47509765625,2340.08251953125,893.7909545898438,1262.560302734375,371.4096984863281,2838.892333984375,1115.5225830078125,526.7637939453125,3098.052490234375
2023-10-26,881.9171752929688,700.6279907226562,2339.232421875,886.5224609375,1252.7919921875,372.8260498046875,2788.755859375,1099.9849853515625,518.0506591796875,3049.299072265625
2023-10-27,890.7800903320312,703.380859375,2344.5693359375,890.5225830078125,1272.0521240234375,372.3110046386719,2825.068115234375,1119.4007568359375,531.4517822265625,3062.27587890625
2023-10-30,902.1267700195312,711.0171508789062,2341.593994140625,902.376708984375,1269.0111083984375,369.4784851074219,2848.870849609375,1142.47265625,535.2874755859375,3087.498046875
2023-10-31,890.5853881835938,706.8997192382812,2346.4111328125,893.0592041015625,1261.0396728515625,367.71881103515625,2851.49951171875,1130.3192138671875,535.6189575195312,3078.5419921875
2023-11-01,889.6600952148438,705.9422607421875,2335.31201171875,891.7908935546875,1247.90771484375,367.4613037109375,2818.642822265625,1135.0126953125,536.4240112304688,3043.724609375
2023-11-02,899.7892456054688,707.0194702148438,2366.284912109375,897.5472412109375,1262.652587890625,370.0793151855469,2840.83935546875,1146.2767333984375,541.822265625,3070.6376953125
2023-11-03,906.509521484375,710.370849609375,2387.64697265625,911.0599365234375,1280.0694580078125,371.8818054199219,2834.170654296875,1146.0296630859375,547.5520629882812,3062.2294921875
2023-11-06,914.739501953125,715.5175170898438,2376.37109375,922.42626953125,1293.20166015625,373.6843566894531,2896.670654296875,1155.564697265625,543.9531860351562,3089.051513671875
2023-11-07,912.742919921875,712.0465087890625,2375.467041015625,925.0116577148438,1294.1231689453125,371.4096984863281,2882.8955078125,1148.055419921875,549.0673828125,3080.095703125
2023-11-08,912.353271484375,714.105224609375,2397.257568359375,912.9624633789062,1281.86669921875,375.0577392578125,2917.114501953125,1154.033203125,549.5882568359375,3090.23974609375
2023-11-09,908.06787109375,711.280517578125,2356.674072265625,914.5234985351562,1266.9376220703125,372.86895751953125,2944.762939453125,1141.50927734375,547.7415161132812,3059.0771484375
2023-11-10,911.1358032226562,714.0812377929688,2366.046630859375,915.7431030273438,1261.4544677734375,374.7144470214844,2952.9404296875,1143.6583251953125,548.8306274414062,3046.282958984375
2023-11-13,910.6488037109375,712.78857421875,2358.053955078125,911.6941528320312,1265.78564453125,374.2423400878906,2967.786865234375,1143.5101318359375,550.5826416015625,3044.546875
2023-11-15,925.2581787109375,720.2573852539062,2365.904052734375,918.18212890625,1299.836669921875,379.3494873046875,2983.801025390625,1164.1856689453125,553.7554321289062,3111.029296875
2023-11-16,924.8198852539062,722.1484985351562,2370.471435546875,913.2063598632812,1331.5379638671875,376.5169677734375,2970.366455078125,1166.285400390625,553.7080688476562,3196.520751953125
2023-11-17,922.6284790039062,720.5924682617188,2406.24951171875,899.4009399414062,1324.7645263671875,377.03192138671875,3026.684814453125,1163.7412109375,533.251220703125,3200.723876953125
2023-11-20,936.361328125,720.640380859375,2384.982421875,899.0107421875,1323.8890380859375,374.928955078125,3007.019775390625,1160.6781005859375,533.9141845703125,3216.396484375
2023-11-21,945.5651245117188,726.74462890625,2383.840576171875,903.5474853515625,1326.1007080078125,374.4569091796875,2993.439208984375,1175.2769775390625,531.7832641601562,3207.806640625
2023-11-22,944.4938354492188,724.1593017578125,2399.68359375,900.279052734375,1343.4256591796875,377.4181823730469,3000.69189453125,1179.87158203125,529.3682250976562,3226.03759765625
2023-11-23,951.214111328125,728.3485107421875,2397.780517578125,900.52294921875,1335.546630859375,377.9761047363281,2965.01220703125,1183.4781494140625,530.3153076171875,3206.02490234375
2023-11-24,947.8052978515625,733.5192260742188,2393.308349609375,906.7671508789062,1324.626220703125,375.787353515625,2973.384521484375,1182.6876220703125,530.694091796875,3159.281005859375
2023-11-28,959.2492065429688,731.8674926757812,2388.8837890625,902.9620361328125,1329.5103759765625,373.5985412597656,2969.2470703125,1182.9346923828125,534.5770874023438,3171.206298828125
2023-11-29,969.4757690429688,746.4699096679688,2402.681396484375,916.7186889648438,1345.0843505859375,375.2723388671875,3002.103271484375,1186.047119140625,538.5075073242188,3211.05078125
2023-11-30,988.2730712890625,746.3023071289062,2422.187744140625,912.1820068359375,1340.983642578125,374.07061767578125,3026.87939453125,1174.560791015625,534.8612670898438,3187.15380859375
2023-12-01,988.2730712890625,744.674560546875,2439.41015625,923.6458129882812,1338.357177734375,386.0875549316406,3106.1728515625,1182.88525390625,541.49072265625,3209.1318359375
2023-12-04,1005.9991455078125,770.5279541015625,2476.187255859375,967.0621337890625,1349.4617919921875,389.735595703125,3225.8193359375,1195.6810302734375,563.2262573242188,3209.862548828125
2023-12-05,1004.2460327148438,777.374267578125,2439.02978515625,988.7703247070312,1339.8778076171875,387.7613525390625,3227.668701171875,1204.3514404296875,576.05908203125,3227.363037109375
2023-12-06,997.7691040039062,779.3372802734375,2443.216796875,978.8186645507812,1358.6312255859375,397.6324768066406,3302.484130859375,1215.887451171875,576.2484741210938,3293.617431640625
2023-12-07,973.9559936523438,780.60595703125,2396.210693359375,974.6721801757812,1350.89013671875,393.2119445800781,3266.756103515625,1213.886474609375,579.3265380859375,3303.487060546875
2023-12-08,974.1994018554688,791.4979248046875,2400.064453125,986.2335815429688,1374.1590576171875,385.5296630859375,3289.000732421875,1213.244140625,581.6468505859375,3314.270263671875
2023-12-11,974.7838134765625,790.444580078125,2382.318115234375,992.3314208984375,1371.717041015625,388.3621826171875,3296.15625,1215.0228271484375,581.7415771484375,3329.07470703125
2023-12-12,969.3296508789062,782.5927734375,2381.4619140625,990.9655151367188,1360.243896484375,388.9201354980469,3253.9052734375,1197.5830078125,579.9894409179688,3355.75927734375
2023-12-13,973.8585815429688,780.8214721679688,2390.16845703125,989.2093505859375,1335.3160400390625,391.10888671875,3309.78564453125,1202.473876953125,587.045166015625,3283.97607421875
2023-12-14,979.0205078125,790.0377197265625,2394.40234375,1008.4783935546875,1383.6512451171875,394.9286193847656,3342.2041015625,1217.39404296875,590.64404296875,3351.3271484375
2023-12-15,966.7000122070312,793.101806640625,2400.63525390625,1012.1370849609375,1454.5638427734375,393.2977600097656,3395.650390625,1232.9317626953125,613.9420776367188,3528.38623046875
2023-12-18,964.4598999023438,792.69482421875,2412.624755859375,996.5755004882812,1441.6160888671875,387.675537109375,3399.155029296875,1245.4803466796875,614.1788940429688,3526.7412109375
2023-12-19,962.706787109375,791.3543090820312,2436.603515625,990.7216186523438,1436.0408935546875,391.4952392578125,3406.310302734375,1263.8094482421875,620.7136840820312,3487.44580078125
2023-12-20,946.2468872070312,793.3171997070312,2433.558837890625,982.1359252929688,1415.85888671875,387.11761474609375,3327.990478515625,1248.518798828125,602.7666015625,3454.409912109375
2023-12-21,952.4315795898438,807.5365600585938,2429.466552734375,979.9407348632812,1415.4903564453125,387.5038757324219,3333.490966796875,1266.0079345703125,609.6802978515625,3461.218505859375
2023-12-22,963.778076171875,799.9481811523438,2450.781494140625,970.086669921875,1440.280029296875,390.7226867675781,3385.866455078125,1267.242919921875,603.0507202148438,3494.57373046875
2023-12-26,973.8098754882812,805.5018920898438,2459.488037109375,970.8671264648438,1422.8167724609375,391.7956237792969,3397.646240234375,1273.66552734375,604.2819213867188,3468.574462890625
2023-12-27,994.6038208007812,815.4841918945312,2481.896728515625,977.8430786132812,1444.1505126953125,392.3535461425781,3450.16748046875,1278.01318359375,614.2262573242188,3482.87646484375
2023-12-28,1009.7000122070312,816.417724609375,2506.16064453125,981.4041748046875,1440.0494384765625,398.362060546875,3424.904541015625,1287.2518310546875,616.9254150390625,3472.549072265625
2023-12-29,1005.3173217773438,818.3328247070312,2534.849853515625,972.33056640625,1421.84912109375,396.6452941894531,3432.64404296875,1277.074462890625,608.0702514648438,3466.609619140625
2024-01-01,986.6660766601562,812.9945678710938,2526.095703125,975.0625,1429.635986328125,401.7525634765625,3432.108642578125,1279.69287109375,607.4072875976562,3482.78466796875
2024-01-02,995.0908813476562,813.4733276367188,2487.13037109375,958.3301391601562,1414.0157470703125,403.7267761230469,3347.071533203125,1290.2900390625,605.6077880859375,3457.288330078125
2024-01-03,1008.2392578125,800.9296264648438,2480.2314453125,960.0862426757812,1373.099365234375,409.6494140625,3349.261962890625,1276.25927734375,609.3961181640625,3373.716552734375
2024-01-04,1020.6085205078125,809.5234985351562,2466.91015625,963.1107788085938,1394.0184326171875,408.9197998046875,3367.126220703125,1282.854736328125,608.733154296875,3350.916015625
2024-01-05,1019.3423461914062,805.3822021484375,2493.077392578125,969.501220703125,1412.31103515625,406.81683349609375,3428.652587890625,1288.3138427734375,607.9755249023438,3415.890625
2024-01-08,1021.7285766601562,796.4052734375,2453.302978515625,958.086181640625,1403.3260498046875,399.56378173828125,3408.403564453125,1278.26025390625,593.8167114257812,3361.42529296875
2024-01-09,1036.776123046875,790.2052001953125,2454.73046875,955.8909912109375,1409.3160400390625,398.7483215332031,3461.80126953125,1274.8759765625,592.3014526367188,3372.0263671875
2024-01-10,1035.02294921875,792.8145141601562,2452.494140625,968.8671264648438,1400.6534423828125,397.6753845214844,3451.6279296875,1309.261474609375,588.8446044921875,3393.181640625
2024-01-11,1035.1690673828125,789.4871215820312,2413.29052734375,967.0133666992188,1376.9698486328125,397.117431640625,3412.05419921875,1343.696044921875,587.3766479492188,3413.7431640625
2024-01-12,1048.3173828125,785.7527465820312,2420.712646484375,979.0625610351562,1486.2188720703125,400.5937805175781,3474.31103515625,1354.39208984375,600.0673828125,3548.30810546875
2024-01-15,1073.6890869140625,800.8817749023438,2448.497802734375,985.2579345703125,1522.4815673828125,401.36627197265625,3449.242919921875,1377.5130615234375,606.223388671875,3567.499755859375
2024-01-16,1067.3583984375,803.9219970703125,2444.596435546875,984.4774780273438,1503.5439453125,405.40057373046875,3478.88671875,1358.24560546875,603.1928100585938,3528.66064453125
2024-01-17,1056.9857177734375,736.1044921875,2438.69677734375,957.84228515625,1511.51513671875,400.5079650878906,3476.404052734375,1345.35107421875,592.86962890625,3549.953125
2024-01-18,1058.739013671875,711.5199584960938,2424.518798828125,962.3302001953125,1513.726806640625,399.56378173828125,3500.791015625,1351.6500244140625,595.0479125976562,3566.402587890625
2024-01-19,1095.700439453125,704.0989990234375,2441.07568359375,974.8673095703125,1529.0245361328125,404.7138671875,3549.467041015625,1351.156005859375,594.527099609375,3628.47119140625
2024-01-23,1127.841064453125,683.3683471679688,2260.42626953125,1003.990478515625,1513.3123779296875,394.241943359375,3456.982177734375,1312.7442626953125,573.0758056640625,3550.43701171875
2024-01-24,1158.9588623046875,697.037109375,2323.32275390625,974.8673095703125,1543.9534912109375,397.932861328125,3494.170654296875,1327.8619384765625,585.5771484375,3535.29931640625
2024-01-25,1130.3245849609375,686.9830932617188,2310.619873046875,985.3555908203125,1538.147705078125,391.10888671875,3498.30810546875,1336.952392578125,580.3208618164062,3506.312255859375
2024-01-29,1131.8829345703125,696.438720703125,2325.939697265625,991.6484375,1526.6282958984375,386.0875549316406,3609.825439453125,1430.795654296875,589.9810791015625,3497.754150390625
2024-01-30,1128.47412109375,691.4834594726562,2339.4990234375,992.1362915039062,1521.8824462890625,376.0019226074219,3537.103271484375,1390.8524169921875,593.5799560546875,3497.34033203125
2024-01-31,1140.210205078125,700.220947265625,2361.289306640625,1003.1123046875,1530.5911865234375,379.00616455078125,3387.618896484375,1409.6259765625,606.602294921875,3511.511474609375
2024-02-01,1121.218017578125,702.040283203125,2353.724365234375,1000.1854248046875,1527.0433349609375,380.16497802734375,3308.033203125,1409.650634765625,613.3739013671875,3546.663818359375
2024-02-02,1120.8284912109375,692.369140625,2333.742431640625,999.0633544921875,1560.4952392578125,377.7615051269531,3286.66455078125,1440.3306884765625,615.2680053710938,3649.866455078125
2024-02-05,1084.5487060546875,691.7467651367188,2302.246337890625,998.5755615234375,1554.8277587890625,376.0019226074219,3253.2724609375,1421.8782958984375,608.922607421875,3656.30810546875
2024-02-06,1104.5147705078125,691.3876342773438,2308.764404296875,1001.4049682617188,1593.7628173828125,370.29388427734375,3333.58837890625,1410.7869873046875,615.8362426757812,3806.02734375
2024-02-07,1104.7581787109375,684.6130981445312,2307.90771484375,997.2584228515625,1560.8636474609375,370.6372375488281,3304.820556640625,1424.966064453125,639.51318359375,3757.6240234375
2024-02-08,1112.40380859375,671.734375,2299.915283203125,965.2083740234375,1559.34326171875,361.260986328125,3247.187744140625,1432.845947265625,662.5271606445312,3804.279541015625
2024-02-09,1091.0740966796875,671.9976196289062,2306.670654296875,986.0873413085938,1538.3780517578125,362.0888671875,3236.528076171875,1443.344482421875,686.8670043945312,3803.91162109375
2024-02-12,1089.5645751953125,665.4864501953125,2270.03662109375,971.8427734375,1548.2847900390625,354.55078125,3212.189697265625,1435.0443115234375,670.4352416992188,3791.94873046875
2024-02-13,1088.736572265625,667.6168823242188,2277.982177734375,994.9656372070312,1552.3856201171875,354.46368408203125,3233.55859375,1447.642578125,675.6915283203125,3818.450927734375
2024-02-14,1086.7886962890625,662.6377563476562,2272.22509765625,997.7950439453125,1535.4752197265625,358.64666748046875,3221.3896484375,1463.7236328125,704.0564575195312,3772.991943359375
2024-02-15,1091.512451171875,677.0007934570312,2236.92333984375,991.8923950195312,1544.8289794921875,351.98004150390625,3212.919921875,1453.076904296875,721.387939453125,3775.8447265625
2024-02-16,1090.8306884765625,679.8015747070312,2260.140869140625,998.3316650390625,1568.1439208984375,352.59002685546875,3297.0810546875,1443.17138671875,714.7583618164062,3798.94189453125
2024-02-19,1112.4525146484375,678.4609985351562,2271.464111328125,1018.33251953125,1566.39306640625,356.6423034667969,3251.423095703125,1456.4364013671875,719.0675659179688,3776.396484375
2024-02-20,1114.15673828125,696.2711791992188,2287.593017578125,1023.210693359375,1553.03076171875,353.897216796875,3267.875244140625,1453.496826171875,719.87255859375,3709.082275390625
2024-02-21,1110.21240234375,689.0177612304688,2290.447021484375,1026.3326416015625,1525.660888671875,351.500732421875,3209.122802734375,1450.2115478515625,730.6692504882812,3673.05615234375
2024-02-22,1105.975830078125,679.634033203125,2272.3681640625,1036.8209228515625,1549.436767578125,361.1738586425781,3274.690185546875,1464.0941162109375,725.3656005859375,3761.029052734375
2024-02-23,1096.4310302734375,680.13671875,2278.077392578125,1035.455078125,1545.289794921875,358.51593017578125,3298.249267578125,1475.82763671875,718.8781127929688,3728.821533203125
2024-02-26,1081.1397705078125,680.9506225585938,2287.7353515625,1028.5279541015625,1529.89990234375,356.5987548828125,3378.272705078125,1469.6026611328125,718.7361450195312,3681.843994140625
2024-02-27,1098.1353759765625,679.9213256835938,2288.734375,1034.3818359375,1533.079345703125,358.2980651855469,3413.61181640625,1467.94775390625,710.1650390625,3776.948974609375
2024-02-28,1099.352783203125,674.7745361328125,2304.197021484375,1020.72265625,1540.129150390625,355.81439208984375,3378.321533203125,1438.2803955078125,703.2040405273438,3790.338134765625
2024-02-29,1094.093505859375,671.9019165039062,2295.39501953125,1026.5765380859375,1542.571044921875,354.0715026855469,3385.47705078125,1443.393798828125,708.5076904296875,3768.390869140625
2024-03-01,1099.3040771484375,684.9961547851562,2292.921142578125,1060.431640625,1524.8775634765625,356.8601379394531,3537.2978515625,1474.345458984375,728.443603515625,3767.700927734375
2024-03-04,1103.9791259765625,685.9297485351562,2304.625,1065.7489013671875,1508.75048828125,356.51153564453125,3547.9580078125,1489.4384765625,731.1901245117188,3755.139404296875
2024-03-05,1138.4571533203125,689.8316650390625,2283.548828125,1061.5537109375,1480.459228515625,353.9407653808594,3516.951416015625,1482.32421875,742.4603881835938,3692.012939453125
2024-03-06,1162.6112060546875,690.6695556640625,2284.452392578125,1070.3831787109375,1490.6422119140625,355.4222412109375,3545.767578125,1485.0909423828125,742.4130249023438,3740.04833984375
2024-03-07,1168.454833984375,692.3452758789062,2302.2939453125,1061.4560546875,1489.6285400390625,360.3895568847656,3579.59765625,1461.302734375,746.3433837890625,3780.813720703125
2024-03-11,1165.4356689453125,683.5838012695312,2274.033447265625,1052.4312744140625,1475.0220947265625,356.7730407714844,3544.210205078125,1449.12451171875,732.7528076171875,3793.466796875
2024-03-12,1172.886474609375,698.78466796875,2262.900146484375,1050.626220703125,1486.4029541015625,352.4593200683594,3525.76171875,1457.844482421875,719.4937744140625,3857.789794921875
2024-03-13,1138.3109130859375,699.191650390625,2200.52685546875,1057.553466796875,1484.9747314453125,368.1454772949219,3444.86181640625,1415.10986328125,707.70263671875,3817.99072265625
2024-03-14,1163.48779296875,696.8216552734375,2221.460693359375,1057.2120361328125,1523.58740234375,365.7054138183594,3512.66796875,1414.4180908203125,701.8307495117188,3871.91552734375
2024-03-15,1188.226318359375,695.481201171875,2214.894775390625,1054.0411376953125,1505.8016357421875,365.2261047363281,3443.4990234375,1401.3260498046875,693.1651000976562,3882.6357421875
2024-03-18,1193.3883056640625,692.3212890625,2188.489990234375,1054.8704833984375,1476.9112548828125,363.7882080078125,3466.912353515625,1422.32275390625,692.2653198242188,3821.211181640625
2024-03-19,1196.3587646484375,693.9012451171875,2157.089111328125,1057.553466796875,1438.9434814453125,356.9037170410156,3408.987548828125,1408.267333984375,685.4937133789062,3659.988525390625
2024-03-20,1199.718994140625,685.1398315429688,2133.30078125,1058.090087890625,1432.95361328125,362.2632141113281,3416.775634765625,1426.5469970703125,697.2848510742188,3654.099365234375
2024-03-21,1189.0054931640625,692.1776733398438,2133.68115234375,1055.4559326171875,1432.7230224609375,367.0997314453125,3465.743896484375,1433.685791015625,704.90869140625,3655.98583984375
2024-03-22,1203.906982421875,690.7891845703125,2147.193115234375,1063.7489013671875,1390.470458984375,373.5049133300781,3522.013671875,1437.6876220703125,707.1817626953125,3598.88623046875
2024-03-26,1181.5059814453125,682.4347534179688,2131.445068359375,1057.3095703125,1375.5413818359375,372.67706298828125,3572.928955078125,1424.3978271484375,700.8836669921875,3568.15087890625
2024-03-27,1192.9013671875,689.7598876953125,2131.159912109375,1057.3583984375,1367.431884765625,372.9820251464844,3608.267822265625,1475.061767578125,694.4909057617188,3534.470947265625
2024-03-28,1196.6021728515625,693.20703125,2154.614990234375,1066.67578125,1380.517822265625,373.2870788574219,3664.245361328125,1468.1451416015625,712.53271484375,3567.046630859375
2024-04-01,1185.645263671875,704.0271606445312,2175.120849609375,1072.8712158203125,1378.1217041015625,371.8491516113281,3736.383544921875,1467.0831298828125,718.1678466796875,3604.269775390625
2024-04-02,1176.7823486328125,708.6472778320312,2175.882080078125,1054.8704833984375,1366.5103759765625,371.1084289550781,3706.593505859375,1469.232177734375,725.8391723632812,3573.948486328125
2024-04-03,1193.77783203125,709.6766967773438,2155.423828125,1050.9676513671875,1364.4830322265625,370.5419921875,3682.304443359375,1454.0650634765625,730.2430419921875,3632.38232421875
2024-04-04,1175.418701171875,731.3648071289062,2155.186279296875,1052.57763671875,1370.058349609375,368.4068908691406,3697.296875,1445.4935302734375,719.1149291992188,3683.914794921875
2024-04-05,1159.9815673828125,741.873779296875,2157.089111328125,1057.0169677734375,1363.0545654296875,372.58990478515625,3643.996337890625,1442.7021484375,724.2764892578125,3661.783447265625
2024-04-08,1173.3245849609375,740.4613647460938,2158.9921875,1060.675537109375,1360.8427734375,373.94061279296875,3707.031982421875,1468.268798828125,727.6386108398438,3655.61767578125
2024-04-09,1173.0811767578125,741.3949584960938,2154.424560546875,1080.0909423828125,1377.56884765625,371.54412841796875,3685.0302734375,1446.2098388671875,723.7556762695312,3631.6923828125
2024-04-10,1197.3814697265625,735.5540161132812,2151.33251953125,1082.3837890625,1388.5814208984375,380.7815246582031,3653.82861328125,1461.9449462890625,737.8196411132812,3666.752197265625
2024-04-12,1193.6318359375,727.223388671875,2124.118408203125,1077.5054931640625,1368.2613525390625,374.8121337890625,3581.8369140625,1449.6680908203125,725.744384765625,3682.166015625
2024-04-15,1192.6578369140625,715.61328125,2087.721923828125,1052.0897216796875,1352.9637451171875,371.1519775390625,3505.4638671875,1447.3707275390625,717.41015625,3626.76904296875
2024-04-16,1184.7686767578125,722.5794067382812,2113.17578125,1041.0650634765625,1303.476806640625,371.1519775390625,3449.632080078125,1448.2847900390625,711.9171752929688,3563.826171875
2024-04-18,1232.7847900390625,715.61328125,2107.466552734375,1029.74755859375,1307.9002685546875,365.00823974609375,3456.93359375,1446.876708984375,705.38232421875,3553.8876953125
2024-04-19,1255.42919921875,733.13623046875,2123.452392578125,1041.26025390625,1300.52783203125,370.14984130859375,3425.19677734375,1452.607666015625,710.7332763671875,3520.94384765625
2024-04-22,1263.756591796875,723.9917602539062,2132.87255859375,1060.187744140625,1320.341064453125,370.6291198730469,3517.048583984375,1462.2166748046875,725.5549926757812,3556.280029296875
2024-04-23,1307.3897705078125,721.7894287109375,2153.092529296875,1063.7000732421875,1329.23388671875,374.02777099609375,3514.56591796875,1441.936279296875,732.08984375,3565.574462890625
2024-04-24,1301.5947265625,723.7523193359375,2150.7138671875,1070.041748046875,1318.498046875,373.7663879394531,3538.612548828125,1432.895263671875,732.1845092773438,3525.406982421875
2024-04-25,1303.8348388671875,723.2975463867188,2122.739013671875,1086.627685546875,1325.59375,381.3044128417969,3555.600341796875,1442.57861328125,769.6887817382812,3544.869384765625
2024-04-26,1291.465576171875,722.8427734375,2114.935791015625,1080.9202880859375,1318.037109375,383.4394836425781,3509.747314453125,1435.2421875,758.89208984375,3516.480712890625
2024-04-29,1297.74755859375,732.2744750976562,2118.21875,1131.8978271484375,1322.1842041015625,381.870849609375,3538.076904296875,1447.568359375,782.7584228515625,3561.43310546875
2024-04-30,1287.862060546875,727.7740478515625,2122.358154296875,1122.3853759765625,1309.098388671875,379.6486511230469,3499.135986328125,1449.5198974609375,782.5216674804688,3515.83642578125
2024-05-02,1270.0872802734375,733.5910034179688,2118.4091796875,1111.701904296875,1303.476806640625,382.5680236816406,3504.197998046875,1449.0753173828125,786.1205444335938,3555.083740234375
2024-05-03,1244.13134765625,727.5346069335938,2109.607666015625,1114.2386474609375,1305.181640625,380.3457946777344,3407.137939453125,1416.9129638671875,787.4464721679688,3536.771240234375
2024-05-06,1249.97509765625,728.994873046875,2146.85986328125,1118.3851318359375,1314.028564453125,378.8643493652344,3371.6044921875,1402.610595703125,765.048095703125,3608.2265625
2024-05-07,1252.653564453125,721.09521484375,2264.08935546875,1104.3358154296875,1327.8975830078125,383.74444580078125,3336.99560546875,1384.775634765625,759.4603881835938,3661.507080078125
2024-05-08,1255.0396728515625,709.84423828125,2227.597900390625,1095.652587890625,1315.318603515625,384.3109130859375,3394.531005859375,1401.6473388671875,767.8893432617188,3659.666748046875
2024-05-09,1242.2320556640625,693.0155029296875,2212.944580078125,1088.5302734375,1326.6075439453125,370.454833984375,3188.727783203125,1377.5130615234375,776.4130249023438,3644.2529296875
2024-05-10,1267.2628173828125,697.820068359375,2248.056396484375,1089.847412109375,1313.10693359375,377.6443176269531,3184.833740234375,1390.6546630859375,774.0926513671875,3583.24267578125
2024-05-13,1252.458740234375,706.2400512695312,2246.248291015625,1100.53076171875,1311.7705078125,376.3371887207031,3206.640625,1385.9859619140625,765.9951782226562,3632.842529296875
2024-05-14,1250.8516845703125,709.0062866210938,2235.73388671875,1093.26220703125,1312.9224853515625,374.4635314941406,3289.974365234375,1403.154052734375,774.897705078125,3589.96044921875
2024-05-15,1275.784912109375,698.1111450195312,2210.708251953125,1096.9696044921875,1308.545166015625,372.8077087402344,3320.98095703125,1399.399169921875,776.8865966796875,3570.819580078125
2024-05-16,1310.068115234375,708.6665649414062,2229.596435546875,1103.506591796875,1339.3248291015625,375.988525390625,3368.97607421875,1408.3660888671875,768.978515625,3615.82080078125
2024-05-17,1309.43505859375,710.5349731445312,2207.9013671875,1102.9698486328125,1330.98486328125,380.215087890625,3359.386474609375,1418.5927734375,774.5662231445312,3553.857177734375
2024-05-21,1309.2891845703125,707.9629516601562,2198.718994140625,1093.65234375,1321.6312255859375,378.9079284667969,3349.845947265625,1419.0128173828125,786.6888427734375,3540.973388671875
2024-05-22,1312.7952880859375,708.1570434570312,2252.195068359375,1084.0423583984375,1340.6611328125,383.35235595703125,3369.219482421875,1443.2454833984375,788.422119140625,3551.9111328125
2024-05-23,1338.26416015625,724.3661499023438,2267.039306640625,1106.8724365234375,1356.8802490234375,384.6159362792969,3490.471435546875,1468.343017578125,801.277587890625,3608.868896484375
2024-05-24,1352.337890625,736.3046875,2254.241455078125,1104.384521484375,1350.15283203125,380.1279296875,3529.899169921875,1462.6119384765625,797.9072265625,3568.131103515625
2024-05-27,1348.2958984375,741.400390625,2268.9423828125,1102.2869873046875,1355.91259765625,376.0321350097656,3555.30810546875,1448.77880859375,802.818359375,3565.861083984375
2024-05-28,1335.34228515625,742.75927734375,2279.83740234375,1099.5062255859375,1351.9501953125,373.8534851074219,3561.343994140625,1438.8485107421875,800.3628540039062,3559.2333984375
2024-05-29,1341.2347412109375,731.9855346679688,2258.380126953125,1075.1639404296875,1337.1131591796875,375.5528564453125,3538.563720703125,1423.607421875,792.1776733398438,3525.632568359375
2024-05-30,1341.283447265625,735.1642456054688,2237.4462890625,1086.5789794921875,1315.4569091796875,369.3655090332031,3538.466064453125,1407.8720703125,795.2590942382812,3463.019775390625
2024-05-31,1336.998046875,743.2688598632812,2216.179443359375,1093.75,1322.4595947265625,371.63128662109375,3572.150390625,1413.3560791015625,799.5924072265625,3402.632080078125
2024-06-03,1354.8701171875,762.9964599609375,2241.728271484375,1131.75146484375,1321.519775390625,375.02996826171875,3793.96728515625,1492.32861328125,872.1032104492188,3432.200927734375
2024-06-04,1265.8504638671875,719.7800903320312,2375.32470703125,1045.3577880859375,1310.0048828125,368.496826171875,3313.095703125,1380.625732421875,746.4852905273438,3443.462158203125
2024-06-05,1309.337646484375,753.0962524414062,2476.61572265625,1081.6519775390625,1344.2672119140625,381.8983154296875,3318.741943359375,1403.821044921875,760.4962768554688,3472.61376953125
2024-06-06,1334.9041748046875,756.93017578125,2426.041748046875,1083.359375,1383.8875732421875,386.4246520996094,3390.3447265625,1414.541748046875,786.6887817382812,3550.42724609375
2024-06-07,1388.130615234375,763.5545654296875,2452.874755859375,1094.384033203125,1441.555419921875,389.7528076171875,3438.97216796875,1452.4346923828125,799.207275390625,3609.332275390625
2024-06-10,1388.909912109375,757.7066650390625,2441.0283203125,1096.4329833984375,1409.7371826171875,387.75592041015625,3449.92431640625,1453.867431640625,800.9887084960938,3576.658935546875
2024-06-11,1390.07861328125,759.4052734375,2432.464599609375,1090.9693603515625,1405.97705078125,384.29461669921875,3503.419189453125,1439.31787109375,804.5997924804688,3570.54150390625
2024-06-12,1400.938232421875,763.94287109375,2406.154296875,1092.2864990234375,1396.060302734375,383.67333984375,3534.182861328125,1445.888671875,808.018310546875,3551.5859375
2024-06-13,1388.6177978515625,767.1458129882812,2366.85546875,1080.383544921875,1404.2850341796875,381.8983154296875,3605.590576171875,1447.790771484375,812.6405639648438,3594.687255859375
2024-06-14,1390.2247314453125,774.9835205078125,2382.565185546875,1078.72509765625,1399.5382080078125,382.6527404785156,3590.160400390625,1459.944091796875,808.1145629882812,3551.95703125
2024-06-18,1391.1500244140625,780.2733764648438,2388.810302734375,1095.506103515625,1408.2799072265625,380.5226745605469,3591.523193359375,1463.377685546875,813.6034545898438,3536.245849609375
2024-06-19,1356.087646484375,804.5628051757812,2360.706298828125,1116.580078125,1420.6407470703125,375.9963073730469,3494.901123046875,1441.2694091796875,821.0182495117188,3523.825439453125
2024-06-20,1345.1793212890625,810.143798828125,2384.9189453125,1128.62939453125,1424.4476318359375,375.6856994628906,3526.7890625,1456.139892578125,812.4960327148438,3510.431640625
2024-06-21,1379.17041015625,808.396728515625,2345.621826171875,1130.434326171875,1440.70947265625,372.4018859863281,3468.45849609375,1436.872314453125,805.322021484375,3532.214111328125
2024-06-24,1382.82275390625,811.6240844726562,2346.486328125,1141.60546875,1435.492431640625,375.6856994628906,3465.12255859375,1424.2989501953125,801.8554077148438,3537.82177734375
2024-06-25,1378.098876953125,830.5266723632812,2336.87841796875,1168.7772216796875,1449.4041748046875,375.6856994628906,3520.2646484375,1436.822998046875,811.0516357421875,3557.888916015625
2024-06-26,1421.48876953125,825.7463989257812,2349.753662109375,1188.339111328125,1448.2291259765625,376.2626037597656,3535.12939453125,1495.9844970703125,814.0367431640625,3574.017578125
2024-06-27,1437.3642578125,823.1500244140625,2365.654541015625,1190.1927490234375,1478.9195556640625,377.72698974609375,3497.304931640625,1512.3126220703125,812.7367553710938,3646.593994140625
2024-06-28,1406.441162109375,817.156494140625,2376.127685546875,1170.3870849609375,1472.7156982421875,377.1057434082031,3481.6552734375,1546.747314453125,817.5034790039062,3618.78662109375
2024-07-01,1416.1319580078125,827.5420532226562,2406.92138671875,1182.3388671875,1495.3223876953125,380.7889404296875,3460.16748046875,1541.5599365234375,810.7627563476562,3687.424560546875
2024-07-02,1381.994873046875,839.8687744140625,2387.753173828125,1161.6063232421875,1523.7567138671875,377.63824462890625,3558.236083984375,1546.525146484375,795.5480346679688,3723.75927734375
2024-07-03,1382.871337890625,858.3346557617188,2411.9658203125,1172.33837890625,1529.7257080078125,380.123291015625,3546.31494140625,1533.927001953125,808.8368530273438,3675.421142578125
2024-07-04,1385.988037109375,838.1945190429688,2398.129638671875,1202.9737548828125,1551.5802001953125,380.7889404296875,3506.037353515625,1535.5079345703125,808.2108764648438,3727.0498046875
2024-07-05,1392.4647216796875,799.8311157226562,2447.17919921875,1203.3641357421875,1548.572265625,384.87152099609375,3558.873779296875,1569.6956787109375,827.9033813476562,3718.56884765625
2024-07-08,1397.77294921875,793.6434326171875,2485.755615234375,1204.973876953125,1561.9200439453125,393.7023010253906,3563.632568359375,1581.824462890625,824.5330810546875,3701.328125
2024-07-09,1398.16259765625,794.2015991210938,2488.63818359375,1217.8524169921875,1557.68994140625,401.6899719238281,3597.0908203125,1571.325927734375,829.39599609375,3694.19091796875
2024-07-10,1407.4151611328125,789.1544799804688,2508.142333984375,1212.92529296875,1549.32421875,400.6693115234375,3581.3427734375,1565.3480224609375,817.5515747070312,3623.42138671875
2024-07-11,1400.5,787.1161499023438,2506.60546875,1208.291015625,1553.507080078125,407.0594177246094,3552.93798828125,1561.815673828125,824.9664306640625,3636.907958984375
2024-07-12,1395.92236328125,787.50439453125,2519.47998046875,1202.876220703125,1609.0130615234375,407.4144287109375,3580.656005859375,1577.6990966796875,827.8552856445312,3878.135986328125
2024-07-15,1400.1590576171875,787.213134765625,2517.606689453125,1199.9979248046875,1604.5950927734375,411.2751159667969,3582.863525390625,1578.193115234375,848.7033081054688,3864.464111328125
2024-07-16,1428.306396484375,786.07275390625,2583.085693359375,1209.705810546875,1622.454833984375,413.18328857421875,3568.0966796875,1557.4681396484375,848.0773315429688,3873.03759765625
2024-07-18,1445.009765625,783.6704711914062,2631.077880859375,1219.8525390625,1652.5343017578125,417.3546142578125,3587.376953125,1567.7689208984375,860.4513549804688,4000.116943359375
2024-07-19,1423.6800537109375,780.0307006835938,2620.125,1218.24267578125,1685.3394775390625,421.1708679199219,3550.38671875,1536.61962890625,856.406982421875,3997.190185546875
2024-07-22,1427.2352294921875,797.1377563476562,2628.099609375,1210.9254150390625,1702.1651611328125,414.07080078125,3582.71630859375,1482.7935791015625,844.3218383789062,3983.20751953125
2024-07-23,1427.527099609375,785.4175415039062,2657.932861328125,1196.8759765625,1726.6517333984375,436.8355712890625,3471.450927734375,1470.1708984375,831.899658203125,3997.1435546875
2024-07-24,1417.30078125,778.4534301757812,2610.564697265625,1193.21728515625,1723.8787841796875,438.47747802734375,3453.201171875,1477.8779296875,820.4404296875,4000.7666015625
2024-07-25,1411.408203125,784.5440673828125,2601.100830078125,1168.728515625,1715.324951171875,434.8386535644531,3551.0244140625,1474.6171875,817.0701293945312,4015.864501953125
2024-07-26,1474.9588623046875,785.2962646484375,2604.800048828125,1177.802001953125,1766.130859375,445.7107849121094,3610.630859375,1491.044189453125,830.5033569335938,4076.578369140625
2024-07-29,1442.7696533203125,778.9387817382812,2605.328369140625,1183.1680908203125,1758.799072265625,440.2525329589844,3703.8916015625,1501.9871826171875,839.3143920898438,4070.30712890625
2024-07-30,1432.0560302734375,784.034423828125,2585.920166015625,1179.997314453125,1764.48583984375,434.7943115234375,3713.408935546875,1495.1199951171875,840.469970703125,4055.67431640625
2024-07-31,1452.7042236328125,784.1315307617188,2599.611328125,1185.3145751953125,1756.1201171875,439.63128662109375,3743.187744140625,1487.4869384765625,840.0848388671875,4074.25537109375
2024-08-01,1466.2906494140625,795.3178100585938,2609.123779296875,1180.63134765625,1741.4095458984375,438.1668701171875,3708.159912109375,1497.244384765625,830.696044921875,4085.172607421875
2024-08-02,1454.8955078125,805.1937255859375,2587.02490234375,1167.411376953125,1711.8939208984375,434.0843200683594,3596.6982421875,1481.459716796875,816.4441528320312,3979.213134765625
2024-08-05,1427.527099609375,784.1315307617188,2609.459716796875,1144.0445556640625,1646.7532958984375,431.3330078125,3461.590087890625,1430.079345703125,781.5851440429688,3860.293212890625
2024-08-06,1405.9542236328125,777.0703125,2642.271240234375,1138.4346923828125,1646.0013427734375,431.5992736816406,3508.8828125,1438.700439453125,768.15185546875,3875.297607421875
2024-08-07,1412.0263671875,787.892578125,2636.506591796875,1143.898193359375,1684.11767578125,437.23492431640625,3569.764892578125,1447.3707275390625,778.6962280273438,3902.47265625
2024-08-08,1421.8692626953125,797.2105102539062,2626.081787109375,1136.239501953125,1638.5284423828125,439.0987548828125,3486.6591796875,1431.8577880859375,778.1184692382812,3876.5517578125
2024-08-09,1433.91552734375,800.8502197265625,2639.533203125,1143.0689697265625,1664.471923828125,440.1194152832031,3524.4345703125,1456.7330322265625,793.7665405273438,3928.764892578125
2024-08-12,1428.5289306640625,805.65478515625,2640.974365234375,1154.09033203125,1689.5223388671875,438.96563720703125,3504.712890625,1443.2208251953125,782.4998779296875,3898.01318359375
2024-08-13,1429.606201171875,778.0408935546875,2633.960205078125,1149.7113037109375,1689.5693359375,434.883056640625,3484.942138671875,1446.18505859375,768.0073852539062,3899.220947265625
2024-08-14,1441.3587646484375,780.2733764648438,2615.368896484375,1143.1181640625,1713.821044921875,436.8355712890625,3478.46630859375,1444.43115234375,773.2554931640625,3990.547607421875
2024-08-16,1452.964599609375,792.0662841796875,2640.5419921875,1168.3096923828125,1747.378173828125,446.1101379394531,3501.180908203125,1460.5863037109375,782.0183715820312,4102.77734375
2024-08-19,1439.3511962890625,791.7993774414062,2635.0654296875,1157.140869140625,1752.8773193359375,445.0451354980469,3488.131103515625,1475.65625,783.5591430664062,4171.482421875
2024-08-20,1419.2738037109375,794.783935546875,2643.232177734375,1160.6341552734375,1759.8330078125,442.6932067871094,3505.44873046875,1483.1416015625,789.9146728515625,4202.419921875
2024-08-21,1433.2789306640625,789.0089111328125,2681.80859375,1156.1075439453125,1760.3028564453125,448.5508117675781,3528.359130859375,1485.8433837890625,785.3406372070312,4228.619140625
2024-08-22,1455.706787109375,791.6780395507812,2683.345947265625,1172.098388671875,1767.39990234375,447.79638671875,3538.612548828125,1485.2979736328125,789.9146728515625,4182.63134765625
2024-08-23,1475.686279296875,788.6448364257812,2705.25244140625,1184.300537109375,1750.3392333984375,448.9058532714844,3530.812255859375,1487.1322021484375,785.1480102539062,4147.2333984375
2024-08-26,1482.34619140625,795.8758544921875,2710.5849609375,1193.9442138671875,1763.5460205078125,448.81707763671875,3573.345947265625,1499.6490478515625,784.859130859375,4183.04833984375
2024-08-27,1491.3564453125,794.8082885742188,2658.461181640625,1206.7860107421875,1786.05859375,444.2907409667969,3633.001708984375,1487.6031494140625,785.677734375,4178.125
2024-08-28,1524.263671875,794.4927368164062,2656.01123046875,1204.325927734375,1822.7177734375,441.3619384765625,3619.608642578125,1485.4715576171875,779.41845703125,4186.392578125
2024-08-29,1533.616943359375,795.1964721679688,2676.091796875,1202.4071044921875,1817.3128662109375,448.2845764160156,3614.114013671875,1507.90283203125,784.3295288085938,4191.73583984375
2024-08-30,1556.28955078125,794.395751953125,2669.126220703125,1209.5904541015625,1827.0416259765625,445.44451904296875,3634.914794921875,1496.6995849609375,785.3887939453125,4230.70947265625
2024-09-02,1538.954345703125,789.56689453125,2679.7431640625,1210.3284912109375,1846.5933837890625,452.6777648925781,3613.770751953125,1503.267822265625,791.6961669921875,4200.32958984375
2024-09-03,1528.4261474609375,794.6141357421875,2684.787353515625,1227.79541015625,1824.7388916015625,452.100830078125,3620.687744140625,1496.203857421875,794.248046875,4192.24755859375
2024-09-04,1529.6993408203125,796.773681640625,2729.897216796875,1216.62646484375,1807.0670166015625,449.3939514160156,3582.07861328125,1501.5823974609375,786.2554321289062,4161.49462890625
2024-09-05,1515.3023681640625,798.5450439453125,2727.20703125,1216.23291015625,1817.1248779296875,453.6983947753906,3555.93017578125,1480.192138671875,788.422119140625,4158.4296875
2024-09-06,1507.516357421875,794.4199829101562,2727.68701171875,1188.8763427734375,1787.70361328125,445.26702880859375,3507.460205078125,1452.2830810546875,753.514892578125,4140.5908203125
2024-09-09,1510.84619140625,799.0546264648438,2807.29052734375,1215.2979736328125,1780.9356689453125,454.1865234375,3510.943359375,1449.9283447265625,755.2000122070312,4133.9013671875
2024-09-10,1545.3204345703125,800.9229736328125,2784.999755859375,1217.5614013671875,1797.5263671875,455.8284606933594,3528.457275390625,1449.0113525390625,753.6593017578125,4188.06591796875
2024-09-11,1545.271484375,797.7929077148438,2790.33203125,1216.62646484375,1795.50537109375,456.4940490722656,3470.371826171875,1439.0721435546875,740.1297607421875,4161.587890625
2024-09-12,1612.7999267578125,808.8092651367188,2840.5341796875,1232.174560546875,1833.3865966796875,461.0647888183594,3553.82080078125,1467.1298828125,758.5703735351562,4197.216796875
2024-09-13,1600.7535400390625,808.4937744140625,2818.003173828125,1230.403076171875,1827.4176025390625,456.0503234863281,3544.990234375,1460.016357421875,761.5555419921875,4201.76953125
2024-09-16,1601.73291015625,810.9202880859375,2754.734130859375,1242.7037353515625,1833.1986083984375,453.6096496582031,3593.31298828125,1458.752197265625,756.451904296875,4193.08349609375
2024-09-17,1627.49072265625,809.876953125,2760.88330078125,1247.8699951171875,1835.3604736328125,450.636474609375,3625.642822265625,1459.6942138671875,753.9000854492188,4186.0224609375
2024-09-18,1620.781982421875,822.494873046875,2763.141357421875,1267.796875,1778.5855712890625,450.2814636230469,3660.229248046875,1450.919921875,763.3851928710938,4037.837158203125
2024-09-19,1630.5267333984375,829.1435546875,2797.63427734375,1271.388671875,1780.5125732421875,451.0802307128906,3614.359130859375,1457.0916748046875,760.6889038085938,3991.384033203125
2024-09-20,1676.4599609375,845.0130004882812,2860.903564453125,1317.09765625,1791.3695068359375,456.5384521484375,3722.48486328125,1473.2025146484375,752.7445068359375,3980.93212890625
2024-09-23,1714.362060546875,854.0397338867188,2909.85693359375,1300.8116455078125,1782.6275634765625,458.8016357421875,3716.401611328125,1480.5887451171875,772.1480712890625,3965.69580078125
2024-09-24,1720.4342041015625,858.0435180664062,2834.913818359375,1297.5643310546875,1784.6485595703125,457.2928466796875,3720.228271484375,1476.6229248046875,768.6814575195312,3968.29638671875
2024-09-25,1724.1070556640625,863.406005859375,2833.376220703125,1302.7305908203125,1781.546630859375,459.3341369628906,3722.43603515625,1481.15869140625,763.72216796875,3971.501953125
2024-09-26,1734.5863037109375,865.5171508789062,2869.0703125,1307.84765625,1786.1995849609375,463.9492492675781,3691.33251953125,1485.12451171875,772.1480712890625,3987.992431640625
2024-09-27,1698.8388671875,850.5697631835938,2849.998291015625,1285.7557373046875,1792.3094482421875,463.9048156738281,3635.89599609375,1513.10791015625,772.9185180664062,4003.043701171875
2024-09-30,1674.3052978515625,840.572509765625,2842.360107421875,1252.69189453125,1763.0289306640625,459.86663818359375,3606.36279296875,1463.9324951171875,758.71484375,3965.69580078125
2024-10-01,1663.678955078125,837.7334594726562,2809.163818359375,1254.069580078125,1790.0533447265625,458.1360168457031,3584.727783203125,1452.2830810546875,767.4296264648438,3983.71923828125
2024-10-03,1638.949462890625,816.282958984375,2779.955322265625,1236.307373046875,1779.7606201171875,455.0740661621094,3431.8115234375,1394.928466796875,764.6851806640625,3932.481689453125
2024-10-04,1607.0706787109375,804.4658203125,2737.103515625,1219.97216796875,1803.025146484375,446.9089050292969,3428.180908203125,1374.653564453125,767.1407470703125,3950.598388671875
2024-10-07,1627.7845458984375,785.1264038085938,2722.35498046875,1214.215576171875,1818.2059326171875,452.8108825683594,3403.063232421875,1358.9888916015625,742.1038208007812,3969.736572265625
2024-10-08,1623.2794189453125,801.2627563476562,2708.327392578125,1216.8724365234375,1831.6005859375,450.81396484375,3465.9072265625,1385.3858642578125,752.5037841796875,3951.527099609375
2024-10-09,1643.503662109375,792.5758056640625,2660.4306640625,1224.302001953125,1835.548583984375,436.3918151855469,3421.460205078125,1362.8306884765625,767.8629760742188,3951.248046875
2024-10-10,1643.503662109375,806.7709350585938,2646.7392578125,1223.6624755859375,1803.82421875,436.7024841308594,3395.2138671875,1359.31103515625,767.5740356445312,3927.510986328125
2024-10-11,1652.612060546875,801.238525390625,2674.122314453125,1203.489501953125,1818.9578857421875,433.2855224609375,3416.995849609375,1360.35205078125,770.1258544921875,3854.8583984375
2024-10-14,1660.6429443359375,819.2432861328125,2679.791259765625,1212.099853515625,1841.3294677734375,441.0513000488281,3488.131103515625,1360.7734375,775.325927734375,3843.19873046875
2024-10-15,1681.8465576171875,817.3020629882812,2672.44091796875,1235.470947265625,1841.70556640625,442.4713134765625,3485.0400390625,1332.5174560546875,774.8444213867188,3824.756591796875
2024-10-16,1698.2021484375,824.9214477539062,2672.248779296875,1223.3179931640625,1804.8582763671875,437.72308349609375,3466.103759765625,1342.4813232421875,775.61474609375,3804.456787109375
2024-10-17,1666.0784912109375,811.988037109375,2631.318359375,1211.60791015625,1849.977294921875,433.90679931640625,3503.093994140625,1344.811279296875,781.00732421875,3817.51025390625
2024-10-18,1672.640380859375,816.2101440429688,2610.613037109375,1244.327392578125,1766.788818359375,431.9542541503906,3510.45263671875,1347.66162109375,790.0110473632812,3839.908203125
2024-10-21,1657.6558837890625,838.9466552734375,2587.985595703125,1238.9644775390625,1741.5504150390625,429.247314453125,3518.10595703125,1357.476806640625,783.7999267578125,3799.67529296875
2024-10-22,1657.3619384765625,832.0797119140625,2576.60009765625,1247.279541015625,1740.46923828125,427.60540771484375,3445.793212890625,1331.8482666015625,761.1222534179688,3739.744140625
2024-10-23,1651.044921875,842.3923950195312,2555.078369140625,1231.6331787109375,1760.9610595703125,426.31854248046875,3390.356689453125,1327.0645751953125,756.88525390625,3787.009033203125
2024-10-24,1643.846435546875,849.1138305664062,2406.92138671875,1232.764892578125,1751.51416015625,418.6414794921875,3377.8466796875,1328.3287353515625,765.1184692382812,3769.919189453125
2024-10-25,1631.653076171875,846.0806884765625,2428.9716796875,1235.4217529296875,1750.2923583984375,428.0491638183594,3263.784912109375,1316.4808349609375,752.0223388671875,3778.906494140625
2024-10-28,1629.0577392578125,841.6158447265625,2474.850830078125,1272.2252197265625,1753.394287109375,429.6910705566406,3277.9140625,1322.9251708984375,762.7111206054688,3809.919677734375
2024-10-29,1603.348876953125,850.1814575195312,2447.8037109375,1310.6029052734375,1748.59326171875,433.0636291503906,3317.259033203125,1328.52685546875,801.8554077148438,3795.390869140625
2024-10-30,1599.67626953125,841.8099975585938,2454.817626953125,1291.21728515625,1713.227783203125,436.2586975097656,3344.192626953125,1332.3935546875,791.9850463867188,3804.1455078125
2024-10-31,1579.35400390625,842.3438720703125,2429.1640625,1271.6346435546875,1670.5897216796875,433.81805419921875,3554.115234375,1320.64501953125,789.8184204101562,3695.925048828125
2024-11-01,1583.1246337890625,843.120361328125,2438.051513671875,1271.19189453125,1674.011962890625,435.1493225097656,3558.089111328125,1327.1884765625,790.7813720703125,3710.593505859375
2024-11-04,1558.4442138671875,831.8612670898438,2425.849365234375,1256.82470703125,1676.6739501953125,430.0904541015625,3507.165771484375,1291.0009765625,799.1109008789062,3691.920166015625
2024-11-05,1545.8592529296875,853.0933227539062,2422.534912109375,1276.013671875,1667.68994140625,426.1853942871094,3507.50927734375,1294.1240234375,817.7442016601562,3698.6259765625
2024-11-06,1565.838623046875,851.83154296875,2430.650634765625,1281.5736083984375,1733.7625732421875,426.984130859375,3576.829345703125,1314.002197265625,823.13671875,3855.367919921875
2024-11-07,1543.312744140625,847.6094360351562,2406.15673828125,1258.30078125,1714.1309814453125,424.14410400390625,3577.90869140625,1294.470947265625,827.7589111328125,3865.84521484375
2024-11-08,1537.534423828125,851.4432983398438,2437.45458984375,1238.7674560546875,1739.704345703125,424.2771911621094,3591.399658203125,1272.758544921875,811.9183349609375,3862.213623046875
2024-11-11,1528.377197265625,857.1941528320312,2421.27099609375,1249.0509033203125,1768.367431640625,423.3009338378906,3560.5419921875,1261.802978515625,816.2515869140625,3910.363525390625
2024-11-12,1523.5782470703125,833.8509521484375,2392.548828125,1250.330078125,1776.6383056640625,419.66217041015625,3523.747802734375,1263.33984375,796.07763671875,3909.15234375
2024-11-13,1518.4853515625,815.967529296875,2395.902099609375,1233.6995849609375,1776.2581787109375,419.08526611328125,3481.16455078125,1241.3299560546875,778.6962280273438,3865.33349609375
2024-11-14,1518.5343017578125,821.5,2322.27392578125,1236.897705078125,1772.5980224609375,413.5382995605469,3459.873291015625,1256.746826171875,774.459228515625,3861.189453125
2024-11-18,1505.3126220703125,827.4934692382812,2355.02978515625,1233.45361328125,1722.11669921875,414.07080078125,3475.473876953125,1249.9554443359375,784.136962890625,3743.46923828125
2024-11-19,1494.0496826171875,845.5226440429688,2342.831787109375,1229.173095703125,1734.7607421875,414.78082275390625,3439.906005859375,1231.0189208984375,773.2554931640625,3762.142578125
2024-11-21,1493.7069091796875,845.0130004882812,2316.053466796875,1230.5999755859375,1743.6021728515625,405.7281188964844,3417.927734375,1212.528564453125,751.8297119140625,3793.15576171875
2024-11-22,1536.94677734375,847.1483154296875,2376.75390625,1257.6612548828125,1808.438720703125,421.2596740722656,3535.6689453125,1254.565673828125,785.8221435546875,3953.111572265625
2024-11-25,1546.201904296875,866.560546875,2402.22021484375,1280.1959228515625,1796.5076904296875,423.1678161621094,3682.35498046875,1275.9805908203125,813.1701049804688,4018.770263671875
2024-11-26,1544.73291015625,866.5363159179688,2409.7529296875,1284.132080078125,1829.2586669921875,423.3453674316406,3632.90380859375,1284.6060791015625,808.3072509765625,4053.787841796875
2024-11-27,1545.1246337890625,879.5181884765625,2417.237060546875,1279.9498291015625,1829.591552734375,423.3009338378906,3629.076904296875,1282.1275634765625,803.2034912109375,4035.020751953125
2024-11-28,1528.230224609375,870.2245483398438,2393.22900390625,1265.8287353515625,1765.0875244140625,421.4815673828125,3597.041748046875,1259.91943359375,807.7775268554688,3953.390380859375
2024-11-29,1593.6041259765625,871.632080078125,2426.228271484375,1279.3594970703125,1766.2283935546875,423.12347412109375,3654.685791015625,1281.1361083984375,807.8738403320312,3977.558349609375
2024-12-02,1609.71484375,875.8298950195312,2409.704345703125,1283.8369140625,1787.0960693359375,423.5228576660156,3634.326171875,1297.9410400390625,805.4183349609375,3982.960205078125
2024-12-03,1587.1402587890625,886.3125,2413.30078125,1287.527099609375,1798.789306640625,419.3958740234375,3715.763916015625,1311.969970703125,822.3182373046875,4007.267822265625
2024-12-04,1551.4415283203125,902.7157592773438,2395.464599609375,1295.0550537109375,1796.079833984375,414.5589294433594,3718.560302734375,1297.74267578125,827.8552856445312,4055.370361328125
2024-12-05,1582.04736328125,905.457763671875,2424.7216796875,1315.1788330078125,1839.4310302734375,414.9139099121094,3759.426513671875,1310.7305908203125,833.3922729492188,4157.49072265625
2024-12-06,1564.908203125,900.6531982421875,2414.22412109375,1307.552490234375,1827.5950927734375,418.15338134765625,3793.91455078125,1300.320556640625,831.658935546875,4140.21435546875
2024-12-09,1569.51123046875,907.5203247070312,2333.500244140625,1301.205322265625,1828.783447265625,412.6507568359375,3872.99755859375,1284.0609130859375,826.266357421875,4146.40771484375
2024-12-10,1546.10400390625,906.59814453125,2330.196044921875,1309.2252197265625,1852.4554443359375,413.0945129394531,3849.3017578125,1273.8489990234375,835.3662719726562,4128.154296875
2024-12-11,1553.3023681640625,904.1716918945312,2334.083984375,1306.3223876953125,1876.79296875,412.9170227050781,3843.0224609375,1267.2559814453125,829.684814453125,4123.4052734375
2024-12-12,1577.3463134765625,902.30322265625,2279.263671875,1308.04443359375,1889.00927734375,408.79010009765625,3787.242431640625,1252.0870361328125,822.0775146484375,4149.0166015625
2024-12-13,1647.078369140625,908.3695678710938,2323.14892578125,1323.44482421875,1901.0828857421875,417.1327209472656,3813.83251953125,1261.9517822265625,829.6366577148438,4166.6650390625
2024-12-16,1628.2742919921875,905.1907958984375,2299.869384765625,1324.6256103515625,1882.402099609375,417.2214660644531,3804.854736328125,1257.4407958984375,829.0589599609375,4111.99609375
2024-12-17,1581.9984130859375,889.6853637695312,2297.05078125,1312.47265625,1879.1221923828125,416.7333679199219,3735.534423828125,1234.6378173828125,819.044189453125,4031.249267578125
2024-12-18,1568.874755859375,878.74169921875,2293.1142578125,1293.1854248046875,1881.54638671875,417.57647705078125,3687.407958984375,1242.5196533203125,807.103515625,4049.271240234375
2024-12-19,1567.3076171875,870.3944702148438,2293.74609375,1266.3701171875,1850.2213134765625,414.07080078125,3646.394775390625,1219.914794921875,801.9515991210938,3978.5361328125
2024-12-20,1545.5653076171875,859.7177734375,2268.523193359375,1267.84619140625,1827.357421875,412.384521484375,3561.523193359375,1194.9803466796875,781.9221801757812,3883.913330078125
2024-12-23,1554.183837890625,874.0343017578125,2273.3828125,1276.1121826171875,1829.4013671875,420.9046936035156,3571.972412109375,1211.834716796875,790.7332763671875,3872.737060546875
2024-12-24,1551.2457275390625,872.6268310546875,2270.126953125,1276.5550537109375,1814.9034423828125,424.6322326660156,3571.236572265625,1212.2808837890625,781.9702758789062,3892.4814453125
2024-12-26,1566.524169921875,869.059814453125,2267.4052734375,1276.6533203125,1813.3348388671875,423.3009338378906,3561.1796875,1206.1339111328125,782.3555297851562,3882.7958984375
2024-12-27,1566.866943359375,872.6996459960938,2275.667236328125,1286.6907958984375,1822.2237548828125,424.765380859375,3540.1826171875,1210.595458984375,770.0296630859375,3878.837890625
2024-12-30,1554.183837890625,862.82373046875,2277.854248046875,1273.9964599609375,1812.0037841796875,423.3453674316406,3511.5810546875,1200.3338623046875,759.1000366210938,3873.203369140625
2024-12-31,1555.016357421875,860.3728637695312,2261.67041015625,1261.203857421875,1787.2860107421875,429.247314453125,3539.74072265625,1205.043212890625,765.503662109375,3813.598388671875
2025-01-01,1562.802490234375,865.1774291992188,2257.0537109375,1263.1719970703125,1789.662841796875,429.51361083984375,3598.464111328125,1210.7935791015625,763.8185424804688,3830.03662109375
2025-01-02,1576.5137939453125,870.5158081054688,2303.612060546875,1270.0111083984375,1861.296875,434.0399169921875,3643.598388671875,1231.167724609375,771.522216796875,3888.989013671875
2025-01-03,1565.8875732421875,848.8954467773438,2338.846435546875,1244.86865234375,1843.1387939453125,427.42791748046875,3591.007080078125,1240.4376220703125,764.0111083984375,3818.347900390625
2025-01-06,1555.701904296875,830.1141357421875,2309.63818359375,1243.933837890625,1842.283203125,407.9893493652344,3535.37451171875,1207.571533203125,747.640869140625,3813.78466796875
2025-01-07,1558.0523681640625,831.5215454101562,2323.829345703125,1258.8421630859375,1835.6282958984375,406.56072998046875,3574.7197265625,1230.2257080078125,749.9037475585938,3751.664794921875
2025-01-08,1566.230224609375,822.2522583007812,2333.74365234375,1243.58935546875,1837.81494140625,414.3490295410156,3528.653564453125,1254.664794921875,742.5853271484375,3826.264404296875
2025-01-09,1573.9185791015625,809.3916625976562,2367.1796875,1242.260986328125,1822.7467041015625,414.8559875488281,3461.491943359375,1244.0068359375,732.2816772460938,3761.490966796875
2025-01-10,1582.5860595703125,804.029052734375,2373.6435546875,1229.9111328125,1869.947998046875,410.0631408691406,3469.586669921875,1231.266845703125,715.71875,3972.715576171875
2025-01-13,1564.271484375,791.4595947265625,2382.343017578125,1210.1318359375,1865.4322509765625,404.6712341308594,3399.08935546875,1229.234375,702.4780883789062,3996.41796875
2025-01-14,1567.1116943359375,799.1031494140625,2301.619140625,1220.5135498046875,1844.374755859375,402.4130859375,3397.421142578125,1228.143798828125,720.4373168945312,3942.353759765625
2025-01-15,1574.3101806640625,797.38037109375,2306.52783203125,1218.49609375,1853.501220703125,403.1043701171875,3435.49072265625,1241.478515625,725.7816772460938,3957.768310546875
2025-01-16,1596.5911865234375,801.7481079101562,2279.312255859375,1229.173095703125,1833.3466796875,398.9566955566406,3441.868408203125,1255.6065673828125,737.9149169921875,3917.441162109375
2025-01-17,1593.9468994140625,794.3229370117188,2288.060302734375,1205.9002685546875,1725.9193115234375,405.7311706542969,3501.474853515625,1291.19921875,735.7964477539062,3911.75048828125
2025-01-20,1607.3155517578125,801.35986328125,2279.506591796875,1213.28076171875,1723.8756103515625,403.4269714355469,3525.36669921875,1294.272705078125,750.38525390625,3867.647216796875
2025-01-21,1592.624755859375,797.0648803710938,2274.93798828125,1177.0677490234375,1711.896728515625,403.2886962890625,3474.443603515625,1262.7945556640625,730.9334716796875,3827.859130859375
2025-01-22,1598.1092529296875,808.5423583984375,2277.3193359375,1181.299072265625,1764.8974609375,402.7817687988281,3451.974609375,1266.16552734375,725.5408935546875,3942.385986328125
2025-01-23,1602.271728515625,807.9843139648438,2256.664794921875,1182.5784912109375,1773.4534912109375,405.7311706542969,3437.30615234375,1252.8306884765625,718.2705688476562,3931.81103515625
2025-01-24,1610.8902587890625,800.6561889648438,2301.76513671875,1189.90966796875,1782.96044921875,407.02154541015625,3393.10400390625,1235.6292724609375,716.58544921875,3938.35498046875
2025-01-27,1569.5601806640625,790.9500732421875,2325.82177734375,1208.3604736328125,1732.146484375,405.6390075683594,3392.564453125,1218.82421875,721.4483642578125,3855.648681640625
2025-01-28,1584.9854736328125,810.6535034179688,2321.933837890625,1227.0081787109375,1739.51416015625,401.3531494140625,3349.637939453125,1223.8310546875,724.5298461914062,3832.07958984375
2025-01-29,1567.4544677734375,814.0020141601562,2317.1708984375,1231.6824951171875,1788.474365234375,399.41754150390625,3384.763916015625,1224.921630859375,730.355712890625,3888.512939453125
2025-01-30,1606.9237060546875,820.8933715820312,2341.276611328125,1235.5693359375,1768.2247314453125,402.04443359375,3356.55517578125,1242.3214111328125,734.3519897460938,3888.75
2025-01-31,1592.7716064453125,824.4118041992188,2399.64453125,1232.814208984375,1787.0960693359375,412.4595947265625,3500.248291015625,1254.2681884765625,744.2705078125,3900.46337890625
2025-02-01,1589.7845458984375,820.6264038085938,2435.85107421875,1235.520263671875,1760.0489501953125,426.3310852050781,3382.60546875,1253.7724609375,737.6260375976562,3863.236572265625
2025-02-03,1618.2845458984375,814.3417358398438,2373.54638671875,1233.0108642578125,1771.40966796875,418.7732238769531,3227.285400390625,1235.232666015625,732.7631225585938,3858.968505859375
2025-02-04,1627.1968994140625,835.1613159179688,2369.755615234375,1247.9683837890625,1805.1590576171875,419.51055908203125,3374.412353515625,1274.196044921875,750.3370971679688,3895.389404296875
2025-02-05,1626.217529296875,843.3629760742188,2324.072265625,1247.476318359375,1803.4952392578125,413.05865478515625,3319.515625,1267.2559814453125,737.6741943359375,3880.26171875
2025-02-06,1586.3565673828125,846.299072265625,2306.236083984375,1252.101318359375,1821.177978515625,406.56072998046875,3289.63916015625,1270.577392578125,724.3853759765625,3872.341552734375
2025-02-07,1642.1815185546875,840.9122314453125,2297.634033203125,1236.8487548828125,1809.7696533203125,397.1133117675781,3274.08740234375,1255.8544921875,709.8928833007812,3821.7412109375
2025-02-10,1658.1455078125,832.6619873046875,2295.301025390625,1242.4576416015625,1787.5712890625,393.7491149902344,3265.99267578125,1242.916259765625,709.5076293945312,3828.902099609375
2025-02-11,1661.7691650390625,825.6978759765625,2250.3955078125,1232.764892578125,1783.150634765625,385.5459899902344,3178.66796875,1224.2772216796875,704.018798828125,3759.28515625
2025-02-12,1676.26416015625,828.3185424804688,2267.162109375,1231.8299560546875,1771.2672119140625,383.76715087890625,3227.726806640625,1206.1339111328125,705.9928588867188,3746.575439453125
2025-02-13,1679.2510986328125,823.9022827148438,2256.470458984375,1228.976318359375,1752.3485107421875,383.5799255371094,3202.216064453125,1205.6876220703125,700.6965942382812,3708.636962890625
2025-02-14,1681.6507568359375,822.5191040039062,2253.40869140625,1239.99755859375,1764.8499755859375,384.0948181152344,3176.70556640625,1206.827880859375,695.4003295898438,3732.06396484375
2025-02-17,1641.0062255859375,833.4384765625,2264.14892578125,1231.1904296875,1751.4451904296875,382.550048828125,3161.203125,1214.4124755859375,700.7447509765625,3703.27783203125
2025-02-18,1634.493408203125,836.2047729492188,2231.684814453125,1223.2196044921875,1760.619384765625,379.41363525390625,3159.534912109375,1214.908203125,698.9151000976562,3673.59130859375
2025-02-19,1611.281982421875,838.21875,2187.36181640625,1241.52294921875,1721.498779296875,380.4902648925781,3214.2353515625,1216.9404296875,700.3595581054688,3589.0830078125
2025-02-20,1609.616943359375,818.7579956054688,2185.077880859375,1230.009521484375,1735.14111328125,376.4176025390625,3214.137451171875,1222.4429931640625,702.670654296875,3584.625244140625
2025-02-21,1605.45458984375,821.3786010742188,2178.857177734375,1213.28076171875,1725.4915771484375,375.3409423828125,3252.69775390625,1217.634521484375,695.255859375,3590.88525390625
2025-02-24,1568.2869873046875,813.9049682617188,2178.662841796875,1198.9136962890625,1677.1016845703125,376.2771911621094,3196.378173828125,1204.151123046875,689.8633422851562,3486.1748046875
2025-02-25,1607.560302734375,816.4528198242188,2196.0126953125,1204.6212158203125,1680.5242919921875,379.03912353515625,3165.176513671875,1193.69140625,684.5670776367188,3442.497802734375
2025-02-27,1616.3748779296875,825.358154296875,2182.064453125,1202.9482421875,1677.2919921875,375.99627685546875,3149.08544921875,1196.7647705078125,677.8263549804688,3426.374267578125
2025-02-28,1537.8282470703125,840.7423095703125,2128.89697265625,1184.8909912109375,1604.469482421875,369.81707763671875,3104.294921875,1189.82470703125,663.2857055664062,3303.737548828125
2025-03-03,1562.9005126953125,825.7706909179688,2115.87255859375,1186.9573974609375,1624.3388671875,372.1109313964844,3137.115234375,1161.2216796875,669.5448608398438,3313.032470703125
2025-03-04,1542.8720703125,829.8715209960938,2096.918701171875,1191.0904541015625,1605.0400390625,369.6766357421875,3152.519775390625,1151.9517822265625,689.5262451171875,3350.022705078125
2025-03-05,1584.8875732421875,820.1654052734375,2109.651611328125,1196.305908203125,1627.0958251953125,379.226318359375,3178.66796875,1165.534423828125,703.2965698242188,3364.249755859375
2025-03-06,1593.3592529296875,820.7477416992188,2156.792724609375,1198.6185302734375,1631.2313232421875,379.8349304199219,3198.53662109375,1199.2432861328125,704.93359375,3415.988525390625
2025-03-07,1597.0809326171875,819.8013916015625,2142.79638671875,1195.17431640625,1602.853271484375,378.1496887207031,3183.623046875,1239.0992431640625,705.607666015625,3425.09326171875
2025-03-10,1597.32568359375,818.9521484375,2184.786376953125,1195.469482421875,1617.5413818359375,379.1795349121094,3117.884033203125,1227.796875,701.9003295898438,3404.654296875
2025-03-11,1628.6658935546875,817.9815673828125,2154.84912109375,1225.5321044921875,1579.656494140625,380.30303955078125,3135.300048828125,1236.62060546875,702.8151245117188,3391.043701171875
2025-03-12,1608.9803466796875,830.4296264648438,2131.47265625,1224.105224609375,1512.395751953125,386.1077880859375,3133.53369140625,1246.2872314453125,696.2670288085938,3325.5048828125
2025-03-13,1598.84375,828.2214965820312,2113.879638671875,1230.10791015625,1501.938232421875,385.7800598144531,3127.303466796875,1237.2154541015625,700.8892211914062,3330.104736328125
2025-03-17,1605.356689453125,830.0656127929688,2110.42919921875,1248.7557373046875,1511.6353759765625,381.9414978027344,3113.714111328125,1228.242919921875,696.36328125,3317.44287109375
2025-03-18,1605.356689453125,830.0656127929688,2110.42919921875,1248.7557373046875,1511.6353759765625,383.0181579589844,3113.714111328125,1228.242919921875,696.36328125,3317.44287109375
2025-03-19,1603.3978271484375,846.42041015625,2138.422607421875,1292.1519775390625,1508.307861328125,377.3538513183594,3257.06396484375,1236.471923828125,717.5001831054688,3316.874267578125
2025-03-20,1670.0938720703125,858.3832397460938,2179.5859375,1300.6148681640625,1535.8778076171875,378.1965026855469,3287.970947265625,1258.283447265625,721.7853393554688,3379.519775390625
2025-03-21,1690.2203369140625,859.15966796875,2183.27978515625,1321.673583984375,1514.011962890625,379.6944885253906,3351.6494140625,1265.421875,725.3001708984375,3393.699462890625
2025-03-24,1683.3646240234375,873.5489501953125,2192.99951171875,1336.4835205078125,1514.2021484375,384.7033996582031,3416.30908203125,1290.951416015625,751.8778076171875,3441.9287109375
2025-03-25,1694.8233642578125,883.958740234375,2207.676513671875,1322.263916015625,1548.141357421875,383.6734924316406,3404.28955078125,1274.4439697265625,744.2222900390625,3469.24462890625
2025-03-26,1702.70751953125,876.7277221679688,2183.03662109375,1314.58837890625,1520.5716552734375,381.3797302246094,3379.95654296875,1262.150146484375,735.7001342773438,3448.426025390625
2025-03-27,1689.142822265625,885.8514404296875,2181.773193359375,1315.326416015625,1524.469482421875,383.3458557128906,3435.687255859375,1267.2559814453125,743.6926879882812,3463.0322265625
2025-03-28,1697.6636962890625,887.2344970703125,2195.575439453125,1326.8397216796875,1493.1920166015625,383.626708984375,3426.562255859375,1264.1824951171875,742.9223022460938,3420.303955078125
2025-04-01,1688.6043701171875,857.9463500976562,2171.27587890625,1297.416748046875,1451.21923828125,380.724365234375,3372.10693359375,1241.8751220703125,743.1149291992188,3367.806396484375
2025-04-02,1718.426513671875,872.0444946289062,2175.212158203125,1310.0125732421875,1473.7030029296875,382.9713134765625,3355.52490234375,1240.4376220703125,747.20751953125,3361.309326171875
2025-04-03,1710.00390625,871.0496215820312,2181.676025390625,1308.3397216796875,1422.6986083984375,383.29901123046875,3355.77001953125,1238.008544921875,750.3370971679688,3227.765380859375
2025-04-04,1707.50634765625,881.9447631835938,2181.676025390625,1313.998046875,1380.060546875,383.5799255371094,3198.78173828125,1194.38525390625,739.0223388671875,3129.3623046875
2025-04-07,1651.87744140625,853.0205078125,2186.39013671875,1267.009765625,1327.8680419921875,380.1625671386719,3010.73974609375,1155.71923828125,719.2335815429688,3105.31884765625
2025-04-08,1684.9315185546875,858.5773315429688,2225.123779296875,1279.1627197265625,1358.3375244140625,386.2481994628906,3101.5966796875,1172.0780029296875,740.1297607421875,3123.244873046875
2025-04-09,1680.181640625,856.5632934570312,2284.17236328125,1280.04833984375,1334.4752197265625,389.7591247558594,2996.65966796875,1175.2010498046875,714.7077026367188,3079.28369140625
2025-04-11,1720.38525390625,876.8247680664062,2299.869384765625,1290.7252197265625,1339.9417724609375,394.67437744140625,3057.29638671875,1208.5133056640625,725.9260864257812,3064.96142578125
2025-04-15,1761.71533203125,905.0452270507812,2295.349853515625,1328.66015625,1355.675537109375,393.59771728515625,3196.2802734375,1229.4822998046875,735.2186279296875,3080.801025390625
2025-04-16,1785.0245361328125,911.4027099609375,2300.30712890625,1334.7613525390625,1343.4117431640625,397.3895263671875,3166.94287109375,1228.689208984375,743.1630859375,3105.08203125
2025-04-17,1850.153564453125,925.3309326171875,2308.4716796875,1384.2587890625,1349.4959716796875,400.0110168457031,3186.174072265625,1263.5877685546875,767.9110717773438,3128.887939453125
2025-04-21,1844.5711669921875,935.231201171875,2285.143798828125,1387.3095703125,1379.442626953125,395.89154052734375,3218.7490234375,1284.407958984375,786.4480590820312,3150.418701171875
2025-04-22,1814.0142822265625,952.0227661132812,2331.508056640625,1393.902587890625,1352.6334228515625,405.9561767578125,3196.4765625,1280.1446533203125,791.9369506835938,3143.58935546875
2025-04-23,1842.8082275390625,933.67822265625,2355.90478515625,1401.676513671875,1402.1639404296875,403.3815002441406,3238.863037109375,1288.869384765625,783.3184204101562,3237.108154296875
2025-04-24,1807.5504150390625,930.2325439453125,2260.1640625,1380.3226318359375,1398.8365478515625,402.6324768066406,3238.470703125,1290.4556884765625,783.270263671875,3226.295654296875
2025-04-25,1779.73583984375,927.5148315429688,2266.870849609375,1382.38916015625,1407.2025146484375,400.52593994140625,3210.50732421875,1289.2659912109375,769.066650390625,3270.304443359375
2025-04-28,1784.2412109375,931.882568359375,2253.65185546875,1406.00634765625,1409.0087890625,401.462158203125,3264.668212890625,1357.080322265625,787.0739135742188,3266.0361328125
2025-04-29,1786.199951171875,926.3501586914062,2256.664794921875,1406.9903564453125,1423.6495361328125,398.8406982421875,3259.76220703125,1387.7156982421875,782.4517211914062,3293.541748046875
2025-04-30,1826.060791015625,934.2120361328125,2276.493408203125,1404.235107421875,1426.1212158203125,398.6534423828125,3278.110107421875,1392.9703369140625,759.4370727539062,3275.71044921875
2025-05-02,1810.0968017578125,932.7075805664062,2253.65185546875,1407.2855224609375,1432.5859375,402.1175537109375,3272.125,1407.6436767578125,767.1889038085938,3254.180419921875
2025-05-05,1827.5299072265625,939.9386596679688,2282.8115234375,1406.5968017578125,1434.2020263671875,409.0926208496094,3267.513427734375,1419.0452880859375,760.737060546875,3276.279541015625
2025-05-06,1861.808349609375,937.4635620117188,2315.08154296875,1408.7615966796875,1436.9588623046875,407.7818298339844,3271.241943359375,1408.7342529296875,745.426025390625,3281.68603515625
2025-05-07,1857.6949462890625,944.2092895507812,2304.3896484375,1412.5010986328125,1433.9168701171875,403.662353515625,3258.879150390625,1393.9617919921875,747.3519287109375,3267.5537109375
2025-05-08,1836.246337890625,935.91064453125,2288.9345703125,1412.5994873046875,1436.864013671875,403.1474304199219,3261.33203125,1394.9532470703125,740.514892578125,3271.157470703125
2025-05-09,1810.292724609375,917.080810546875,2267.551025390625,1366.742919921875,1433.2513427734375,396.5469055175781,3379.072998046875,1365.408447265625,750.38525390625,3263.00146484375
2025-05-12,1832.23095703125,949.8388671875,2315.76171875,1425.39208984375,1546.66796875,407.73504638671875,3519.67578125,1424.20068359375,771.95556640625,3433.8193359375
2025-05-13,1783.0657958984375,933.0473022460938,2293.89208984375,1407.777587890625,1491.2430419921875,400.61956787109375,3499.85595703125,1403.5787353515625,772.0518188476562,3333.8515625
2025-05-14,1796.385498046875,927.2236938476562,2284.657958984375,1403.44775390625,1513.869384765625,401.7430725097656,3505.84130859375,1412.2042236328125,771.0407104492188,3365.814208984375
2025-05-15,1828.705078125,938.4827270507812,2289.226318359375,1427.6553955078125,1533.453369140625,405.0667419433594,3550.092041015625,1441.7491455078125,777.8295288085938,3395.40673828125
2025-05-16,1776.601806640625,938.9195556640625,2314.692626953125,1430.8043212890625,1511.49267578125,407.92230224609375,3536.84619140625,1443.9302978515625,778.0751342773438,3377.76513671875
2025-05-19,1780.813232421875,940.8607788085938,2315.9560546875,1425.8841552734375,1482.8770751953125,407.5946044921875,3532.43115234375,1428.4638671875,780.9237670898438,3337.455810546875
2025-05-20,1771.6070556640625,929.310546875,2275.521484375,1415.25634765625,1483.6375732421875,407.17327880859375,3500.640869140625,1412.402587890625,771.7393798828125,3318.01220703125
2025-05-21,1784.9266357421875,935.085693359375,2297.6826171875,1421.6527099609375,1491.14794921875,405.3944396972656,3521.44189453125,1416.963134765625,773.1636352539062,3344.0947265625
2025-05-22,1793.6431884765625,931.7369995117188,2265.412841796875,1419.0941162109375,1471.1834716796875,398.934326171875,3484.549560546875,1397.332763671875,771.346435546875,3297.809814453125
2025-05-23,1793.9368896484375,938.3856811523438,2293.1142578125,1426.67138671875,1487.6304931640625,408.4840087890625,3532.13671875,1414.5838623046875,776.5034790039062,3333.47216796875
2025-05-26,1809.3133544921875,941.5886840820312,2327.037109375,1437.2989501953125,1502.55615234375,414.66326904296875,3580.01806640625,1422.5152587890625,780.33447265625,3355.002197265625
2025-05-27,1805.78759765625,934.8429565429688,2313.526123046875,1423.3255615234375,1492.669189453125,406.2370300292969,3571.48193359375,1409.9239501953125,779.6468505859375,3318.3916015625
2025-05-28,1817.8338623046875,933.484130859375,2295.8359375,1430.6075439453125,1494.2852783203125,400.65911865234375,3577.663330078125,1400.802734375,782.4463500976562,3317.44287109375
2025-05-29,1825.1793212890625,935.42529296875,2300.404296875,1433.264404296875,1507.40478515625,399.2765197753906,3586.494140625,1405.660888671875,783.232177734375,3317.82275390625
2025-05-30,1817.9317626953125,943.86962890625,2282.519775390625,1422.7352294921875,1506.5369873046875,398.60906982421875,3605.92138671875,1408.7342529296875,797.91748046875,3284.910400390625
2025-06-02,1815.8751220703125,937.65771484375,2305.167236328125,1427.3602294921875,1497.9569091796875,399.8009338378906,3610.336669921875,1401.5958251953125,799.2435913085938,3272.01171875
2025-06-03,1803.339111328125,934.0178833007812,2286.407958984375,1414.961181640625,1487.5450439453125,397.5602722167969,3609.54443359375,1393.4661865234375,795.4617309570312,3229.7099609375
2025-06-04,1836.736083984375,942.073974609375,2298.26611328125,1408.1712646484375,1495.4503173828125,397.60791015625,3591.42138671875,1411.31201171875,792.2201538085938,3235.164306640625
2025-06-05,1840.06591796875,946.1505126953125,2309.832763671875,1431.591552734375,1498.43896484375,399.6102600097656,3607.36572265625,1430.0501708984375,791.72900390625,3225.786865234375
2025-06-06,1831.643310546875,960.2728881835938,2322.857177734375,1436.413330078125,1507.5975341796875,401.4695739746094,3620.93310546875,1431.1407470703125,798.6541748046875,3238.322021484375
2025-06-09,1826.6484375,960.3699951171875,2326.162109375,1411.9107666015625,1516.3704833984375,403.3765563964844,3643.314453125,1436.3953857421875,805.5302734375,3274.39697265625
2025-06-10,1818.813232421875,953.7698974609375,2328.105712890625,1400.200439453125,1538.6402587890625,407.14288330078125,3644.205810546875,1426.1834716796875,802.5833740234375,3313.62939453125
2025-06-11,1821.849365234375,946.538818359375,2309.832763671875,1408.1712646484375,1572.478759765625,406.3323974609375,3649.157470703125,1436.4945068359375,800.6187744140625,3322.241455078125
2025-06-12,1806.17919921875,943.1417236328125,2267.356689453125,1402.4637451171875,1550.787353515625,401.4219055175781,3569.039794921875,1429.257080078125,791.679931640625,3286.166748046875
2025-06-13,1802.4576416015625,930.6207885742188,2254.04052734375,1393.5089111328125,1544.424560546875,394.6520690917969,3552.699462890625,1415.67431640625,778.3206787109375,3297.171142578125
2025-06-16,1822.9267578125,939.2592163085938,2262.205078125,1404.13671875,1565.441162109375,398.7521057128906,3593.599853515625,1425.4896240234375,778.4680786132812,3345.590087890625
2025-06-17,1816.560791015625,936.4445190429688,2263.37158203125,1400.49560546875,1580.9625244140625,397.98931884765625,3587.261962890625,1418.946044921875,778.2716064453125,3363.770751953125
2025-06-18,1827.4320068359375,938.5313110351562,2232.9482421875,1390.064697265625,1574.214111328125,396.5590515136719,3566.6630859375,1417.85546875,777.8787231445312,3302.625244140625
2025-06-19,1838.3031005859375,939.2107543945312,2229.93505859375,1388.78564453125,1560.2352294921875,396.6544189453125,3586.07373046875,1421.0281982421875,771.1990356445312,3276.40625
2025-06-20,1896.772216796875,953.4786987304688,2241.59912109375,1404.33349609375,1564.573486328125,399.0858154296875,3626.577880859375,1453.6463623046875,782.053466796875,3287.60205078125
2025-06-23,1896.3804931640625,945.5681762695312,2234.62548828125,1397.4451904296875,1527.071533203125,394.6520690917969,3549.03515625,1444.326904296875,776.2088012695312,3247.31689453125
2025-06-24,1893.7362060546875,951.634521484375,2222.839111328125,1401.38134765625,1524.7576904296875,395.0811462402344,3569.93115234375,1438.3782958984375,781.3167114257812,3244.25439453125
2025-06-25,1925.076416015625,961.0009155273438,2238.1611328125,1403.05419921875,1556.8609619140625,396.9881591796875,3584.7861328125,1454.737060546875,785.8843383789062,3296.31005859375
2025-06-26,1972.7725830078125,981.1896362304688,2240.22412109375,1416.1419677734375,1557.92138671875,400.7544250488281,3624.201171875,1482.497314453125,782.9375,3293.439453125
2025-06-27,1985.3084716796875,988.5982666015625,2265.859375,1438.8734130859375,1550.208984375,399.18115234375,3643.611572265625,1502.4251708984375,791.1396484375,3292.76953125
2025-06-30,1968.1693115234375,982.023681640625,2253.7783203125,1422.7352294921875,1544.2318115234375,397.08349609375,3634.302490234375,1487.7518310546875,805.824951171875,3312.76806640625
2025-07-01,1977.767333984375,987.2244873046875,2254.662353515625,1409.1552734375,1549.05224609375,395.7962646484375,3631.232421875,1515.3138427734375,805.7758178710938,3281.860595703125
2025-07-02,1991.3807373046875,974.418701171875,2266.05615234375,1405.0223388671875,1552.619140625,393.74627685546875,3562.008544921875,1505.7960205078125,798.5068969726562,3275.736572265625
2025-07-03,1977.66943359375,974.9583740234375,2272.243896484375,1403.152587890625,1560.5244140625,394.1276550292969,3548.242919921875,1504.8046875,792.8095092773438,3254.20654296875
2025-07-04,1975.6126708984375,976.037841796875,2297.683349609375,1419.7830810546875,1581.733642578125,393.3648376464844,3559.830078125,1514.223388671875,797.4754028320312,3272.387451171875
2025-07-07,1991.9683837890625,975.1055908203125,2367.51806640625,1412.796142578125,1568.5262451171875,396.79742431640625,3546.757568359375,1528.3016357421875,792.56396484375,3264.63671875
2025-07-08,1988.148681640625,981.974609375,2350.133056640625,1418.9957275390625,1579.8055419921875,397.7986145019531,3571.515625,1524.4349365234375,798.2612915039062,3259.373779296875
2025-07-09,1978.06103515625,986.7828369140625,2380.286865234375,1409.0570068359375,1574.9853515625,399.9440002441406,3545.073974609375,1505.9942626953125,796.5913696289062,3237.939208984375
2025-07-10,1923.9991455078125,984.3296508789062,2365.5537109375,1401.38134765625,1557.728759765625,397.46490478515625,3540.122314453125,1504.2095947265625,793.693603515625,3236.216796875
2025-07-11,1882.27734375,973.2902221679688,2474.77587890625,1399.2164306640625,1537.5797119140625,397.4172058105469,3506.352294921875,1482.3980712890625,794.3321533203125,3125.217041015625
2025-07-14,1881.2979736328125,972.94677734375,2471.828857421875,1400.2989501953125,1513.8638916015625,399.8962707519531,3462.08447265625,1470.9964599609375,794.528564453125,3083.78369140625
2025-07-15,1894.32373046875,979.079833984375,2481.94580078125,1407.9744873046875,1528.614013671875,402.4707336425781,3460.202880859375,1472.6820068359375,801.9940185546875,3112.10791015625
2025-07-16,1896.67431640625,979.4722900390625,2472.811279296875,1403.6446533203125,1550.1126708984375,404.8544616699219,3469.908203125,1472.8802490234375,816.9739990234375,3104.234375
2025-07-17,1890.112548828125,974.8602294921875,2465.14990234375,1396.0675048828125,1526.589599609375,404.2347106933594,3440.396484375,1463.7591552734375,814.32177734375,3081.287109375
2025-07-18,1877.372802734375,960.38623046875,2445.309326171875,1403.05419921875,1529.095947265625,403.09051513671875,3431.285400390625,1463.362548828125,808.7717895507812,3062.756103515625
2025-07-21,1885.4708251953125,981.5330200195312,2421.048828125,1442.4161376953125,1527.36083984375,400.5637512207031,3468.91796875,1416.3682861328125,809.6068115234375,3032.31982421875
2025-07-22,1883.100830078125,984.771240234375,2435.585205078125,1450.0916748046875,1514.4423828125,396.6544189453125,3431.08740234375,1400.70361328125,800.5697021484375,3033.6640625
2025-07-23,1919.640869140625,993.2103881835938,2406.806640625,1464.852294921875,1517.9129638671875,395.65325927734375,3451.19091796875,1412.402587890625,806.1196899414062,3052.38671875
2025-07-24,1912.0364990234375,988.2548217773438,2394.430908203125,1459.7353515625,1496.70361328125,390.8857727050781,3443.862548828125,1390.888427734375,801.25732421875,3022.526611328125
2025-07-25,1913.814208984375,985.9922485351562,2372.42919921875,1453.5357666015625,1461.2261962890625,390.361328125,3409.59716796875,1379.7841796875,792.269287109375,3010.812744140625
2025-07-28,1866.805908203125,987.9105224609375,2398.163330078125,1464.6556396484375,1461.515380859375,390.83807373046875,3389.097412109375,1375.71923828125,783.0357666015625,2956.56494140625
2025-07-29,1894.4578857421875,994.3539428710938,2409.949951171875,1462.4906005859375,1459.2979736328125,389.45550537109375,3461.78759765625,1404.9666748046875,785.0494384765625,2934.193359375
2025-07-30,1908.580078125,996.4197998046875,2394.037841796875,1458.7513427734375,1464.40771484375,388.6450500488281,3629.64794921875,1398.026611328125,787.4560546875,2931.888916015625
2025-07-31,1890.507568359375,992.6815795898438,2476.34716796875,1457.767333984375,1454.76708984375,392.79278564453125,3601.324462890625,1378.2969970703125,782.4463500976562,2915.7587890625
2025-08-01,1860.9791259765625,989.7304077148438,2508.268798828125,1448.12353515625,1416.782958984375,397.08349609375,3552.6005859375,1381.76708984375,779.9415283203125,2883.3056640625
2025-08-04,1890.8037109375,979.7947387695312,2498.44677734375,1439.8575439453125,1427.291259765625,397.46490478515625,3595.976806640625,1399.4146728515625,781.6113891601562,2951.85986328125
2025-08-05,1907.7900390625,972.7118530273438,2489.60693359375,1421.357421875,1407.8172607421875,394.89044189453125,3617.26904296875,1379.7841796875,786.4246215820312,2941.778564453125
2025-08-06,1905.716064453125,976.499267578125,2490.4912109375,1420.5703125,1385.0654296875,392.8404235839844,3593.302734375,1380.874755859375,790.8941040039062,2911.438232421875
2025-08-07,1898.704345703125,981.4671020507812,2472.712890625,1417.322998046875,1385.2581787109375,394.36602783203125,3606.375244140625,1377.5040283203125,790.8941040039062,2925.552001953125
2025-08-08,1835.499755859375,970.8920288085938,2454.1494140625,1412.9931640625,1371.9542236328125,395.22418212890625,3572.7041015625,1356.0888671875,790.0591430664062,2915.37451171875
2025-08-11,1834.314697265625,981.5654296875,2473.596923828125,1413.681884765625,1376.870849609375,397.46490478515625,3632.916015625,1374.331298828125,808.8700561523438,2919.59912109375
2025-08-12,1827.302978515625,968.924560546875,2439.612548828125,1410.112060546875,1372.9183349609375,396.9881591796875,3650.44482421875,1368.5810546875,806.0704956054688,2914.41455078125
2025-08-13,1844.1904296875,974.0399169921875,2450.71142578125,1408.922119140625,1375.3284912109375,394.8427734375,3657.97119140625,1370.7620849609375,807.29833984375,2915.1826171875
2025-08-14,1850.5108642578125,979.35205078125,2436.469482421875,1415.3677978515625,1395.6700439453125,392.3160095214844,3641.432861328125,1367.4774169921875,811.9151611328125,2901.83642578125
2025-08-18,1868.781005859375,985.5003662109375,2522.412841796875,1422.606689453125,1384.19775390625,387.4054870605469,3599.938232421875,1375.3409423828125,812.9957275390625,2891.178955078125
2025-08-19,1885.964599609375,979.35205078125,2558.4599609375,1424.29248046875,1388.2469482421875,390.0753173828125,3578.052001953125,1413.564208984375,815.697021484375,2895.9794921875
2025-08-20,1904.4322509765625,977.9256591796875,2622.303466796875,1418.64013671875,1442.427001953125,387.1671142578125,3557.55224609375,1406.4969482421875,814.272705078125,2975.09521484375
2025-08-21,1905.9136962890625,979.4012451171875,2600.891357421875,1433.911376953125,1442.619873046875,386.69036865234375,3577.65576171875,1418.24267578125,811.0802612304688,2978.936279296875
2025-08-22,1909.2713623046875,966.317626953125,2583.11328125,1424.3917236328125,1434.0396728515625,379.77752685546875,3561.018310546875,1402.71435546875,801.7975463867188,2932.273193359375
2025-08-25,1906.70361328125,966.0717163085938,2584.782958984375,1421.2183837890625,1477.0367431640625,380.7787170410156,3568.247802734375,1406.0987548828125,801.9940185546875,3015.421630859375
2025-08-26,1881.0267333984375,957.5625,2644.697998046875,1404.7572021484375,1474.6265869140625,384.5926818847656,3507.04541015625,1378.5262451171875,793.5462646484375,3031.35986328125
2025-08-28,1857.7200927734375,942.2162475585938,2607.17724609375,1387.4034423828125,1446.1868896484375,382.2566223144531,3525.66357421875,1379.521728515625,787.750732421875,2970.390869140625
2025-08-29,1865.324462890625,936.1171264648438,2612.4814453125,1386.1143798828125,1416.782958984375,390.695068359375,3566.16796875,1350.9537353515625,788.291015625,2961.74951171875
2025-09-01,1876.977783203125,935.1333618164062,2602.364501953125,1399.2039794921875,1445.5120849609375,386.9764404296875,3563.593017578125,1347.6689453125,791.7781372070312,2988.537353515625
2025-09-02,1863.7442626953125,929.1326904296875,2629.37548828125,1382.54443359375,1444.837158203125,387.8345947265625,3540.3203125,1360.2109375,789.666259765625,2987.481201171875
2025-09-03,1860.4853515625,938.9207763671875,2617.294189453125,1385.321044921875,1425.9415283203125,392.6020812988281,3565.969970703125,1366.2828369140625,797.7701416015625,2974.0390625
2025-09-04,1857.0289306640625,945.610107421875,2619.16064453125,1393.75,1410.4202880859375,396.5590515136719,3557.849365234375,1353.0440673828125,795.06884765625,2972.310791015625
2025-09-05,1871.74365234375,947.7251586914062,2586.551025390625,1391.0726318359375,1392.681396484375,388.40667724609375,3519.2265625,1368.671875,792.318359375,2926.800537109375
2025-09-08,1864.238037109375,950.2828369140625,2577.219970703125,1390.973388671875,1381.402099609375,388.5973815917969,3495.458740234375,1372.15576171875,794.4794311523438,2898.667724609375
2025-09-09,1870.1634521484375,949.4467163085938,2594.998291015625,1391.9649658203125,1450.2359619140625,390.9811096191406,3490.903076171875,1369.8662109375,794.528564453125,2927.856201171875
2025-09-10,1867.8922119140625,950.1845092773438,2596.471435546875,1392.163330078125,1477.518798828125,393.8415832519531,3515.661376953125,1370.66259765625,803.7130126953125,2986.041259765625
2025-09-11,1889.2236328125,952.0535278320312,2575.353759765625,1389.882568359375,1455.4417724609375,395.74859619140625,3505.4609375,1376.9337158203125,809.0665283203125,2999.6748046875
2025-09-12,1878.952880859375,951.5617065429688,2534.59228515625,1405.847900390625,1470.7703857421875,394.5090637207031,3545.173095703125,1388.579833984375,808.96826171875,3008.50830078125
2025-09-15,1880.829345703125,951.3157348632812,2535.083251953125,1407.5338134765625,1454.1885986328125,393.4601745605469,3551.510986328125,1392.8599853515625,810.1470336914062,2987.865234375
2025-09-16,1915.394287109375,951.1190185546875,2534.985107421875,1409.71533203125,1456.9844970703125,393.8892822265625,3632.32177734375,1398.8323974609375,816.82666015625,3020.318115234375
2025-09-17,1917.1719970703125,950.7747192382812,2523.984130859375,1407.33544921875,1467.685546875,390.2659912109375,3649.8505859375,1407.2933349609375,841.973388671875,3046.338134765625
2025-09-18,1916.974365234375,961.0055541992188,2540.780029296875,1409.814453125,1485.2313232421875,392.4113464355469,3650.345703125,1408.4876708984375,839.222900390625,3050.08251953125
2025-09-19,1938.009765625,951.168212890625,2514.064208984375,1390.4775390625,1484.845703125,391.55322265625,3639.84814453125,1400.9227294921875,847.081298828125,3042.88134765625
2025-09-22,1931.88671875,948.5121459960938,2526.439697265625,1389.783447265625,1445.6083984375,388.0252990722656,3609.2470703125,1384.199951171875,840.1069946289062,2951.283935546875
2025-09-23,1914.604248046875,941.6260375976562,2477.3291015625,1382.6436767578125,1443.6802978515625,384.4496765136719,3622.220458984375,1383.40380859375,855.1851806640625,2940.338134765625
2025-09-24,1907.0986328125,935.5761108398438,2504.143798828125,1371.1405029296875,1440.884521484375,382.35198974609375,3638.263916015625,1376.635009765625,850.8631591796875,2914.41455078125
2025-09-25,1911.542724609375,934.3955688476562,2493.142822265625,1364.29833984375,1431.436767578125,381.49383544921875,3609.14794921875,1366.0838623046875,845.902587890625,2839.523193359375
2025-09-26,1892.7789306640625,929.6737060546875,2467.1142578125,1348.233642578125,1396.8270263671875,386.2613220214844,3693.425048828125,1371.2598876953125,841.7769165039062,2783.54736328125
2025-09-29,1878.557861328125,934.8382568359375,2453.461669921875,1336.829833984375,1389.982177734375,388.3113098144531,3652.722412109375,1366.48193359375,855.3325805664062,2780.6669921875
2025-09-30,1855.0537109375,935.5269165039062,2469.66796875,1336.730712890625,1389.982177734375,382.87640380859375,3623.60693359375,1357.722412109375,857.0025024414062,2773.273193359375
2025-10-01,1844.387939453125,949.5450439453125,2491.080322265625,1360.530029296875,1393.83837890625,386.7380676269531,3634.797607421875,1362.4007568359375,848.80029296875,2798.044921875
2025-10-03,1873.126220703125,949.4467163085938,2499.625244140625,1353.786865234375,1394.609619140625,385.4985046386719,3696.990234375,1357.125244140625,851.9436645507812,2786.235107421875
2025-10-06,1879.4466552734375,957.6116333007812,2496.58056640625,1352.001953125,1422.9530029296875,382.11358642578125,3700.8525390625,1368.671875,858.5741577148438,2869.28759765625
2025-10-07,1905.0247802734375,966.514404296875,2472.418212890625,1364.3974609375,1406.0819091796875,381.2077941894531,3693.623046875,1378.4267578125,849.3897094726562,2855.173583984375
2025-10-08,1919.3446044921875,962.7762451171875,2455.62255859375,1358.8443603515625,1441.2701416015625,381.16009521484375,3693.72216796875,1361.1068115234375,843.0538940429688,2906.541259765625
2025-10-09,1917.86328125,961.2022094726562,2472.811279296875,1364.69482421875,1455.0562744140625,381.3031311035156,3732.740966796875,1371.458984375,846.835693359375,2939.666259765625
2025-10-10,1915.789306640625,964.9404296875,2483.909912109375,1368.7607421875,1460.4549560546875,384.0682373046875,3747.397705078125,1375.3409423828125,865.0573120117188,2907.59716796875
2025-10-13,1930.6029052734375,961.1038818359375,2448.452392578125,1367.8681640625,1439.5347900390625,380.683349609375,3733.0380859375,1368.671875,867.3165893554688,2887.338134765625
2025-10-14,1922.406005859375,961.25146484375,2457.783447265625,1372.52880859375,1436.353515625,378.3472900390625,3708.081787109375,1369.5677490234375,861.4227905273438,2842.3076171875
2025-10-15,1944.0338134765625,962.3335571289062,2474.186279296875,1386.7093505859375,1421.41064453125,381.3031311035156,3791.665283203125,1367.97509765625,870.4107666015625,2862.064208984375
2025-10-16,1942.947509765625,978.1715698242188,2515.93017578125,1405.451416015625,1418.61474609375,386.3089599609375,3824.4453125,1391.8646240234375,871.2457275390625,2862.931396484375
2025-10-17,1986.9931640625,986.2381591796875,2557.37939453125,1424.5899658203125,1389.307373046875,392.98345947265625,3802.261962890625,1410.279541015625,873.4067993164062,2854.73974609375
2025-10-20,2026.0023193359375,986.6316528320312,2548.244873046875,1378.6771240234375,1408.395751953125,393.8415832519531,3835.23974609375,1460.04931640625,891.431884765625,2905.81689453125
2025-10-21,2018.1016845703125,991.3043823242188,2545.5927734375,1370.4464111328125,1419.482421875,393.6509094238281,3850.58984375,1458.4566650390625,891.775634765625,2897.625244140625
2025-10-23,1982.9442138671875,992.386474609375,2555.31689453125,1352.2994384765625,1473.566162109375,396.60675048828125,3880.794921875,1441.7340087890625,895.41015625,2961.713134765625
2025-10-24,2004.0782470703125,978.5650634765625,2471.632568359375,1366.182373046875,1470.57763671875,397.4172058105469,3867.128173828125,1444.9193115234375,888.4849853515625,2952.07568359375
2025-10-27,2054.246826171875,986.6316528320312,2467.1142578125,1366.083251953125,1472.633056640625,401.0881652832031,3885.845703125,1477.2696533203125,906.411865234375,2972.98828125
2025-10-28,2064.22119140625,987.2218627929688,2452.676025390625,1351.7044677734375,1468.4241943359375,398.466064453125,3934.37158203125,1480.056884765625,913.779052734375,2946.968017578125
2025-10-29,2074.4921875,991.451904296875,2443.836181640625,1358.9434814453125,1478.408203125,401.9940185546875,3919.81396484375,1497.277099609375,923.11083984375,2946.67919921875
2025-10-30,2040.618408203125,981.9097900390625,2425.665283203125,1351.0103759765625,1462.1597900390625,399.2765197753906,3948.929443359375,1481.6494140625,917.8064575195312,2925.187744140625
2025-10-31,2028.9649658203125,971.2362670898438,2421.63818359375,1334.0533447265625,1450.9034423828125,400.8021240234375,3991.909423828125,1479.5592041015625,920.4095458984375,2947.064208984375
2025-11-03,2048.22265625,976.499267578125,2416.23583984375,1335.14404296875,1454.0355224609375,394.69976806640625,3941.9970703125,1477.866943359375,932.8847045898438,2907.35888671875
2025-11-04,2087.0341796875,969.2196655273438,2402.1904296875,1325.7235107421875,1436.808349609375,389.88458251953125,3886.439697265625,1466.3203125,940.644775390625,2881.723876953125
2025-11-06,2068.86279296875,968.6294555664062,2392.662841796875,1309.3614501953125,1435.6336669921875,388.5497131347656,3844.053955078125,1489.2144775390625,943.739013671875,2901.6728515625
2025-11-07,1976.327392578125,966.317626953125,2389.693115234375,1331.7724609375,1445.5198974609375,385.2601318359375,3844.945068359375,1471.19775390625,938.92578125,2883.265869140625
2025-11-10,1994.6962890625,968.4818725585938,2384.54541015625,1336.730712890625,1481.4425048828125,386.69036865234375,3880.596923828125,1482.44580078125,934.3090209960938,2915.4541015625
2025-11-11,2016.9166259765625,975.564697265625,2403.05712890625,1346.944580078125,1497.88671875,387.929931640625,3916.74365234375,1486.5269775390625,936.4209594726562,2936.46337890625
2025-11-12,2048.025146484375,973.4005126953125,2400.08740234375,1347.53955078125,1518.8333740234375,388.07293701171875,3916.34765625,1504.5435791015625,940.2028198242188,3018.18701171875
2025-11-13,2065.801513671875,970.596923828125,2383.357666015625,1374.3138427734375,1509.14306640625,386.8334045410156,3963.7841796875,1503.9464111328125,937.1085815429688,2993.033935546875
2025-11-14,2074.5908203125,973.4988403320312,2403.255126953125,1361.521728515625,1470.9691162109375,389.1694641113281,3965.665771484375,1511.9095458984375,950.7133178710938,2993.322998046875
2025-11-17,2085.94775390625,980.3357543945312,2400.582275390625,1367.4715576171875,1475.66748046875,388.1683044433594,3988.740478515625,1511.3123779296875,956.1159057617188,2989.660888671875
2025-11-18,2122.488037109375,976.302490234375,2379.793701171875,1361.9183349609375,1454.91650390625,386.9764404296875,3960.912353515625,1512.4072265625,955.2318725585938,2975.10888671875
2025-11-19,2132.956298828125,978.41748046875,2417.015380859375,1371.5372314453125,1508.4578857421875,384.78338623046875,3980.718994140625,1511.9095458984375,965.3494873046875,3033.510009765625
2025-11-20,2131.474853515625,992.4356689453125,2403.947998046875,1371.4381103515625,1503.955322265625,386.59503173828125,3998.3466796875,1541.9705810546875,964.1707153320312,3030.715576171875
2025-11-21,2135.820068359375,981.8114013671875,2409.19482421875,1358.0509033203125,1512.2752685546875,388.8834228515625,3985.967529296875,1539.4820556640625,955.3792114257812,3036.30517578125
2025-11-24,2125.35205078125,982.8934936523438,2399.790283203125,1356.960205078125,1515.2117919921875,384.78338623046875,3974.47998046875,1528.831298828125,953.4146118164062,3027.24609375
2025-11-25,2134.73388671875,973.6956176757812,2389.792236328125,1346.4488525390625,1498.1802978515625,382.1612854003906,3958.040283203125,1532.61376953125,966.1844482421875,3006.044189453125
2025-11-26,2100.366455078125,987.5662231445312,2400.7802734375,1363.5050048828125,1524.902099609375,383.5915222167969,4022.708740234375,1562.6748046875,966.4791870117188,3048.158935546875
2025-11-27,2089.3056640625,993.0750732421875,2427.013427734375,1380.5611572265625,1533.2220458984375,385.4985046386719,4041.822021484375,1556.2047119140625,955.624755859375,3022.81298828125
2025-11-28,2075.479736328125,991.2059936523438,2441.763671875,1377.189697265625,1527.055419921875,385.4508361816406,4030.2353515625,1560.285888671875,961.6658935546875,3023.68017578125
2025-12-01,2063.7275390625,985.7954711914062,2439.6845703125,1378.478759765625,1530.872802734375,385.4508361816406,4033.80029296875,1558.892333984375,955.870361328125,3019.72900390625
2025-12-02,2077.849853515625,973.6956176757812,2452.850830078125,1361.521728515625,1527.9364013671875,382.3043212890625,3991.513427734375,1539.1834716796875,950.1730346679688,3021.945556640625
2025-12-03,2060.073486328125,984.2214965820312,2423.350830078125,1379.8670654296875,1545.261474609375,381.8752136230469,3949.424560546875,1531.718017578125,934.2107543945312,3064.638427734375
2025-12-04,2077.65234375,980.9752197265625,2437.40771484375,1375.1070556640625,1563.7611083984375,384.3066101074219,3945.067138671875,1528.53271484375,931.31298828125,3112.053466796875
2025-12-05,2082.590087890625,986.9759521484375,2315.052490234375,1380.858642578125,1581.9671630859375,386.1182861328125,3999.138916015625,1533.5096435546875,954.2987060546875,3120.72705078125
2025-12-08,2060.27099609375,986.7791748046875,2290.699951171875,1377.98291015625,1576.681640625,383.5915222167969,3958.040283203125,1535.898681640625,939.466064453125,3119.088623046875
2025-12-09,2063.7275390625,980.8768310546875,2283.275634765625,1363.7032470703125,1565.1314697265625,382.3996276855469,3958.832763671875,1522.3612060546875,942.3638305664062,3091.912109375
2025-12-10,2041.3095703125,973.6956176757812,2278.52392578125,1352.2001953125,1551.2322998046875,384.4019775390625,3952.692626953125,1529.8267822265625,942.7567749023438,3073.5048828125
2025-12-11,2027.68115234375,984.0247802734375,2282.384765625,1348.63037109375,1564.1527099609375,384.16363525390625,3965.170654296875,1537.889404296875,946.1947631835938,3076.10693359375
2025-12-12,2057.505615234375,985.2052612304688,2237.837890625,1354.5802001953125,1564.348388671875,381.49383544921875,4034.69189453125,1549.3365478515625,946.0965576171875,3103.669189453125
2025-12-15,2043.97607421875,979.89306640625,2270.406494140625,1353.786865234375,1572.766357421875,383.5915222167969,4052.7158203125,1549.037841796875,950.1239624023438,3113.017333984375
2025-12-16,2075.87451171875,978.1223754882812,2258.13134765625,1354.5802001953125,1559.1607666015625,383.0194091796875,4024.491455078125,1535.201904296875,944.1319580078125,3088.828125
2025-12-17,2081.800048828125,967.989990234375,2252.686767578125,1341.0938720703125,1568.0679931640625,381.2077941894531,4023.104736328125,1537.292236328125,958.5716552734375,3101.067138671875
2025-12-18,2065.9990234375,963.7599487304688,2242.6884765625,1345.4571533203125,1592.3427734375,381.7798767089844,3992.107666015625,1537.292236328125,960.2415771484375,3161.78173828125
2025-12-19,2071.6279296875,969.465576171875,2257.04248046875,1342.7796630859375,1603.9906005859375,382.3996276855469,4034.097412109375,1557.8968505859375,962.94287109375,3162.938232421875
2025-12-22,2120.907958984375,971.6298217773438,2266.44677734375,1357.059326171875,1653.8125,383.9729309082031,4033.008056640625,1568.1495361328125,957.0491333007812,3204.281982421875
2025-12-23,2096.5146484375,980.3849487304688,2279.414794921875,1351.605224609375,1632.9637451171875,388.40667724609375,4019.539794921875,1563.4710693359375,954.691650390625,3189.92236328125
2025-12-24,2097.304931640625,980.9752197265625,2259.22021484375,1348.43212890625,1628.16748046875,387.6915588378906,4014.39013671875,1551.0286865234375,951.7938842773438,3198.595947265625
2025-12-26,2079.232177734375,975.9581909179688,2262.387939453125,1339.110595703125,1621.0220947265625,385.35546875,4008.15087890625,1552.0240478515625,949.1907348632812,3161.0107421875
2025-12-29,2055.728271484375,975.564697265625,2270.20849609375,1332.070068359375,1609.863525390625,383.8775634765625,3999.634033203125,1538.4866943359375,947.962890625,3133.544677734375
2025-12-30,2073.701904296875,974.7777709960938,2267.1396484375,1331.276611328125,1587.2528076171875,381.9705810546875,4012.805419921875,1532.71337890625,956.2141723632812,3129.01513671875
2025-12-31,2079.429931640625,975.0728759765625,2292.580810546875,1331.67333984375,1581.1842041015625,384.25897216796875,4044.000732421875,1563.172607421875,964.8092651367188,3089.887939453125
